subject,session,condition,smr_snr_abs,hb_residual_above_1f,p_hb,p_smr
sub-004,ses-01,rest,0.045638592962923545,0.019084788895108715,4.566334808982788e-13,7.729650522710795e-13
sub-004,ses-01,task,0.03594719762558287,-0.024208461630791222,4.3685471492230603e-13,6.491868819992214e-13
sub-004,ses-08,rest,0.02804522896164746,0.05302486679488413,5.952666072473345e-13,7.699351155475655e-13
sub-004,ses-08,task,0.024139378062231587,-0.024869189623682526,4.750236462020393e-13,6.046749592950003e-13
sub-005,ses-01,rest,0.050148411351518506,-0.14314238607317134,9.086200844053371e-13,5.085184836420709e-13
sub-005,ses-01,task,0.0442997243541077,-0.1448343487940671,6.856790898896776e-13,4.42695535890035e-13
sub-005,ses-08,rest,0.051280007608121625,0.0009133939595309718,8.192339856438314e-13,3.7227620043643045e-13
sub-005,ses-08,task,0.04595159284750633,-0.04893020759662825,4.911565618972446e-13,3.0687860963075053e-13
sub-012,ses-01,rest,0.03709292122792339,-0.26008159105187695,8.577869799901383e-13,4.0389947851505214e-13
sub-012,ses-01,task,0.04404374061781105,-0.18192323187646045,6.130703348858592e-13,3.631415178814648e-13
sub-012,ses-08,rest,0.03604946998507762,-0.13422068266759954,4.432848500395629e-13,2.908089314580033e-13
sub-012,ses-08,task,0.03730293356861978,-0.1277310642503637,3.848962571876396e-13,2.782647608597815e-13
sub-013,ses-01,rest,0.04831490510217294,-0.021339976993925393,8.346605310229559e-13,6.987574739500596e-13
sub-013,ses-01,task,0.06455873421635626,0.1407129126915358,8.205035457199949e-13,5.839593178566268e-13
sub-013,ses-08,rest,0.050235963825732345,0.04924459110138756,1.1019258757500827e-12,9.143767147891619e-13
sub-013,ses-08,task,0.0583591359448518,0.15678108593876214,9.0142373878003e-13,6.29837346566324e-13
sub-018,ses-01,rest,0.05026246943508992,-0.03852479863392861,3.3324774564770387e-13,3.99909678675032e-13
sub-018,ses-01,task,0.04813948304118178,-0.024591539438740276,3.4587703574566194e-13,3.7902065536738275e-13
sub-018,ses-08,rest,0.031158201905611818,-0.12831149113132967,4.0582710883603513e-13,4.8535431495985e-13
sub-018,ses-08,task,0.03603635586971499,-0.001092375822919929,3.6392355089961057e-13,4.692940643305691e-13
