subject,y_true,y_pred_proba
sub-001,0,0.4620608969483014
sub-001,0,0.37565050062258803
sub-001,0,0.46171183658554077
sub-001,0,0.3453588701289366
sub-001,0,0.33589085005055663
sub-001,1,0.4450335797670289
sub-001,1,0.562489860874124
sub-001,1,0.48870165843018787
sub-001,0,0.38503854852407465
sub-001,0,0.39797293822247437
sub-001,0,0.4260424125255469
sub-001,1,0.49595159130727645
sub-001,0,0.3241160587936301
sub-001,1,0.3485207663465609
sub-001,1,0.6347575707279849
sub-001,0,0.48013714785392275
sub-001,0,0.44412259581894903
sub-001,0,0.3786897111012081
sub-001,1,0.31167052601267853
sub-001,0,0.2824932579719769
sub-001,0,0.39161325113219103
sub-001,0,0.47714412648267934
sub-001,0,0.27273548280082194
sub-001,1,0.4297338111595776
sub-001,1,0.39379291593467686
sub-001,0,0.32762266255624295
sub-001,1,0.3702341393027367
sub-001,0,0.3765577069113602
sub-001,0,0.3865287464051009
sub-001,1,0.4800426380894996
sub-001,1,0.35433343024223235
sub-001,1,0.47461222946232784
sub-001,0,0.3765108846122234
sub-001,0,0.4109811545204802
sub-001,1,0.9050161603200596
sub-001,0,0.4170044023977499
sub-001,1,0.3920988467118417
sub-001,1,0.39429984242432203
sub-001,0,0.3261956512830067
sub-001,0,0.37688285875878963
sub-001,0,0.3853118641079185
sub-001,1,0.7009125433305052
sub-001,0,0.3617299740258698
sub-001,1,0.3155690591124241
sub-001,1,0.4736505294469591
sub-001,1,0.7122329500323707
sub-001,1,0.5905025028941848
sub-001,1,0.626069862976755
sub-001,1,0.4568059816367456
sub-001,1,0.6209491164806588
sub-001,1,0.5716185375417318
sub-001,1,0.6941257910872782
sub-001,0,0.43868103041917983
sub-001,0,0.5424825733675566
sub-001,1,0.5496691391461128
sub-001,1,0.9765678943570856
sub-001,1,0.9443747418774059
sub-001,1,0.8554168850191539
sub-001,1,0.6239438536806531
sub-001,1,0.4683344513835701
sub-001,1,0.6613045576479477
sub-001,0,0.350844816414512
sub-001,0,0.27038252432266924
sub-001,1,0.48394919630118044
sub-001,0,0.4497147776883771
sub-001,1,0.4762955316265798
sub-001,1,0.5574834929568999
sub-001,1,0.975822422817918
sub-001,0,0.41181550056939964
sub-001,1,0.5151106363449522
sub-001,0,0.48218622596014243
sub-001,1,0.6887819326990408
sub-001,0,0.45879093297269014
sub-001,1,0.5688463949310335
sub-001,1,0.4152486439893919
sub-001,1,0.6389401929991465
sub-001,1,0.6293101629619826
sub-001,0,0.46573229251608855
sub-001,1,0.753877668876689
sub-001,0,0.39675192112322133
sub-001,0,0.4026293997697394
sub-001,1,0.6439007821689479
sub-001,1,0.8727870454984739
sub-001,0,0.4280953778921227
sub-001,0,0.4744701238972274
sub-001,0,0.48071823241453665
sub-001,1,0.9999343897633516
sub-001,1,0.9664224089573373
sub-001,0,0.4890248688827946
sub-001,0,0.48908525312620027
sub-001,0,0.5007622913169905
sub-001,0,0.4256457041931085
sub-001,0,0.38058082364734747
sub-001,1,0.6482162429304534
sub-001,0,0.43569034023108627
sub-002,0,0.2725898886536219
sub-002,1,0.37256347196383505
sub-002,0,0.28897077936735505
sub-002,0,0.3158595173043164
sub-002,0,0.27932863680391995
sub-002,0,0.3678827033165681
sub-002,0,0.4400392324364143
sub-002,1,0.3867268742565112
sub-002,0,0.2901863674176168
sub-002,1,0.31967532541243115
sub-002,1,0.4844314072457582
sub-002,1,0.5550114640455667
sub-002,1,0.745916090509416
sub-002,0,0.29582779352697636
sub-002,0,0.3357568896625016
sub-002,0,0.46561577618521344
sub-002,1,0.9792461899096333
sub-002,0,0.28882824668475837
sub-002,1,0.23283159671805884
sub-002,0,0.31467405458307984
sub-002,0,0.2551722451501586
sub-002,0,0.42870906388460966
sub-002,0,0.3088270769275432
sub-002,1,0.546942117202257
sub-002,0,0.2739423733829304
sub-002,0,0.4532589111141574
sub-002,1,0.6281082871131345
sub-002,0,0.29107046012532667
sub-002,1,0.43004810130739635
sub-002,0,0.3131085701648868
sub-002,0,0.28054784047596276
sub-002,1,0.9433928758903372
sub-002,0,0.31004328097970174
sub-002,0,0.28872429579077497
sub-002,1,0.4261029362505395
sub-003,1,0.560345350816199
sub-003,1,0.8067606887727679
sub-003,0,0.465131069124939
sub-003,1,0.7244520035949152
sub-003,1,0.6847031952547382
sub-003,1,0.8298582908777582
sub-003,1,0.8171991676908843
sub-003,0,0.47723884203048217
sub-003,0,0.6997399043520423
sub-003,0,0.6352880050057635
sub-003,0,0.7430211481088732
sub-003,0,0.5144464420686514
sub-003,0,0.6603763974407318
sub-003,1,0.7408123832354144
sub-003,0,0.35214710548980294
sub-003,1,0.7890525851691323
sub-003,0,0.6036166895131225
sub-003,0,0.6639791897153619
sub-003,1,0.6897467821382708
sub-003,0,0.528843971475332
sub-003,0,0.38995451649139956
sub-003,1,0.6014865897006486
sub-003,1,0.7462842930169196
sub-003,1,0.6457604802508855
sub-003,0,0.5412641992039647
sub-003,0,0.4498456930278616
sub-003,0,0.522319376041533
sub-003,1,0.49667118244444103
sub-003,0,0.6644883856579641
sub-003,1,0.6725263490132243
sub-003,0,0.38115975472483965
sub-003,0,0.5545757939350076
sub-003,0,0.37361779796951705
sub-003,0,0.4936259932164933
sub-003,0,0.5350151496256729
sub-003,1,0.5620328664602903
sub-003,0,0.5854646328889798
sub-003,0,0.42231189536611186
sub-003,1,0.7719948456753483
sub-003,0,0.7199829247711504
sub-003,0,0.6185378321233661
sub-003,1,0.6197891850512919
sub-003,0,0.7596874597640985
sub-003,1,0.783204058703448
sub-003,1,0.8025732927565338
sub-003,1,0.8510663023375775
sub-003,1,0.978261415927027
sub-003,1,0.8604052965233779
sub-003,0,0.566952398241539
sub-003,1,0.9078621443482369
sub-003,0,0.8446651474989685
sub-003,0,0.6865585819555281
sub-003,1,0.9998197339036328
sub-003,0,0.7896595495957632
sub-003,0,0.750844336708176
sub-003,1,0.994479473605352
sub-003,1,0.9959425163304861
sub-003,1,0.857970528336054
sub-003,0,0.57994653777992
sub-003,1,0.8472923833059534
sub-003,0,0.709858794615994
sub-003,1,0.9344542746872271
sub-003,1,0.9837375685581102
sub-003,0,0.7905344594211243
sub-003,1,0.9649169985091444
sub-003,1,0.692952163110051
sub-003,0,0.543437892758837
sub-003,1,0.900004556251477
sub-003,1,0.9976328079543294
sub-003,1,0.9935807147410429
sub-003,0,0.5802727234442931
sub-003,0,0.6184401944885103
sub-003,0,0.6387780075461058
sub-003,1,0.8089543794190099
sub-003,1,0.9067454878648434
sub-003,1,0.9300612532025693
sub-003,0,0.34240316524930725
sub-003,0,0.4667894154201708
sub-003,0,0.6829865783293494
sub-003,1,0.9144022243056489
sub-003,1,0.9222578112208226
sub-003,1,0.8328092278523404
sub-003,1,0.9514690074276131
sub-003,1,0.9560895503011542
sub-003,1,0.9117903232277526
sub-003,1,0.8601748246998783
sub-003,1,0.8366016464738103
sub-003,1,0.8748303829556013
sub-003,1,0.9280874061044783
sub-003,1,0.8820136550035227
sub-003,1,0.8283618528028893
sub-003,1,0.9297675936177944
sub-003,1,0.9596885591404292
sub-003,1,0.9827343569041184
sub-003,1,0.867745284457029
sub-003,0,0.5900195183836372
sub-003,0,0.792291547929914
sub-003,1,0.9454602203837588
sub-003,1,0.9776427388698763
sub-004,1,0.6850554739086127
sub-004,0,0.4427742886813285
sub-004,0,0.5663762302025103
sub-004,1,0.7222704341053003
sub-004,0,0.4826602135174607
sub-004,1,0.9981035299982342
sub-004,0,0.6617725628928429
sub-004,0,0.47975404818709433
sub-004,0,0.571471000708505
sub-004,1,0.7689785986276041
sub-004,1,0.7858526784901443
sub-004,0,0.4709925171861836
sub-004,0,0.6429820481176621
sub-004,0,0.7153262284048822
sub-004,1,0.646247567809516
sub-004,0,0.5098892058286434
sub-004,0,0.6940936098546172
sub-004,0,0.6034193603877747
sub-004,0,0.6799786733935219
sub-004,0,0.6541684646238188
sub-004,0,0.557490122893476
sub-004,1,0.9003854990076332
sub-004,1,0.9520632413353419
sub-004,0,0.45376183244310736
sub-004,0,0.5103753835118672
sub-004,0,0.625457488894915
sub-004,0,0.5983830520735869
sub-004,0,0.5484591390237751
sub-004,1,0.6718465737232377
sub-004,0,0.5067167067598451
sub-004,0,0.5865270452330521
sub-004,0,0.6110428241798765
sub-004,1,0.46156797189923143
sub-004,1,0.9607551462243937
sub-004,1,0.8573376758562092
sub-004,0,0.5706560667151408
sub-004,1,0.9291299763583677
sub-004,0,0.5038136054813541
sub-004,1,0.2962714680364443
sub-004,1,0.5525045599073055
sub-004,1,0.5035844526920735
sub-004,1,0.4299450467348966
sub-004,1,0.9695279965479081
sub-004,1,0.918684185148502
sub-004,0,0.5062954405036321
sub-004,0,0.401835229509579
sub-004,0,0.5738622306186887
sub-004,0,0.5981375851968537
sub-004,1,0.3979619521037109
sub-004,1,0.74019031208035
sub-004,0,0.40265253392519934
sub-004,0,0.2795351378048984
sub-004,0,0.40323390872817394
sub-004,1,0.6130277033453382
sub-004,0,0.3331116504204416
sub-004,1,0.5598204783262506
sub-004,0,0.6100187843353261
sub-004,0,0.6457110942708796
sub-004,1,0.41706473254909876
sub-004,0,0.49923928096757114
sub-004,0,0.5983404392474891
sub-004,0,0.5620585154117569
sub-004,1,0.9621113036208635
sub-004,1,0.6304273480291362
sub-004,1,0.8730489869176494
sub-004,0,0.46075067467952563
sub-004,1,0.86101949686877
sub-004,1,0.9667867823867732
sub-005,1,0.3270229161096412
sub-005,1,0.27282674572312376
sub-005,0,0.207796966377831
sub-005,1,0.5156793162442769
sub-005,0,0.21706681909718556
sub-005,1,0.26481517320753145
sub-005,0,0.29012035761344884
sub-005,1,0.6561335671005233
sub-005,1,0.30618137838849985
sub-005,0,0.23272031335468146
sub-005,0,0.22183630937657595
sub-005,1,0.30335364457004255
sub-005,1,0.5311681719294782
sub-005,1,0.46555946088707456
sub-005,0,0.35937327534203206
sub-005,1,0.309835903593407
sub-005,0,0.2341477917373604
sub-005,1,0.812645204535025
sub-005,0,0.22545584796551946
sub-005,0,0.23800959926797152
sub-005,0,0.2434253376283921
sub-005,1,0.5189903000875246
sub-005,1,0.4019943831196003
sub-005,0,0.21822524829350953
sub-005,0,0.2221920617531648
sub-005,0,0.33326903271261893
sub-005,1,0.27417100173429426
sub-005,0,0.21272660857909367
sub-005,1,0.4080383257562139
sub-005,1,0.21050940648984187
sub-005,0,0.2028821880369871
sub-005,0,0.2152095474668106
sub-005,1,0.9999998480000554
sub-005,1,1.0
sub-005,0,0.41365304610130316
sub-005,1,0.9999999999999989
sub-005,1,0.9999558639795519
sub-005,1,0.5083307240282978
sub-005,0,0.3031300560758783
sub-005,0,0.21575515724862943
sub-005,1,0.18300432237746078
sub-005,0,0.20273573399228811
sub-005,1,0.21225461046460586
sub-005,0,0.19374709458779202
sub-005,0,0.24650570219042853
sub-005,1,0.24291774667398303
sub-005,1,0.4087429689049928
sub-005,1,0.356990451648631
sub-005,1,0.23932478726247566
sub-005,1,0.39009084884047923
sub-005,0,0.20295648353327586
sub-005,1,0.9975978900692578
sub-005,1,0.24083847149986246
sub-005,1,0.22093443641091817
sub-005,0,0.1899815067560038
sub-005,0,0.21821090645337796
sub-005,0,0.18676467758337575
sub-005,1,0.5275999702258266
sub-005,0,0.2019025926473728
sub-005,0,0.2318373301157947
sub-005,1,0.20292276642748044
sub-005,1,0.2332300698857868
sub-005,1,0.2825798107520805
sub-005,1,0.1827465645851965
sub-005,1,0.2186144301612181
sub-005,1,0.21062701362919975
sub-005,0,0.22060096492863457
sub-005,1,0.3839776640987855
sub-005,1,0.6459083760652846
sub-005,1,0.2195864033128968
sub-005,0,0.24024459121031444
sub-005,1,0.2074560698430659
sub-005,1,0.25307094046622935
sub-005,0,0.17863913572093848
sub-005,1,0.18582428139711632
sub-005,1,0.22792847252382326
sub-005,1,0.2547822562900755
sub-005,1,0.25438764930446384
sub-005,0,0.19328242910620244
sub-005,0,0.30383835865844316
sub-005,0,0.22123090120506334
sub-006,0,0.2643847666086361
sub-006,0,0.21898077379006214
sub-006,0,0.2580727313145
sub-006,1,0.22954075891495168
sub-006,0,0.23869786692478973
sub-006,0,0.22016556925601496
sub-006,0,0.25643128989276665
sub-006,1,0.26869143943360024
sub-006,0,0.2494486559409853
sub-006,0,0.2170605681781318
sub-006,1,0.28877620257258513
sub-006,0,0.24781132776238288
sub-006,0,0.24776580018182587
sub-006,1,0.2841127961326086
sub-006,1,0.2725012567776843
sub-006,0,0.23734933176787773
sub-006,1,0.26032295494708774
sub-006,0,0.2114831344055678
sub-006,0,0.24906547506310572
sub-006,1,0.32522985763984846
sub-006,1,0.24705838682362452
sub-006,0,0.24803160602781532
sub-006,0,0.26413924143547063
sub-006,1,0.3344146911174949
sub-006,0,0.3670077904541121
sub-006,0,0.20995961395293702
sub-006,1,0.25956037101607904
sub-006,0,0.26165170044712693
sub-006,1,0.39957596490721137
sub-006,0,0.2444354857653543
sub-006,0,0.29985427896531897
sub-006,1,0.42088249712495823
sub-006,1,0.22721295164547656
sub-006,1,0.26577050030493604
sub-006,0,0.33117608151178984
sub-006,1,0.3092457854929877
sub-006,0,0.3040562598535529
sub-006,0,0.23561129896816982
sub-006,0,0.203983874276308
sub-006,1,0.5323067238699258
sub-006,0,0.3750081814873519
sub-006,0,0.4059273091011118
sub-006,0,0.38079833519369544
sub-006,0,0.35568166266628004
sub-006,1,0.5423403479473715
sub-006,0,0.309029359712968
sub-006,0,0.3486291271554438
sub-006,1,0.9990233496275808
sub-006,0,0.38155539937189137
sub-006,0,0.467684386976088
sub-006,0,0.30265304739969995
sub-006,0,0.34192369139010553
sub-006,0,0.41128935322454024
sub-006,0,0.32908749369154633
sub-006,0,0.2892191309272835
sub-007,1,0.6517281912571572
sub-007,1,0.39437944235121053
sub-007,0,0.5141925856588332
sub-007,0,0.42754797952007123
sub-007,0,0.40751602938287135
sub-007,1,0.609764048916781
sub-007,0,0.462163900729936
sub-007,0,0.5987002515289184
sub-007,0,0.46460709218751944
sub-007,0,0.3956889888420613
sub-007,0,0.43022717988108616
sub-007,1,0.4957639788216208
sub-007,0,0.47579358684902734
sub-007,0,0.42580320191152266
sub-007,0,0.40875220849950783
sub-007,0,0.4641184580479956
sub-007,0,0.5340405952989078
sub-007,0,0.5325536311783396
sub-007,0,0.3948755241732044
sub-007,0,0.44757156917321417
sub-007,0,0.5080088130649
sub-007,0,0.41197305660032296
sub-007,1,0.5909766426288297
sub-007,0,0.46639785212682083
sub-007,0,0.42288349948182913
sub-007,1,0.8485796508657132
sub-007,0,0.4799370100032266
sub-007,0,0.4767423914700482
sub-007,0,0.43332708917523244
sub-007,0,0.5155364113144549
sub-007,0,0.4095157844429555
sub-007,0,0.4299294435236727
sub-007,1,0.8312166039710358
sub-007,0,0.469709833381299
sub-007,0,0.5325050154532448
sub-007,0,0.3938413553534215
sub-007,0,0.2615168154985553
sub-007,0,0.23404811584917562
sub-007,1,0.3215010577531337
sub-007,1,0.5219275468966224
sub-007,0,0.2124825704719173
sub-007,0,0.272475191577037
sub-007,0,0.20931733703942237
sub-007,1,0.30572541331703473
sub-007,0,0.2537215488969101
sub-007,1,0.3394354473394453
sub-007,0,0.2171494103626871
sub-007,1,0.27211440210487864
sub-007,1,0.36648391584791196
sub-007,0,0.2645366691088982
sub-007,0,0.2858890601981716
sub-007,0,0.23796904038836555
sub-007,0,0.24919771149057024
sub-007,1,0.2674771347386696
sub-007,0,0.23545870127065097
sub-007,0,0.2492290351511422
sub-007,0,0.20686218841003332
sub-008,1,0.3941409686993665
sub-008,1,0.437576331781633
sub-008,0,0.3996084366282194
sub-008,0,0.30358776943218885
sub-008,0,0.42845454158201224
sub-008,1,0.3401232447340466
sub-008,1,0.42288674144359806
sub-008,1,0.7248926198732678
sub-008,1,0.5140428459746584
sub-008,0,0.5439204049046441
sub-008,0,0.4699577352714616
sub-008,0,0.5040438156118756
sub-008,1,0.7208055329744283
sub-008,1,0.9938520592524324
sub-008,0,0.2990683221042625
sub-008,1,0.5863664568863645
sub-008,1,0.9044201853285255
sub-008,1,0.6771080652486814
sub-008,1,0.6091141905703563
sub-008,1,0.5859008878008026
sub-008,1,0.35321054492000525
sub-008,0,0.3747135863824709
sub-008,0,0.5450551080003149
sub-008,0,0.5630493960242389
sub-008,0,0.4208679070908044
sub-008,1,0.3823992836926079
sub-008,1,0.6159013793888465
sub-008,0,0.45393592684394646
sub-008,0,0.48733149566110207
sub-008,0,0.5642652313397867
sub-008,0,0.3701588072379859
sub-008,0,0.38162319060020655
sub-008,1,0.927937855675627
sub-008,1,0.6801506679713368
sub-008,0,0.432646107977362
sub-008,0,0.3311320207880921
sub-008,0,0.321256987501794
sub-008,0,0.4168434783344526
sub-008,0,0.3510741009123819
sub-008,0,0.57819398928589
sub-008,1,0.9998995156161463
sub-008,1,0.6692570387898771
sub-008,0,0.5744512016781952
sub-008,1,0.7996137121938443
sub-008,0,0.6128811943946392
sub-008,1,0.8908228240019442
sub-008,1,0.8748066094624205
sub-008,1,0.7114297114915388
sub-008,1,0.5342346877397046
sub-008,1,0.6658338412215729
sub-008,1,0.7426963367940524
sub-008,1,0.9303928816784109
sub-008,1,0.8489288261696912
sub-008,0,0.425444919938309
sub-008,0,0.47709026051209574
sub-008,0,0.2576589512924366
sub-008,0,0.6074489347327247
sub-008,0,0.5087354942451852
sub-008,1,0.7708455272902004
sub-008,0,0.6539736558894822
sub-008,1,0.7602310671643332
sub-008,1,0.46325285578255404
sub-008,0,0.6064087139032713
sub-008,1,0.6982668647613773
sub-008,1,0.48592413969096
sub-008,1,0.8705303425695193
sub-008,1,0.6534284404519911
sub-008,1,0.5623823890569021
sub-008,1,0.8007044575153847
sub-008,0,0.5070930316345382
sub-008,1,0.6724353611885321
sub-008,1,0.9198872779935131
sub-008,1,0.7572073130226111
sub-008,0,0.5677337585982546
sub-008,1,0.7649646676140752
sub-008,1,0.9985451497981113
sub-008,1,0.7303396092195481
sub-008,1,0.9742588022344194
sub-008,1,0.4783084253116885
sub-008,1,0.9482257697609286
sub-008,0,0.34048858047895375
sub-008,1,0.9005218931080009
sub-008,0,0.5164739761684974
sub-008,1,0.7121716773050797
sub-008,0,0.5760782766985093
sub-008,0,0.3784186734581717
sub-008,0,0.5118347930182913
sub-008,0,0.3778369077315881
sub-008,1,0.5367455225181761
sub-008,0,0.36421258832869613
sub-008,1,0.8673781836059292
sub-008,1,0.8928553363597777
sub-008,1,0.7886766404385509
sub-008,1,0.6606405032230886
sub-008,0,0.4377532208061186
sub-008,1,0.9671281599469541
sub-008,1,0.46539022999557283
sub-008,0,0.5872691844968981
sub-008,1,0.9923224235299725
sub-008,1,0.9947388039202509
sub-008,1,0.6581982253438673
sub-008,0,0.3552140916121654
sub-008,1,0.9222674626011872
sub-008,1,0.9666240323309279
sub-008,1,0.9598456046221038
sub-008,1,0.6169850457896672
sub-008,1,0.9642098099081141
sub-008,1,0.9679509976464568
sub-008,1,0.8128474022862582
sub-008,1,0.7301163115341753
sub-008,1,0.8706475249969267
sub-008,0,0.4626681527757106
sub-008,1,0.5625498527133218
sub-008,1,0.90420913889356
sub-008,0,0.6896601962733324
sub-008,1,0.9733453547414175
sub-008,0,0.4935249660516082
sub-008,0,0.47413836417909405
sub-008,1,0.953041200509164
sub-008,1,0.9300857681903363
sub-008,1,0.9861894656401723
sub-008,1,0.7989906699224318
sub-008,1,0.6942201029248743
sub-008,0,0.6556519728746524
sub-009,0,0.24120756906305102
sub-009,0,0.24683606434284835
sub-009,0,0.2843894198867523
sub-009,0,0.2686912058998813
sub-009,0,0.30330089228122115
sub-009,1,0.3157314697297002
sub-009,0,0.2507210697151028
sub-009,0,0.24092971741230826
sub-009,0,0.26560236926221653
sub-009,0,0.31162335078681525
sub-009,1,0.8886613794064503
sub-009,1,0.9999963071102289
sub-009,1,0.9999410455302066
sub-009,0,0.22891722636963271
sub-009,0,0.38422250261343754
sub-009,1,0.634716412306643
sub-009,0,0.22587318922868727
sub-009,0,0.2781734335963906
sub-009,1,0.4375909719529321
sub-009,1,0.3249639428185246
sub-009,0,0.2605404129269415
sub-009,1,0.2733828349308739
sub-009,0,0.3699734215895412
sub-009,0,0.3024613062757158
sub-009,0,0.310869963113771
sub-009,0,0.26202813242303835
sub-009,0,0.34250093909687995
sub-009,0,0.2360430375783978
sub-009,1,0.3714695301983869
sub-009,1,0.3068544203037131
sub-009,1,0.49441874794768365
sub-009,0,0.2687976388286483
sub-009,1,0.5176647140192404
sub-009,0,0.26325786350527036
sub-009,0,0.36241041654761286
sub-009,0,0.33793351712715736
sub-009,0,0.349764568404121
sub-009,0,0.26606591589437345
sub-009,1,0.8952422309234702
sub-009,0,0.292783986542699
sub-009,0,0.34853858408784183
sub-009,1,0.4938327780163212
sub-009,0,0.25299460334353985
sub-009,0,0.32408464339449544
sub-009,0,0.2866754553755564
sub-009,1,0.6444713050601069
sub-009,0,0.26441038230076297
sub-009,0,0.2975505856776051
sub-009,0,0.24498812937544745
sub-010,1,0.5939279434670895
sub-010,0,0.5844598168416203
sub-010,1,0.7791088206933185
sub-010,0,0.4098132941435069
sub-010,1,0.49378718557176265
sub-010,0,0.346210431735524
sub-010,0,0.6005998989564304
sub-010,0,0.4910618802275656
sub-010,1,0.7310068614662117
sub-010,1,0.9261307694790979
sub-010,0,0.43802733287974727
sub-010,0,0.5281647978849323
sub-010,1,0.9635156636437816
sub-010,1,0.7612711313569239
sub-010,1,0.5197706224148859
sub-010,1,0.49792007195162763
sub-010,1,0.9999999997608031
sub-010,1,0.7016813966933345
sub-010,0,0.44669624379131145
sub-010,0,0.4810919255190498
sub-010,0,0.4162693644504478
sub-010,1,0.7032083843916855
sub-010,1,0.46736392478814887
sub-010,1,0.7370571430226035
sub-010,1,0.5978272933831875
sub-010,1,0.7443014320471237
sub-010,1,0.8013309610299699
sub-010,1,0.5141186354034212
sub-010,0,0.4298988760736482
sub-010,0,0.5600810844421225
sub-010,1,0.5907814368448128
sub-010,1,0.5741754210291922
sub-010,1,0.6862919357750409
sub-010,1,0.9061931727831344
sub-010,1,0.6178581320577129
sub-010,1,0.8220130940691699
sub-010,1,0.7231825982991511
sub-010,1,0.7835426246199871
sub-010,0,0.9936456084834222
sub-010,0,0.983964723648976
sub-010,0,0.9863351994443742
sub-010,0,0.9881206079432274
sub-010,1,0.997619267969226
sub-010,0,0.9908282473343811
sub-010,1,0.9993772042956197
sub-010,1,0.9984226978962438
sub-010,1,0.9973359937908072
sub-010,1,0.9970975296090393
sub-010,0,0.9896402241894924
sub-010,1,0.9988195790158435
sub-010,1,0.9971501324376938
sub-010,1,0.9993006977927672
sub-010,1,0.9978365459457534
sub-010,1,0.9990909173864326
sub-010,1,0.9997653135560232
sub-010,1,0.9987635185073495
sub-010,1,0.9982409800968199
sub-010,1,0.9996127397020168
sub-010,1,0.9994084023146846
sub-010,1,0.9984981751837563
sub-010,1,0.9982673821528886
sub-010,1,0.998094840423194
sub-010,0,0.9873215051311532
sub-010,0,0.9940595211997957
sub-010,1,0.9963704703952265
sub-010,1,0.9966155590334698
sub-010,0,0.9961807302368226
sub-010,0,0.9978262442075078
sub-010,1,0.9965430114476362
sub-010,1,0.9981468745454934
sub-010,0,0.9796673893958656
sub-010,1,0.9979810317176636
sub-010,0,0.9903604662376574
sub-011,0,0.47940896688664525
sub-011,0,0.2732157082147628
sub-011,1,0.40376854947778007
sub-011,0,0.650333803460221
sub-011,0,0.3488866589304575
sub-011,1,0.5124445945149245
sub-011,1,0.9834251084311691
sub-011,1,0.8080366863845396
sub-011,0,0.5492669292509089
sub-011,0,0.413789008501017
sub-011,0,0.5033456775066085
sub-011,0,0.40374570720079866
sub-011,0,0.3489995182806079
sub-011,1,0.754209464533804
sub-011,1,0.723512349174882
sub-011,0,0.6509432505197378
sub-011,1,0.8963852116776384
sub-011,1,0.43296877370568243
sub-011,0,0.5994461156037701
sub-011,0,0.46542987553455106
sub-011,0,0.34719820461761003
sub-011,0,0.6190156238651809
sub-011,0,0.37875941329025953
sub-011,0,0.29886474769219296
sub-011,0,0.7064589351426528
sub-011,1,0.9575947560371055
sub-011,1,0.9718616153713658
sub-011,0,0.42451325239511295
sub-011,0,0.5396438703447938
sub-011,0,0.41812305372683467
sub-011,1,0.675729266547539
sub-011,0,0.39488724229153377
sub-011,1,0.37638963681354654
sub-011,1,0.4481003371823072
sub-011,0,0.4028919519538173
sub-011,0,0.370500517784247
sub-011,1,0.5053007049048656
sub-011,0,0.28627577744922184
sub-011,0,0.4202864866356707
sub-011,1,0.5114663392902049
sub-011,1,0.640520902733143
sub-011,0,0.5697427942754276
sub-011,1,0.8168560945812237
sub-011,0,0.42949653607483634
sub-011,0,0.437555940679227
sub-011,0,0.3313393507608897
sub-011,0,0.4890044462505915
sub-011,1,0.7175410013418045
sub-011,1,0.5701006495748703
sub-011,0,0.49532391544970217
sub-011,1,0.63162500289859
sub-011,1,0.6656818271769109
sub-011,1,0.9265166492707461
sub-011,1,0.9171858832624079
sub-011,1,0.488521867000644
sub-011,0,0.42877541095443295
sub-011,1,0.6608050697046842
sub-011,0,0.369993536496038
sub-011,1,0.5089553970018329
sub-011,1,0.5553851230557076
sub-011,0,0.3685015987116005
sub-011,0,0.5130788980207925
sub-011,0,0.52658175630168
sub-011,1,0.4554849176005334
sub-011,0,0.4827305426863096
sub-011,0,0.40711467881392344
sub-011,1,0.8367403293493992
sub-011,1,0.6358365894565237
sub-011,1,0.6684052218011358
sub-011,1,0.5915055573362925
sub-011,1,0.3565280730058397
sub-011,1,0.6265792869756823
sub-011,1,0.43865059384243654
sub-011,1,0.5329741548006723
sub-011,0,0.2861149279563521
sub-011,0,0.33611598042165397
sub-011,1,0.550356471757232
sub-011,0,0.29098021227971943
sub-011,1,0.6490879230940031
sub-011,1,0.5295745661679641
sub-011,0,0.5636470999018388
sub-011,0,0.3030912444347562
sub-012,0,0.9097387708913394
sub-012,1,0.9986858616779959
sub-012,0,0.5789523768526419
sub-012,1,0.9999587915315995
sub-012,1,0.9926599089736335
sub-012,1,0.9530937355907256
sub-012,0,0.47352305216266
sub-012,0,0.8385834525935575
sub-012,1,0.9994485536833215
sub-012,0,0.7194639446986502
sub-012,0,0.47956522984060007
sub-012,1,0.9832193867171121
sub-012,1,0.9568210347380351
sub-012,1,0.9918519311500783
sub-012,0,0.7012336254676217
sub-012,1,0.9392724434661477
sub-012,1,0.9727522856161707
sub-012,0,0.8635227219132098
sub-012,1,0.8727261744984871
sub-012,1,0.9998026803711071
sub-012,1,0.47468842081054075
sub-012,0,0.6367243934996281
sub-012,1,0.9886927677408271
sub-012,1,0.8509692423810136
sub-012,0,0.7402549408197158
sub-012,1,0.9998837951886733
sub-012,1,0.9607467776387442
sub-012,1,0.7925241608426572
sub-012,0,0.8817580275613074
sub-012,1,0.6314746018611617
sub-012,1,0.9901136468623276
sub-012,1,0.9830830312941585
sub-012,1,0.988698633887279
sub-012,1,0.7073193485286697
sub-012,1,0.9853551303020515
sub-012,1,0.5865190698388784
sub-012,1,0.9752355505344364
sub-012,1,0.9848047312161895
sub-012,1,0.37182183741221647
sub-012,0,0.4492722173489791
sub-012,0,0.6200169608547048
sub-012,0,0.8341801739394169
sub-012,0,0.7055067680050288
sub-012,0,0.5041608168639683
sub-012,0,0.5640677248296406
sub-012,1,0.9993000090140806
sub-012,1,0.9999999946697824
sub-012,1,0.9998486986562272
sub-012,0,0.8919242301788058
sub-012,0,0.9294078395699625
sub-012,1,0.9900820958738034
sub-012,1,0.9694600727719771
sub-012,0,0.8808724738001183
sub-012,0,0.9492032597509009
sub-012,0,0.7367112590019538
sub-012,1,0.9998435790254984
sub-012,1,0.9649462843066944
sub-012,0,0.9830908557594682
sub-012,1,0.9947306723327889
sub-012,1,0.9999991503444956
sub-012,1,0.9839551910061332
sub-012,0,0.9281449706458381
sub-012,0,0.9716985066270915
sub-012,1,0.9806639903306115
sub-012,1,0.9300243702983326
sub-012,1,0.9983476595345454
sub-012,1,0.9980203169675436
sub-012,0,0.8095305116309184
sub-012,0,0.7949918348900022
sub-012,1,0.9965129461990025
sub-012,1,0.9949464103805041
sub-012,0,0.6925906724378931
sub-012,0,0.9315886130058851
sub-012,1,0.9996081106418735
sub-012,1,0.9999990393414147
sub-012,1,0.9926208481595277
sub-012,1,0.9997468033860899
sub-012,1,0.8876685510834341
sub-012,1,0.9984708651072286
sub-012,0,0.7917865686811087
sub-012,1,0.9984561103540998
sub-012,1,0.9998003052816015
sub-012,0,0.688565861418019
sub-013,0,0.230207388040591
sub-013,0,0.23822065958525868
sub-013,0,0.2743405310241697
sub-013,0,0.18844906076701523
sub-013,0,0.22656492770941744
sub-013,0,0.2235794787112642
sub-013,0,0.20875017193445924
sub-013,0,0.22106647612453492
sub-013,1,0.3142520366928378
sub-013,0,0.2212531171889079
sub-013,0,0.2294369718521574
sub-013,0,0.2622723150537238
sub-013,1,0.39834305994976654
sub-013,0,0.20449907902970652
sub-013,0,0.2479886243928067
sub-013,0,0.21939335160014337
sub-013,1,0.23846612120680571
sub-013,0,0.2145002973549285
sub-013,0,0.23666511925102998
sub-013,0,0.2745710800167165
sub-013,0,0.2274082406224058
sub-013,1,0.4341998274209805
sub-013,1,0.22327519432863407
sub-013,1,0.29884444610875593
sub-013,1,0.8110495235395937
sub-013,1,0.3790014522829417
sub-013,1,0.2962712424995833
sub-013,0,0.27503954220035753
sub-013,0,0.21398965700582462
sub-013,1,0.37224143116679576
sub-013,1,0.27490948338656707
sub-013,1,0.3801754435063656
sub-013,0,0.24234268145312063
sub-013,0,0.23220259007556845
sub-013,1,0.41530710070599847
sub-013,0,0.2527771778186788
sub-013,1,0.5011563806701727
sub-013,0,0.3241845563594623
sub-013,0,0.39390193117288586
sub-013,0,0.4363745362163536
sub-013,0,0.45406692371021423
sub-013,0,0.3657185170731451
sub-013,0,0.5067711364088403
sub-013,0,0.3739143647939559
sub-013,1,0.5994424071805319
sub-013,1,0.49504832991263276
sub-013,0,0.3810593678054457
sub-013,0,0.3429976005579778
sub-013,0,0.29969928451078026
sub-013,1,0.5247284096994834
sub-013,0,0.47451830347391916
sub-013,0,0.3876190715373816
sub-013,0,0.39581203073396704
sub-013,0,0.38269989025193485
sub-013,0,0.4701166848469082
sub-013,1,0.5415487627179265
sub-013,1,0.36482854328097053
sub-013,1,0.6278589595786727
sub-013,1,0.3763593958215452
sub-013,0,0.4222122160440503
sub-013,0,0.38194004685235067
sub-013,1,0.566223276579709
sub-013,0,0.41939290465322354
sub-014,1,0.5071293331876301
sub-014,0,0.2563892556748064
sub-014,0,0.2966295828622709
sub-014,1,0.35229029410824964
sub-014,1,0.33953024153922606
sub-014,1,0.3853300538572097
sub-014,1,0.3807644540857012
sub-014,1,0.3352554055588797
sub-014,0,0.3027339205387675
sub-014,0,0.28915285101995275
sub-014,0,0.3161400668169762
sub-014,0,0.29498367109436135
sub-014,1,0.2883375024739615
sub-014,1,0.38108025495593806
sub-014,1,0.5359150848356327
sub-014,0,0.3442586762882571
sub-014,1,0.3033688291971856
sub-014,0,0.26074788566137536
sub-014,1,0.28597399881687796
sub-014,1,0.6016829322930038
sub-014,1,0.5598854582804476
sub-014,1,0.46664179768965375
sub-014,1,0.35799078593450556
sub-014,0,0.26967214034226633
sub-014,0,0.3205862905299397
sub-014,0,0.29701125596853173
sub-014,1,0.3011508642375163
sub-014,1,0.2632968845223436
sub-014,0,0.30583015111810735
sub-014,0,0.34041379068959093
sub-014,1,0.3014782067806574
sub-014,0,0.3094126418968913
sub-014,1,0.27729939606856435
sub-014,0,0.2531403937575566
sub-014,0,0.2051029088520066
sub-014,0,0.2194783867189339
sub-014,0,0.23723008810701532
sub-014,1,0.23353695521249795
sub-014,0,0.2300564431992188
sub-014,0,0.25780354732026556
sub-014,1,0.32768922109538834
sub-014,1,0.21993236243486217
sub-014,1,0.22119128651152087
sub-014,0,0.20270073678807543
sub-014,0,0.24762761846053918
sub-014,0,0.18588375962967787
sub-014,1,0.21158653813822156
sub-014,0,0.20057975462634392
sub-014,0,0.2039957513704588
sub-014,0,0.2023261990154056
sub-014,1,0.24019963769123373
sub-014,0,0.226131867291842
sub-014,1,0.1995031391871352
sub-015,0,0.18993697889864355
sub-015,0,0.21256645875935962
sub-015,1,0.9878853159987651
sub-015,1,0.28887521224636736
sub-015,1,0.9999992036586598
sub-015,1,0.27316520992803
sub-015,1,0.9457433822301347
sub-015,1,0.3400552365320289
sub-015,0,0.26663923538542017
sub-015,0,0.2649533001294646
sub-015,1,0.9977034682444436
sub-015,1,0.9816256485615333
sub-015,1,0.38343938904912817
sub-015,1,0.2787589023134193
sub-015,1,0.260211847911872
sub-015,1,0.30776864445917396
sub-015,1,0.29012329287095295
sub-015,1,0.9294105647267699
sub-015,1,0.5190924268260465
sub-015,1,0.2918926564627012
sub-015,1,0.378700927289774
sub-015,1,0.4106947585946508
sub-015,0,0.20118976620260073
sub-015,1,0.536971066424572
sub-015,0,0.22147853359751854
sub-015,1,0.3940366603671381
sub-015,1,0.9474019209888502
sub-015,1,0.4127262759335081
sub-015,1,0.6938292239364935
sub-015,1,0.6448763200639069
sub-015,1,0.7311853058121499
sub-015,0,0.2575462282248078
sub-015,1,0.9924692422833624
sub-015,0,0.24932128066918663
sub-015,1,0.6669103560396017
sub-015,1,0.27935379500794777
sub-015,1,0.26200403336156175
sub-015,1,0.44701888922932603
sub-015,1,0.3297886104947044
sub-015,1,0.44660488541392507
sub-015,1,0.3304747781265526
sub-015,1,0.338317975999916
sub-015,1,0.3739882629898236
sub-015,1,0.8367335203543472
sub-015,1,0.8680119669375274
sub-015,1,0.3946169408615069
sub-015,1,0.9999927815102683
sub-015,1,0.2962098165276889
sub-015,1,0.3316510903087647
sub-015,1,0.2742001845165446
sub-015,0,0.3186115742286506
sub-015,1,0.9556890665050607
sub-015,1,0.3399282623491576
sub-015,1,0.9999466954366232
sub-015,0,0.2862011865412971
sub-015,1,0.32311867631196345
sub-015,1,0.9999999999323086
sub-015,0,0.29252800444533694
sub-015,1,0.4374805048182082
sub-015,1,0.3927112094798153
sub-015,1,0.99999970025325
sub-015,1,0.44232243606410016
sub-015,0,0.2132718906794132
sub-015,1,0.9886559697872129
sub-015,1,0.5718701926395325
sub-015,1,0.2962422937859037
sub-015,1,0.34114649054441604
sub-015,0,0.26474692363913077
sub-015,1,0.3780479685847524
sub-015,1,0.25583634215894996
sub-015,1,0.30704454608803244
sub-015,0,0.16208319986069478
sub-015,0,0.19280530661845996
sub-015,1,0.23817013320789648
sub-015,1,0.32443582822034117
sub-015,1,0.171297309479521
sub-015,1,0.18922867884391048
sub-015,1,0.23363500714287985
sub-015,0,0.18518691892149367
sub-015,0,0.1756170114725879
sub-015,0,0.19370834247150304
sub-015,0,0.18206774759747243
sub-015,0,0.16700584327390555
sub-015,1,0.2834459942368944
sub-015,0,0.19459456586207852
sub-015,0,0.1686621817973078
sub-015,0,0.19916802007869103
sub-015,0,0.1672361057953342
sub-015,1,0.3297447745846002
sub-015,1,0.18257851203565226
sub-015,1,0.23062357988954532
sub-015,1,0.22452299919077828
sub-015,0,0.21177761987023452
sub-015,1,0.19463319888693503
sub-015,1,0.2760545657542379
sub-015,0,0.2217259437024266
sub-015,1,0.2391760626502478
sub-015,1,0.24682900789636014
sub-015,0,0.20925992163645304
sub-015,0,0.19472513019647805
sub-015,0,0.19203836683721526
sub-015,0,0.19496931596812941
sub-015,1,0.20078012091599953
sub-015,1,0.15863473197222328
sub-015,0,0.15793995771477554
sub-015,1,0.1827663991309279
sub-015,1,0.1849955418708841
sub-015,1,0.2422102221510858
sub-015,1,0.19664559448851304
sub-015,0,0.20104058982535394
sub-015,1,0.2509970481632603
sub-015,1,0.531726428215618
sub-015,1,0.163535293192723
sub-015,1,0.22415447615722583
sub-015,1,0.23924262114565695
sub-015,1,0.19725740480058732
sub-015,1,0.20183981255217553
sub-015,1,0.49366709858628105
sub-015,1,0.1743617788232183
sub-015,1,0.16720915130417555
sub-015,0,0.16904372648940758
sub-015,0,0.1808273900476657
sub-015,1,0.45256882653943786
sub-015,1,0.24125034926968478
sub-015,1,0.22238652651137428
sub-015,1,0.19433068490781655
sub-015,1,0.32307303348408595
sub-015,1,0.5120469549703969
sub-015,0,0.18508866304489768
sub-015,1,0.266773236715768
sub-015,1,0.3202555085950712
sub-015,1,0.2958722556877409
sub-015,1,0.30745309960200556
sub-015,1,0.27242415764773475
sub-015,1,0.26117428508490104
sub-015,1,0.24858814828010456
sub-015,1,0.24210262489998777
sub-015,1,0.240050145841963
sub-015,1,0.2198407689871215
sub-015,0,0.2122280055148894
sub-015,1,0.32505471751370063
sub-015,1,0.31965929912724167
sub-015,1,0.1884836329594381
sub-015,0,0.20699466592766141
sub-015,0,0.18517489650808208
sub-015,1,0.4050528831056039
sub-016,0,0.20735341892333325
sub-016,0,0.1975459169176916
sub-016,0,0.2319060460703608
sub-016,0,0.2530771815489129
sub-016,0,0.20599167154269477
sub-016,0,0.22234076979263478
sub-016,0,0.28152762603732184
sub-016,1,0.22442515547012654
sub-016,0,0.2522017719447835
sub-016,1,0.21752199162182276
sub-016,1,0.2478459141614261
sub-016,0,0.22591239794252196
sub-016,0,0.24893007138135517
sub-016,0,0.22755891907291007
sub-016,0,0.24615990404777296
sub-016,0,0.2806689757601605
sub-016,0,0.23262024618726446
sub-016,0,0.23030054913629702
sub-016,0,0.22042787747055034
sub-016,0,0.2647149562870533
sub-016,0,0.1885184916568001
sub-016,0,0.2790530811377384
sub-016,1,0.4227561054338064
sub-016,1,0.2428863574034343
sub-016,0,0.22959145450365714
sub-016,1,0.4729626688517966
sub-016,0,0.6100644251848216
sub-016,1,0.7462283941526923
sub-016,0,0.7495207417300528
sub-016,0,0.39299558370080084
sub-016,1,0.7007933573541861
sub-016,1,0.7112464582344636
sub-016,0,0.5283762277708842
sub-016,1,0.7989431058302479
sub-016,1,0.956509757516935
sub-016,1,0.9184547211141754
sub-016,1,0.9596745345985322
sub-016,1,0.9028758392606415
sub-016,1,0.8704661463045966
sub-016,1,0.8372484691958386
sub-016,1,0.7458997571800754
sub-016,1,0.7185269546155618
sub-016,0,0.7048092617857438
sub-016,1,0.748897536473982
sub-016,1,0.9678250294612598
sub-016,1,0.9560569471035273
sub-016,0,0.6723160013458601
sub-016,0,0.40607792527160336
sub-016,1,0.9590099509071885
sub-016,1,0.6489858893591858
sub-016,0,0.7462790040021128
sub-016,1,0.6271292658235628
sub-016,0,0.523211943064361
sub-016,1,0.9103580642618913
sub-016,1,0.9111323526569782
sub-016,1,0.7286310842222978
sub-016,1,0.7894049394791258
sub-016,1,0.8928224742180156
sub-016,0,0.4025990573050837
sub-016,1,0.6428336713898979
sub-016,1,0.960322001966488
sub-016,1,0.7617212674139378
sub-016,1,0.7937840432869435
sub-016,1,0.9128358400330582
sub-016,0,0.5362186995065745
sub-016,1,0.8323789866053554
sub-016,1,0.7769862044848943
sub-016,1,0.8550890012845933
sub-016,1,0.9209704467731434
sub-016,1,0.93833890544899
sub-016,1,0.8927686786007734
sub-016,1,0.891045935771932
sub-016,1,0.8460855495327476
sub-016,1,0.702749577435453
sub-016,0,0.7145831885047905
sub-016,0,0.4585613036123567
sub-017,1,0.2528723489043483
sub-017,0,0.23769701664491588
sub-017,0,0.2343035481642862
sub-017,0,0.22909165760816289
sub-017,0,0.23741797596310457
sub-017,1,0.963206582851891
sub-017,1,0.3127180334170718
sub-017,1,0.9251448471283453
sub-017,1,0.9991682842532278
sub-017,1,0.5334286379140789
sub-017,1,0.8893711650168741
sub-017,1,0.9972589180280431
sub-017,1,0.9827949620665132
sub-017,1,0.5885274341249116
sub-017,1,0.23574057065799808
sub-017,1,0.511103555075342
sub-017,0,0.20744675916915045
sub-017,1,0.2691697247913191
sub-017,0,0.24449263418943465
sub-017,0,0.20822997696429502
sub-017,0,0.28743904470017356
sub-017,1,0.29896738737917683
sub-017,0,0.3043984685882984
sub-017,1,0.23976089602776715
sub-017,1,0.2398111106360362
sub-017,1,0.42803239019471057
sub-017,1,0.2510686961388235
sub-017,1,0.302162300736416
sub-017,1,0.36022152937813895
sub-017,1,0.42328639613262475
sub-017,0,0.23696316702143821
sub-017,1,0.27356750584470557
sub-017,1,0.2327567627941021
sub-017,1,0.19916997555585855
sub-017,0,0.2520599953370184
sub-017,1,0.7178345114757044
sub-017,1,0.5569377824586469
sub-017,0,0.25038196716484123
sub-017,1,0.29341852731464624
sub-017,0,0.2903244611209186
sub-017,1,0.5296558108987952
sub-017,1,0.485280050473218
sub-017,0,0.2692768718041634
sub-017,0,0.263943689487599
sub-017,1,0.7601256773231442
sub-017,1,0.7451304259650408
sub-017,0,0.2938513563299734
sub-017,1,0.32838729397464184
sub-017,1,0.21630178192216062
sub-017,1,0.6156925865630598
sub-017,1,0.47703416566001855
sub-017,1,0.3646521127012766
sub-017,1,0.28443922092747936
sub-017,0,0.31932739354314477
sub-017,1,0.3550750426325648
sub-017,1,0.4008033721753154
sub-017,1,0.647722846186124
sub-017,0,0.27979563290407133
sub-017,1,0.3119362232280684
sub-017,1,0.31150510436462603
sub-017,0,0.29404463686344207
sub-017,1,0.3132109118313009
sub-017,1,0.46429626610707536
sub-017,1,0.7604309659192445
sub-017,1,0.6659541751348873
sub-017,1,0.6850800232951529
sub-017,1,0.7321745403989764
sub-017,1,0.4092927903634064
sub-017,1,0.4239796172301413
sub-017,1,0.7886892565991583
sub-017,1,0.514597011430135
sub-017,1,0.25124633361405035
sub-017,1,0.6720431166705606
sub-017,1,0.2965900675568164
sub-017,1,0.525650293002454
sub-017,1,0.5155031873593606
sub-017,1,0.3812133815478477
sub-017,1,0.30635405808909094
sub-017,1,0.3941208554513505
sub-017,1,0.9199085101794863
sub-017,1,0.3759821085186256
sub-017,1,0.4337868093392381
sub-017,0,0.2426222298204142
sub-017,1,0.37330999925761305
sub-017,1,0.6190393632820008
sub-017,1,0.34655369865630614
sub-017,1,0.7040944007041939
sub-017,1,0.5699344973404092
sub-017,0,0.3019109711613119
sub-017,1,0.2755022020161856
sub-017,1,0.3023986375481892
sub-017,1,0.27528299655158833
sub-017,1,0.3197703553177988
sub-017,1,0.6114546570701302
sub-017,1,0.7158370611189582
sub-017,1,0.390651333159283
sub-017,1,0.33093324599407825
sub-017,1,0.46384543588702787
sub-017,1,0.3110850232517653
sub-017,1,0.2995529475813623
sub-017,1,0.7258899725442449
sub-017,1,0.6780862715195345
sub-017,1,0.6441773192178293
sub-017,1,0.4958539114816018
sub-017,1,0.3766310652621945
sub-017,1,0.4094762989052744
sub-017,1,0.3165352341036989
sub-017,1,0.32030178234817697
sub-017,1,0.3589498957327591
sub-017,1,0.6780248443761051
sub-017,1,0.6358375687815423
sub-017,1,0.3970667580609007
sub-017,1,0.5012458946016586
sub-017,1,0.7590428543384313
sub-017,1,0.45175351264461583
sub-017,1,0.5397945932894073
sub-017,0,0.2918962641750138
sub-017,1,0.8677226063710834
sub-017,1,0.31409757897682045
sub-017,1,0.5228522330187031
sub-017,1,0.38288394048953384
sub-017,1,0.5916755864443423
sub-017,1,0.3562436471683099
sub-017,1,0.6858209164758433
sub-017,1,0.59330502905925
sub-017,1,0.7967111987620037
sub-017,1,0.8182850593364415
sub-017,0,0.30119330621888046
sub-017,1,1.0
sub-017,1,0.9937160197589295
sub-017,1,0.9180596498525208
sub-017,1,0.9406935021168379
sub-017,1,0.7067982978110161
sub-017,1,0.905556081793799
sub-017,1,0.6971966841953823
sub-017,1,0.6004873420884983
sub-017,1,0.5277160361610177
sub-017,1,0.40168412529567893
sub-017,1,0.32757970638141454
sub-017,1,0.3535368677012646
sub-017,1,0.6763893903506699
sub-017,1,0.671568653794593
sub-017,1,0.5336655513753191
sub-017,1,0.6492593676103708
sub-017,1,0.3083048427709394
sub-017,1,0.434786028682014
sub-017,0,0.29911725827444874
sub-017,1,0.41527400950612836
sub-017,1,0.8384273812459931
sub-017,1,0.5666288237986925
sub-017,1,0.37506019254826084
sub-017,1,0.3169468611853767
sub-018,1,0.5103181985371812
sub-018,1,0.5106480316141289
sub-018,1,0.7495012626431241
sub-018,0,0.4881981054733924
sub-018,1,0.6030636722808607
sub-018,1,0.64692134031217
sub-018,1,0.6318895151501678
sub-018,1,0.6511062607287491
sub-018,0,0.4841304016639032
sub-018,1,0.6595568178199145
sub-018,1,0.6128175285976267
sub-018,1,0.5414958731986921
sub-018,1,0.5306294253080632
sub-018,1,0.4796518653245939
sub-018,0,0.5011092213455366
sub-018,1,0.569922950207428
sub-018,1,0.5494708912794471
sub-018,1,0.6304426170544258
sub-018,0,0.4340371232331765
sub-018,1,0.6506558335194399
sub-018,0,0.4948413528372005
sub-018,0,0.44838258646392015
sub-018,1,0.5240166710935444
sub-018,0,0.3225840508066968
sub-018,1,0.6751806483535735
sub-018,1,0.5247335233556801
sub-018,1,0.5129483692319862
sub-018,1,0.4228895361305397
sub-018,0,0.36382415883998775
sub-018,0,0.4811379017928678
sub-018,1,0.4396655049750304
sub-018,0,0.4255013155924343
sub-018,0,0.37682329538288345
sub-018,1,0.5512751207190291
sub-018,0,0.4665184883153664
sub-018,1,0.5449697611513904
sub-018,0,0.3437610842271691
sub-018,1,0.5519972250304346
sub-018,0,0.3101782407044168
sub-018,1,0.4339808901179272
sub-018,1,0.6689406164144628
sub-018,0,0.3097004708964398
sub-018,0,0.36401401906054714
sub-018,0,0.4314919031290077
sub-018,1,0.7122143986272711
sub-018,1,0.6449912127159834
sub-018,0,0.49982463484226064
sub-018,1,0.44455579977302384
sub-018,1,0.8086171920465868
sub-018,1,0.41749254807691527
sub-018,0,0.47504141276970413
sub-018,1,0.6828973957698514
sub-018,1,0.43054501861533395
sub-018,1,0.5726989739315739
sub-018,0,0.2992356228714551
sub-018,0,0.4021635752755539
sub-018,1,0.40944890399086253
sub-018,1,0.4596346456038285
sub-018,0,0.4143127384025239
sub-018,1,0.3998529684550195
sub-018,1,0.525607319429038
sub-018,1,0.24499241400904598
sub-018,0,0.24369411792960152
sub-018,1,0.36996494826359777
sub-018,1,0.27404140220376894
sub-018,0,0.27941329609310306
sub-018,1,0.459209361349303
sub-018,0,0.21626344807132913
sub-018,0,0.21580841957768654
sub-018,0,0.29538334760939733
sub-018,1,0.22865588111034546
sub-018,1,0.22192272098931778
sub-018,1,0.30819348685892306
sub-018,0,0.318419654032222
sub-018,0,0.21696181256360322
sub-018,1,0.2294000620021953
sub-018,1,0.24813450720304311
sub-018,0,0.22175273959652367
sub-018,1,0.2566932748362947
sub-018,0,0.21573775728294345
sub-018,1,0.22282889461021896
sub-018,1,0.23175902599558632
sub-018,1,0.2286335046316317
sub-018,1,0.21270362003234727
sub-018,0,0.2791101720471294
sub-018,0,0.26849674521949274
sub-018,0,0.23848749485732265
sub-018,0,0.28267332221261254
sub-018,0,0.2384699559477934
sub-018,0,0.26590427119008064
sub-018,1,0.21949908944608634
sub-018,0,0.24820258846915008
sub-018,1,0.2477809775834656
sub-018,0,0.24186808536497895
sub-018,0,0.2569225246083022
sub-018,0,0.24328459242674072
sub-018,0,0.2057090665568412
sub-018,0,0.21804731098644176
sub-018,0,0.23034929308393376
sub-018,0,0.19892959322347922
sub-018,0,0.23845784014577293
sub-018,0,0.235279771860458
sub-018,0,0.2569463451531255
sub-018,0,0.24450468404552383
sub-018,1,0.286455380363032
sub-018,1,0.4143513639333122
sub-018,1,0.332185422001579
sub-019,0,0.38310084307688036
sub-019,0,0.25778697545428797
sub-019,1,0.7108413559304644
sub-019,1,0.5160602705261715
sub-019,0,0.2713052587687494
sub-019,0,0.28572374839559883
sub-019,0,0.3846349103224151
sub-019,1,0.9383030821400686
sub-019,1,0.6079853285916169
sub-019,1,0.6267656388031061
sub-019,0,0.43181105469606407
sub-019,0,0.3843146180955346
sub-019,0,0.3456052470943123
sub-019,1,0.34671839838797314
sub-019,1,0.5837547191840428
sub-019,0,0.2633405928704646
sub-019,1,0.2987785810457634
sub-019,0,0.3393472327998282
sub-019,1,0.35097813803568645
sub-019,1,0.6578308555399878
sub-019,0,0.3238256149585847
sub-019,1,0.622208213972528
sub-019,0,0.37086465580864536
sub-019,0,0.2711356674044919
sub-019,0,0.2970790326317581
sub-019,0,0.3656941552459596
sub-019,1,0.4476032623924953
sub-019,1,0.40603039482539965
sub-019,1,0.4587175303192615
sub-019,0,0.4502695550669786
sub-019,0,0.2764056185115131
sub-019,0,0.33120765427049936
sub-019,0,0.560587432180212
sub-019,0,0.42971336198021454
sub-019,0,0.41685207772692756
sub-019,1,0.6278583243284195
sub-019,0,0.3339891648212368
sub-019,1,0.43514450066673144
sub-019,1,0.5836455005364224
sub-019,0,0.3194809512803786
sub-019,0,0.3920940666708286
sub-019,0,0.46485289272189567
sub-019,1,0.5826364539275909
sub-019,1,0.8667972025491014
sub-019,0,0.30442715102991363
sub-019,1,0.538398495301814
sub-019,0,0.3407912179293546
sub-019,1,0.5551010880354448
sub-019,1,0.5435093681125467
sub-019,1,0.5760548931891214
sub-019,1,0.6658911709271391
sub-019,1,0.634000839992648
sub-019,1,0.5543832353039749
sub-019,0,0.3580199337162025
sub-019,0,0.38744728630665953
sub-019,1,0.7945473956084298
sub-019,0,0.42137636641318515
sub-019,0,0.46304907252248906
sub-019,1,0.4886824752743636
sub-019,1,0.885295773347753
sub-019,1,0.7473912188482793
sub-019,0,0.3273311205468169
sub-019,1,0.7510276100187139
sub-019,1,0.7618960324012916
sub-019,0,0.36493679932880824
sub-019,0,0.3137636573086777
sub-020,1,0.8914816995876166
sub-020,1,0.8723434035060846
sub-020,1,0.9313482065281807
sub-020,0,0.6612889704265783
sub-020,0,0.8486594778018263
sub-020,0,0.41086553246494895
sub-020,0,0.7764899735130077
sub-020,0,0.574723713621323
sub-020,1,0.8341796327920469
sub-020,1,0.8416297105190771
sub-020,1,0.9825070444428917
sub-020,1,0.9384121368912841
sub-020,1,0.7199350481899662
sub-020,0,0.5985971101564305
sub-020,0,0.5664282159284783
sub-020,0,0.3913045720686933
sub-020,0,0.4717901920229809
sub-020,0,0.5653609922584961
sub-020,0,0.4433793900734827
sub-020,1,0.5863307542425104
sub-020,1,0.9464984292648362
sub-020,1,0.8291864963940733
sub-020,1,0.888048919331121
sub-020,0,0.7153830763223096
sub-020,1,0.7224293041368901
sub-020,0,0.7098796041133836
sub-020,0,0.5713582815749905
sub-020,1,0.9301573421221625
sub-020,1,0.6046679439687084
sub-020,0,0.3894850462020121
sub-020,1,0.9473087588196532
sub-020,0,0.5826438770237211
sub-020,1,0.7685302179853989
sub-020,1,0.9784132512689502
sub-020,0,0.8180939569897543
sub-020,0,0.45713261481259226
sub-020,0,0.6899473400146641
sub-020,1,0.6601205893425041
sub-020,1,0.9908000896226441
sub-020,1,0.7614422362404303
sub-020,1,0.9334728866886743
sub-020,1,0.8982701161519945
sub-020,1,0.9658399713818132
sub-020,1,0.9223885537454167
sub-020,1,0.9047723538558133
sub-020,1,0.9093355514343399
sub-020,1,0.9897856220789174
sub-020,0,0.4594468119361117
sub-020,1,0.9615721251290699
sub-020,0,0.7912085234993269
sub-020,1,0.9636735372346185
sub-020,0,0.8428364168285775
sub-020,0,0.4601558269647064
sub-020,1,0.9273756121370496
sub-020,0,0.6673975233022139
sub-020,0,0.43886657907679244
sub-020,0,0.6069006248947376
sub-020,0,0.43919541183057503
sub-020,1,0.9969962017635687
sub-020,1,0.5501156662572676
sub-020,1,0.5820547144005539
sub-020,0,0.5343204754918692
sub-020,0,0.5128138979543726
sub-020,0,0.5008756541248032
sub-020,1,0.9303803918733301
sub-020,1,0.7373055749255579
sub-020,1,0.9999242433085467
sub-020,1,0.9999997606806177
sub-020,0,0.5986163981229139
sub-020,1,0.730928400962367
sub-020,1,0.9169891894004963
sub-020,1,0.9990192643306737
sub-020,1,0.949876095699128
sub-020,0,0.5273709323161492
sub-020,0,0.6482042328494776
sub-020,0,0.7437306928119961
sub-020,1,0.993548323699149
sub-020,0,0.5879670908766903
sub-020,0,0.8161898061472623
sub-020,1,0.9927245021966649
sub-020,1,0.9976888539979122
sub-020,0,0.8818222192245435
sub-020,0,0.579088365083123
sub-020,0,0.7720192331379624
sub-020,0,0.5973777759184117
sub-020,0,0.358032834588442
sub-020,1,0.9999999999693618
sub-020,1,0.9994242013598708
sub-020,1,0.7401853749280476
sub-020,1,0.6950068601561169
sub-020,0,0.8585390403118106
sub-020,0,0.5689331567604493
sub-021,1,0.503857404295613
sub-021,0,0.24183839522088993
sub-021,0,0.37249140265147646
sub-021,1,0.9000720034197618
sub-021,1,0.4116613588566433
sub-021,0,0.26839515224920146
sub-021,1,0.5339467941280953
sub-021,1,0.5526799161108238
sub-021,1,0.7163246888318635
sub-021,0,0.35913806047596625
sub-021,0,0.3494658841536246
sub-021,1,0.326945442748731
sub-021,1,0.8623395628498531
sub-021,1,0.31348248294055825
sub-021,0,0.3024810584897307
sub-021,0,0.2308225137129038
sub-021,1,0.9165982304282769
sub-021,0,0.331226345708902
sub-021,1,0.4486216440710011
sub-021,0,0.32780772081814313
sub-021,1,0.5396354366921731
sub-021,1,0.6660512301288215
sub-021,1,0.8072731361920226
sub-021,1,0.8883535277629581
sub-021,1,0.9432659030625365
sub-021,0,0.3071172230647929
sub-021,0,0.43675710337693
sub-021,0,0.3064245520231304
sub-021,0,0.3330861122495649
sub-021,0,0.35885827482932475
sub-021,1,0.9702818234585465
sub-021,1,0.9110590153465509
sub-021,1,0.8660663658472356
sub-021,1,0.6667994282950864
sub-021,1,0.9323242544566959
sub-021,1,0.7165142379515942
sub-021,1,0.8889043170459481
sub-021,1,0.8789530080935675
sub-021,0,0.312644272333077
sub-021,1,0.458826064701682
sub-021,0,0.4203127403840305
sub-021,0,0.36401007630286025
sub-021,0,0.31068349867362216
sub-021,1,0.9454866531096906
sub-021,1,0.2763747448679979
sub-021,1,0.5290738457864901
sub-021,0,0.3352080568976372
sub-021,1,0.32730470746304896
sub-021,1,0.268318897597937
sub-021,1,0.4205722201811565
sub-021,1,0.5308379907072198
sub-021,1,0.9133077373510926
sub-021,1,0.5433599869189207
sub-021,1,0.7406213097230497
sub-021,0,0.4293958935519133
sub-021,0,0.38526477066659465
sub-021,0,0.30866690862678914
sub-021,1,0.4993716641075125
sub-021,1,0.32858184888197
sub-021,1,0.7688271024908381
sub-021,1,0.3328033869088217
sub-021,1,0.48937138384836504
sub-021,0,0.3700916954858294
sub-021,1,0.6127811614560411
sub-021,1,0.43684185468670556
sub-021,1,0.6689270285188483
sub-021,1,0.978841796717467
sub-021,0,0.3882074730335535
sub-021,1,0.533145084436773
sub-021,1,0.8658734690910357
sub-021,0,0.5126765538646456
sub-021,1,0.47921465475752434
sub-021,0,0.5733548779261388
sub-021,1,0.6127833141928746
sub-021,1,0.8731568108016693
sub-021,1,0.854968526908093
sub-021,0,0.4700441557493872
sub-021,1,0.5059867360304648
sub-021,0,0.5061575463687736
sub-021,1,0.4792004963909293
sub-021,0,0.4198179250031072
sub-021,1,0.4867005223892231
sub-021,0,0.542554166687106
sub-021,1,0.7834739975437718
sub-021,1,0.7170393170200039
sub-021,0,0.3186911803172246
sub-021,1,0.5126367690884387
sub-021,1,0.5333915405566215
sub-021,0,0.5437142736605447
sub-021,0,0.39327659625148254
sub-021,0,0.32368050830350426
sub-021,1,0.5608446659301494
sub-021,0,0.4812244726417936
sub-021,1,0.7618331485195305
sub-021,1,0.9289004531808084
sub-021,0,0.4953068440907225
sub-021,1,0.8272107196147094
sub-021,1,0.6739715598040557
sub-021,1,0.4669151674058067
sub-022,1,0.1797827782649601
sub-022,1,0.20292585703306507
sub-022,0,0.20135261071928895
sub-022,1,0.23585387445706962
sub-022,0,0.22452295387628574
sub-022,0,0.2833127957042694
sub-022,0,0.22372748861792063
sub-022,0,0.24241100901818863
sub-022,0,0.23064672061610778
sub-022,0,0.21290934655113064
sub-022,1,0.21297085237644828
sub-022,1,0.23330627957922065
sub-022,1,0.1974089030026156
sub-022,1,0.1804357303014779
sub-022,1,0.29972423402030446
sub-022,1,0.20932332597361622
sub-022,0,0.22267082307942057
sub-022,1,0.19887759075776326
sub-022,1,0.2083835309679194
sub-022,0,0.26023982928698086
sub-022,1,0.19103453916651367
sub-022,1,0.1819590426714668
sub-022,0,0.23477058844740606
sub-022,1,0.2759265806484487
sub-022,1,0.30943304858869386
sub-022,1,0.20102909418460663
sub-022,1,0.30290099547403093
sub-022,0,0.19971681289704232
sub-022,0,0.21406912371257075
sub-022,1,0.5457173708997759
sub-022,1,0.1776480270134847
sub-022,0,0.2026624689158119
sub-022,0,0.24052005449173552
sub-022,1,0.2258770416983078
sub-022,0,0.22883163707286217
sub-022,1,0.2723757420263344
sub-022,1,0.2286501327887947
sub-022,1,0.22557244778641933
sub-022,0,0.19343312217074793
sub-022,0,0.24002585275449403
sub-022,0,0.18818916576226202
sub-022,1,0.3186270414899633
sub-022,0,0.17884806279528287
sub-022,1,0.2897792794207015
sub-022,0,0.189215705573617
sub-022,1,0.20763377010967396
sub-022,1,0.17881263205813935
sub-022,1,0.27463346893485335
sub-022,0,0.235923920481337
sub-022,0,0.21019804759040503
sub-022,0,0.1721861177905619
sub-022,1,0.20078285656927292
sub-022,1,0.19116451057430317
sub-022,1,0.2435002922145888
sub-022,1,0.19925104595533766
sub-022,0,0.1886505794439123
sub-022,1,0.22926765436919092
sub-022,0,0.1922959747510972
sub-022,1,0.17665634091314697
sub-022,1,0.17612376234440905
sub-022,1,0.17859303793320502
sub-022,1,0.19872880062880144
sub-022,1,0.19734343966818416
sub-023,0,0.47197761475799943
sub-023,0,0.35202613504536695
sub-023,1,0.5900307565554588
sub-023,1,0.839059309242557
sub-023,1,0.9711634955712278
sub-023,0,0.7064626892286825
sub-023,1,0.9226713170383858
sub-023,0,0.521949062119589
sub-023,1,0.8216728634568992
sub-023,1,0.9355577762249412
sub-023,1,0.853946008649312
sub-023,1,0.8102114514407479
sub-023,1,0.9713479508542583
sub-023,1,0.9863645925336798
sub-023,0,0.3527293821499565
sub-023,0,0.5360693918407148
sub-023,0,0.23698828860458154
sub-023,1,0.7784091859042972
sub-023,0,0.5469485677772478
sub-023,0,0.2944985308996693
sub-023,1,0.35664885762762116
sub-024,0,0.3581452779601959
sub-024,0,0.2732534106924593
sub-024,1,0.3055184134421696
sub-024,0,0.21359415058530762
sub-024,0,0.3728688250683029
sub-024,0,0.48117096129048526
sub-024,0,0.3216774329117669
sub-024,0,0.3262704035658747
sub-024,0,0.4046068059627973
sub-024,1,0.3552090948437696
sub-024,1,0.36998437902967807
sub-024,1,0.8794922039996244
sub-024,0,0.4006192975019354
sub-024,1,0.37041360803211
sub-024,0,0.45607122257090776
sub-024,1,0.3362642010631359
sub-024,0,0.3045709138443429
sub-024,1,0.2799296859279832
sub-024,1,0.38763346717747693
sub-024,0,0.23804808708966652
sub-024,1,0.3656341348137928
sub-024,0,0.4150189507573455
sub-024,1,0.276113942299258
sub-024,1,0.5720348014747328
sub-024,0,0.39653992293132123
sub-024,0,0.29618417691633875
sub-024,0,0.44637925552039764
sub-024,1,0.8900234937765094
sub-024,0,0.282447591823829
sub-024,1,0.5605185039138945
sub-024,0,0.3771709539010462
sub-024,1,0.6636851388387417
sub-024,0,0.4059109677587899
sub-024,1,0.6143610788463705
sub-024,1,0.299523352479124
sub-024,0,0.4936879511253449
sub-024,1,0.3067185227564316
sub-024,1,0.24875313188230824
sub-024,1,0.3838241857573874
sub-024,0,0.44886100848418164
sub-024,0,0.43961687601158866
sub-024,1,0.32953622309178005
sub-024,0,0.34816531330128814
sub-024,0,0.3945693286061005
sub-024,1,0.356781235458503
sub-024,0,0.5473623271805902
sub-024,1,0.5752549879710804
sub-024,0,0.31748031164693064
sub-024,1,0.5340033032837147
sub-024,0,0.3396581743142606
sub-024,0,0.3936693164887846
sub-024,0,0.31905090497528127
sub-024,1,0.5311112763945326
sub-024,1,0.7213475322140359
sub-024,0,0.37907628671008736
sub-024,0,0.40516840928577347
sub-024,0,0.4402694209381132
sub-024,0,0.38214834175856993
sub-024,0,0.34789192317177
sub-024,0,0.5071594022526202
sub-024,1,0.6109714112904894
sub-024,0,0.4371189557862194
sub-024,1,0.6903826263192072
sub-024,1,0.7838935761511375
sub-024,0,0.40495661518127046
sub-024,1,0.9999990644020311
sub-024,1,0.4087779578246038
sub-024,1,0.7021914494368741
sub-024,0,0.38999678324258424
sub-024,0,0.5160408579932578
sub-024,0,0.4050017627473346
sub-024,1,0.6462977869388578
sub-024,1,0.46156710569306
sub-024,1,0.5469092495943781
sub-024,0,0.44591315420257654
sub-024,1,0.5711034780803226
sub-024,0,0.37884984928296117
sub-024,1,0.5732139402147453
sub-024,1,0.4212240561819373
sub-024,0,0.49997813207416514
sub-025,1,0.9528817958775981
sub-025,0,0.5104626921789992
sub-025,0,0.42584399937051415
sub-025,0,0.564634912368849
sub-025,1,0.6474592639092059
sub-025,0,0.4385107035539418
sub-025,0,0.5182893816901227
sub-025,0,0.5364599814500203
sub-025,0,0.41246952696336275
sub-025,0,0.41930593890225465
sub-025,0,0.5192086403135832
sub-025,1,0.6916140582041155
sub-025,1,0.4595159594879531
sub-025,0,0.3652798898602388
sub-025,0,0.479525350024955
sub-025,1,0.6078111777441626
sub-025,0,0.6108729866031117
sub-025,0,0.5553801487600094
sub-025,0,0.41393639019685374
sub-025,1,0.44249754028951815
sub-025,0,0.4876754380310973
sub-025,1,0.8674611799788298
sub-025,0,0.6626488566371626
sub-025,0,0.5566511754483593
sub-025,1,0.6896633755267235
sub-025,1,0.7067611331965398
sub-025,0,0.5549812351730763
sub-025,1,0.7399646696201542
sub-025,1,0.804836680681081
sub-025,0,0.43179634757293933
sub-025,0,0.4948509303635586
sub-025,1,0.6855728514937952
sub-025,1,0.586604347098213
sub-025,0,0.45267899534334705
sub-025,0,0.22194085300529476
sub-025,0,0.2787555083994286
sub-025,0,0.23332561506193678
sub-025,0,0.23212937142037016
sub-025,0,0.2920988704030574
sub-025,1,0.22382097721606614
sub-025,0,0.27100941128946965
sub-025,0,0.34398701357986416
sub-025,0,0.2576883625147018
sub-025,1,0.30790289478550914
sub-025,0,0.2347553050654708
sub-025,0,0.23813698261797075
sub-025,0,0.2612124542325906
sub-025,1,0.44701929949236974
sub-025,1,0.604853019263108
sub-025,1,0.251634713626637
sub-025,0,0.32097745965817076
sub-025,0,0.23557921209117486
sub-025,0,0.2444699971029688
sub-025,1,0.3976682994404031
sub-025,0,0.23579119695908482
sub-025,0,0.2123140233731516
sub-025,0,0.31238721606808556
sub-025,0,0.3009609169352883
sub-025,0,0.28468884062852406
sub-025,0,0.22515357761684907
sub-025,0,0.23684009306132514
sub-025,0,0.25105017509378874
sub-025,0,0.30195495578620285
sub-025,0,0.25829371726850553
sub-025,0,0.21516257467418692
sub-025,1,0.26858767137925443
sub-025,1,0.41776741702935327
sub-025,1,0.2950332316781305
sub-025,0,0.26379112545824274
sub-025,0,0.25221166608888584
sub-025,0,0.2409588041379769
sub-025,0,0.3273630655086864
sub-025,0,0.23055030528767015
sub-025,0,0.29971184761623093
sub-025,0,0.3114089201105289
sub-025,0,0.27670144260061325
sub-025,0,0.30406625565507484
sub-026,0,0.248734058565843
sub-026,0,0.29924936192235374
sub-026,0,0.29919092960021987
sub-026,0,0.3180303748448542
sub-026,1,0.812086979281981
sub-026,0,0.36839951054363684
sub-026,1,0.31838615037374995
sub-026,1,0.9430049165452402
sub-026,1,0.38966461621837656
sub-026,0,0.3612887082044568
sub-026,1,0.5434912139180286
sub-026,1,0.816602169623786
sub-026,1,0.4514421872665958
sub-026,1,0.6140782097192279
sub-026,0,0.2659023947099538
sub-026,1,0.4740506554625711
sub-026,0,0.4298335140031283
sub-026,1,0.724608580712572
sub-026,0,0.2968629875768683
sub-026,0,0.38231763225988613
sub-026,1,0.8862986291982302
sub-026,0,0.3850453179546103
sub-026,0,0.4955060823266966
sub-026,1,0.4117680724738522
sub-026,1,0.4778732633228367
sub-026,1,0.8198786063371097
sub-026,0,0.2911231336908051
sub-026,0,0.40738699189339544
sub-026,1,0.2917026716277293
sub-026,1,0.32094374306888485
sub-026,0,0.36878874313928
sub-026,1,0.5320348708155983
sub-026,0,0.4230297660487992
sub-026,1,0.48019766893495347
sub-026,1,0.8770647390975236
sub-026,1,0.7551503397362964
sub-026,0,0.340225636035225
sub-026,0,0.3658079261537684
sub-026,0,0.2293137763639354
sub-026,1,0.4685892251512505
sub-026,0,0.3491132705965498
sub-026,1,0.9667446349706571
sub-026,1,0.5206781372203386
sub-026,0,0.40132742438892777
sub-026,1,0.7183736109199942
sub-026,1,0.9353605362622105
sub-026,1,0.5002407686032437
sub-026,1,0.5092158197187007
sub-026,1,0.7351196121259346
sub-026,0,0.3273782228622298
sub-026,0,0.43210815095636423
sub-026,0,0.3319712607403174
sub-026,0,0.362059369553308
sub-026,0,0.3001061753285596
sub-026,0,0.37031452097789713
sub-026,0,0.3045634273701373
sub-026,1,0.39083557790223283
sub-026,0,0.2527356231165722
sub-026,0,0.3031155911104344
sub-026,1,0.5064444315446879
sub-026,1,0.6207996784561509
sub-026,1,0.402770794375344
sub-026,0,0.25860189842635634
sub-026,1,0.686206277779252
sub-026,1,0.43883400399414385
sub-026,0,0.2818716291142465
sub-026,0,0.3725775874103611
sub-026,1,0.5150200916812258
sub-026,0,0.36857265601618233
sub-026,0,0.2599066937072077
sub-026,0,0.2915068924316567
sub-026,1,0.49980593987427807
sub-026,0,0.29564124613295745
sub-026,1,0.6231416318693799
sub-026,1,0.4831573410611232
sub-026,0,0.30526425814306024
sub-026,0,0.3026355741353435
sub-026,0,0.237908684490067
sub-026,0,0.22836604315113807
sub-026,0,0.2477700208977004
sub-026,1,0.35373699950861565
sub-026,0,0.2952340379097658
sub-026,1,0.44377890737983433
sub-026,0,0.3111820406012786
sub-026,1,0.3602355038817969
sub-026,1,0.63089776374807
sub-026,0,0.24420312834350463
sub-026,0,0.22652735681185643
sub-027,1,0.5888702031145628
sub-027,0,0.34402479333432145
sub-027,0,0.3754880924733155
sub-027,1,0.9391308574581438
sub-027,1,0.49805192077011295
sub-027,1,0.6470335797655655
sub-027,0,0.44904781936133553
sub-027,0,0.4481285336068064
sub-027,1,0.7533694009262798
sub-027,1,0.7545209487211476
sub-027,1,0.6947774285387907
sub-027,1,0.6411769105519516
sub-027,1,0.5887441580419185
sub-027,1,0.4926177473627482
sub-027,1,0.9806109909060885
sub-027,1,0.8337076324757764
sub-027,1,0.9448743692107279
sub-027,1,0.6185281179406212
sub-027,1,0.6551021761481637
sub-027,1,0.6194666362073851
sub-027,0,0.41923397649243616
sub-027,0,0.4760227152796297
sub-027,0,0.41334921515887935
sub-027,1,0.46355113419301097
sub-027,1,0.5395731997867638
sub-027,1,0.9163299557047057
sub-027,1,0.9667168675227308
sub-027,1,0.9658773237261971
sub-027,0,0.5334397519600895
sub-027,0,0.472132391425266
sub-027,1,0.8508305929833574
sub-027,1,0.5708820782836073
sub-027,1,0.8343372752085904
sub-027,1,0.879199884373077
sub-027,1,0.6329114880267873
sub-027,1,0.9339574374339619
sub-027,1,0.7538221345007904
sub-027,1,0.7151542968826106
sub-027,0,0.36460255445147605
sub-027,1,0.657471280605294
sub-027,0,0.47423099355078435
sub-027,0,0.48328862479893786
sub-027,1,0.5848416204169453
sub-027,1,0.9985739743876043
sub-027,1,0.9242486949680377
sub-027,0,0.548882292431324
sub-027,1,0.9313100541287818
sub-027,1,0.9069809536162129
sub-027,1,0.8833356027806624
sub-027,1,0.9844463588809151
sub-027,0,0.41755546897231505
sub-027,0,0.5253926992736558
sub-027,0,0.3992092796280995
sub-027,1,0.46430939951034816
sub-027,1,0.6316589509255561
sub-027,1,0.9044935657273883
sub-027,1,0.9785415877636526
sub-027,1,0.9080765864917782
sub-027,1,0.765436941521082
sub-027,1,0.9289169434555423
sub-027,1,0.7529065619266135
sub-027,1,0.9069810710167615
sub-027,1,0.7343691487331677
sub-027,1,0.7573286364043692
sub-027,1,0.6214682283662719
sub-027,0,0.3842938200945494
sub-027,0,0.4670683870047
sub-027,1,0.5388286905125169
sub-027,1,0.9580576076906843
sub-027,1,0.9466426500453395
sub-027,1,0.6235629025085462
sub-027,1,0.5590193324429048
sub-027,0,0.37707490316748044
sub-027,1,0.9272584323694271
sub-027,1,0.6270477475369151
sub-027,1,0.9929952597819033
sub-027,1,0.5687201397290107
sub-027,0,0.4462183099342804
sub-027,1,0.5932938094872849
sub-027,1,0.9598797700111225
sub-027,1,0.5599986821524369
sub-027,1,0.8195324188979067
sub-027,1,0.7171877425450559
sub-027,1,0.7771839113098699
sub-027,1,0.8937889201550805
sub-027,0,0.4053624585007119
sub-027,0,0.48136433951931884
sub-027,1,0.6347445489817523
sub-027,1,0.5485113450031213
sub-027,1,0.8971789282957234
sub-027,1,0.65446728344824
sub-027,1,0.4472759929635143
sub-027,1,0.6685363915207332
sub-027,1,0.6222218097237419
sub-027,1,0.5064705867848719
sub-027,0,0.43852056914989834
sub-027,1,0.6841180834082519
sub-027,1,0.4978285314731424
sub-027,1,0.5139108648128387
sub-027,1,0.9218634781501913
sub-027,1,0.8289154998643158
sub-027,1,0.5821622430069243
sub-027,0,0.3816309408622943
sub-027,1,0.4705647293399607
sub-027,1,0.6041593469934298
sub-027,1,0.49825263900164235
sub-027,1,0.6757791496568406
sub-027,1,0.4630488194579358
sub-027,1,0.6072328534265903
sub-027,0,0.2949503072759163
sub-027,1,0.6139129806389549
sub-027,1,0.5528581149102043
sub-027,1,0.892804476953362
sub-027,1,0.5295929699900763
sub-027,1,0.5887355543450975
sub-027,1,0.5879817708255056
sub-027,1,0.5690867090575875
sub-027,1,0.6296120067596936
sub-027,1,0.6472262427470716
sub-027,1,0.6331669907899814
sub-027,0,0.38733271105136785
sub-027,1,0.5255218986015661
sub-027,1,0.5930149429768669
sub-027,0,0.375544044380801
sub-027,1,0.7775686991183767
sub-027,1,0.500301245867112
sub-027,1,0.5197286625852338
sub-027,0,0.39303657124322405
sub-027,1,0.4264338471772999
sub-027,1,0.4818285508021242
sub-027,1,0.5203000860782874
sub-027,1,0.47230643446763426
sub-027,1,0.6424601941071872
sub-027,1,0.4333384465708671
sub-027,1,0.5187339578669693
sub-027,1,0.5718198682532757
sub-027,1,0.8029010555662286
sub-027,1,0.8727379075590631
sub-027,0,0.30503731112190097
sub-027,0,0.3763986670142266
sub-027,1,0.5923237814784668
sub-027,0,0.29954820742955846
sub-027,0,0.33393815889854267
sub-027,1,0.4776533343967051
sub-027,1,0.5097800209887058
sub-027,1,0.908203849546583
sub-027,1,0.8267944637014333
sub-027,1,0.9001189661229543
sub-027,1,0.5025078981790646
sub-027,1,0.6319109565345554
sub-027,0,0.4157125700038065
sub-027,0,0.37261430652698524
sub-027,1,0.4752242764281456
sub-027,0,0.3207066958938486
sub-027,0,0.37802011953279824
sub-027,0,0.3343164513735131
sub-027,0,0.27821511599808285
sub-027,0,0.4230660574776218
sub-027,1,0.3455810542974391
sub-027,0,0.459335961985345
sub-027,0,0.3487425956129558
sub-027,1,0.5096913146084144
sub-027,1,0.6382508924982284
sub-027,1,0.47011296474903275
sub-027,0,0.38043724979134563
sub-027,1,0.651334163854582
sub-027,1,0.41874032157376284
sub-027,1,0.8599899897871222
sub-027,0,0.40360500244892966
sub-027,1,0.48304294773107553
sub-027,1,0.5805222033637091
sub-027,0,0.3788527386550802
sub-027,0,0.37630118864408185
sub-027,0,0.36663220322393175
sub-027,0,0.4682371569278322
sub-027,1,0.42978413327375997
sub-027,1,0.40801452178754777
sub-027,0,0.4303203407676203
sub-027,0,0.4554869012395603
sub-027,1,0.5527947746658933
sub-027,1,0.29802764576012264
sub-027,1,0.5081213573958228
sub-027,0,0.4021937398531752
sub-027,1,0.6938068058882443
sub-027,1,0.9199463808817858
sub-027,1,0.5197420240493111
sub-027,1,0.7924628305743985
sub-027,1,0.5886177212104646
sub-027,0,0.41806836360948446
sub-028,0,0.5128847238484993
sub-028,0,0.39900027714890046
sub-028,1,0.9261606718479279
sub-028,1,0.9704198816846769
sub-028,0,0.3972274292230018
sub-028,0,0.27928387907016805
sub-028,0,0.4898350127949522
sub-028,1,0.2814238871086451
sub-028,0,0.39273950715986067
sub-028,1,0.6836767573553066
sub-028,0,0.3357137941421747
sub-028,1,0.8148757648413845
sub-028,1,0.312878263144833
sub-028,1,0.4061359697608015
sub-028,0,0.39434500154745405
sub-028,0,0.3900892173709886
sub-028,1,0.6536723253499661
sub-028,1,0.4171008248001529
sub-028,1,0.4467282668007413
sub-028,0,0.4694722904978745
sub-028,0,0.32896367884499295
sub-028,1,0.8491693608914945
sub-028,0,0.33124451525696486
sub-028,0,0.29262234656743846
sub-028,0,0.3782513823375717
sub-028,0,0.3066355341923211
sub-028,1,0.4498149163142911
sub-028,1,0.8092299069298143
sub-028,1,0.383599389008422
sub-028,0,0.30694516051072884
sub-028,0,0.2906987388027013
sub-028,1,0.6167671275899437
sub-028,1,0.8757101964133287
sub-028,0,0.4100682913157114
sub-028,1,0.32738296921691656
sub-028,0,0.22199538389780837
sub-028,1,0.3659404530179651
sub-028,0,0.533535326236739
sub-028,0,0.5817131396770878
sub-028,0,0.3891430772792062
sub-028,0,0.41762192087523964
sub-028,0,0.3721612337386422
sub-028,1,0.8269534286010515
sub-028,1,0.6174799974274001
sub-028,0,0.41016435210884067
sub-028,1,0.44862163994261683
sub-028,0,0.33787432426883873
sub-028,1,0.3796211065531406
sub-028,0,0.37166803687005856
sub-028,1,0.3893316079581341
sub-028,1,0.3166378253274914
sub-028,1,0.36370591403376207
sub-028,1,0.5839489309902073
sub-028,1,0.5426908824406216
sub-028,1,0.4190583338738773
sub-028,1,0.39126132341796543
sub-028,1,0.6285458757652536
sub-028,1,0.48885218903856
sub-028,1,0.4657133084615643
sub-028,1,0.41802637789250985
sub-028,1,0.6237179892858411
sub-028,1,0.4667233180486087
sub-028,1,0.5238456202269923
sub-028,0,0.6453252753159675
sub-028,0,0.42611308562086436
sub-028,1,0.5842994495304398
sub-028,0,0.4404344561736817
sub-028,0,0.40443521241158964
sub-028,1,0.42847946101285594
sub-028,0,0.5920803818791077
sub-028,0,0.5596939457737372
sub-028,1,0.4837372880753939
sub-028,0,0.4275546310923993
sub-028,1,0.6514982936090582
sub-028,0,0.3488259518327812
sub-028,1,0.43251150561022045
sub-029,0,0.5408218631289573
sub-029,1,0.9023151888644848
sub-029,0,0.5057877758016175
sub-029,0,0.36612521470175113
sub-029,0,0.392707090994625
sub-029,1,0.31885079260083143
sub-029,0,0.21958482860031142
sub-029,1,0.4437344166999928
sub-029,0,0.20405303089369423
sub-029,1,0.5496010058274737
sub-029,0,0.2094736648520955
sub-029,0,0.24904767608727404
sub-030,1,0.7719020454568044
sub-030,0,0.5647108338576752
sub-030,0,0.5538170891232099
sub-030,1,0.44660502995855
sub-030,1,0.8066460986432002
sub-030,1,0.9023485097126757
sub-030,0,0.46233450676675997
sub-030,0,0.6632032999863757
sub-030,0,0.6135225731722321
sub-030,0,0.5451886511702071
sub-030,0,0.7283199139488878
sub-030,0,0.5702309998984824
sub-030,1,0.7429245341530045
sub-030,0,0.49875901807652817
sub-030,0,0.5461079993475165
sub-030,0,0.3754026092875233
sub-030,1,0.7318502575543957
sub-030,0,0.5399427313359121
sub-030,1,0.6635530661635317
sub-030,1,0.812726818130394
sub-030,1,0.8458807695293892
sub-030,0,0.3692240366320521
sub-030,0,0.4184167300952179
sub-030,0,0.5813790898230096
sub-030,1,0.744770373579769
sub-030,0,0.5461415263261044
sub-030,1,0.8230262621009893
sub-030,0,0.5198921464922502
sub-030,0,0.47591152602451275
sub-030,1,0.9140073721721993
sub-030,0,0.6244597821471913
sub-030,1,0.9917190230115845
sub-030,0,0.5648215519259464
sub-030,0,0.42687966174484715
sub-030,0,0.5777735126170747
sub-030,1,0.7326975294519618
sub-030,1,0.5879192558783556
sub-030,1,0.7539247320382602
sub-030,0,0.532831071014794
sub-030,0,0.4428452655209541
sub-030,0,0.5751160316974673
sub-030,1,0.8056442148021599
sub-030,1,0.7584386601860633
sub-030,1,0.8640002697312272
sub-030,0,0.6387231736563718
sub-030,1,0.5097177099396376
sub-030,1,0.4558371735075888
sub-030,0,0.7539343664785547
sub-030,0,0.4081325859906066
sub-030,0,0.4811162934999567
sub-030,0,0.6362184649374816
sub-030,1,0.8031790784080491
sub-030,0,0.6708638278932858
sub-030,0,0.5723892186015755
sub-030,0,0.36803008996048764
sub-030,1,0.2233659887742652
sub-030,1,0.251007356141633
sub-030,1,0.3039555963256382
sub-030,0,0.22364707180682122
sub-030,0,0.2706031671129737
sub-030,0,0.24819230523346217
sub-030,0,0.21169781874907723
sub-030,0,0.39003339736235443
sub-030,1,0.2856596622006751
sub-030,0,0.2726728464146521
sub-030,0,0.29306488310334183
sub-030,0,0.34306597607109574
sub-030,0,0.3151588473870475
sub-030,0,0.2589892247701842
sub-030,0,0.33365994458948545
sub-030,0,0.30658826619124857
sub-030,1,0.2271174158279207
sub-030,0,0.21874487700074904
sub-030,1,0.4422089058105535
sub-030,1,0.2540277425576512
sub-030,0,0.42279419024353704
sub-030,0,0.28438354769848306
