n_windows,displayed_reward_windows,displayed_reward_time_percent,displayed_reward_windows_per_min,display_transitions_per_min,median_no_feedback_interval_s,p95_no_feedback_interval_s,longest_no_feedback_interval_s,gaps_gt_5s,gaps_gt_10s,gaps_gt_20s,gaps_gt_30s,time_to_first_displayed_feedback_s,transitions,dataset,subject,session,scheduler,monitor_passing_windows_per_min,availability_retained_relative_to_S0,delay_introduced_s,invalid_input_acceptance_count,deterministic_replay_agreement
118,2,1.694915254237288,2.0338983050847457,2.0338983050847457,0.5,0.5,32.0,2,2,2,1,26.0,2,ds004447,sub-001,ses-01,S2_fixed_1s_all,8.135593220338983,0.25,0.5,0,1.0
118,4,3.389830508474576,4.067796610169491,2.0338983050847457,0.5,0.5,31.0,2,2,2,1,26.0,2,ds004447,sub-001,ses-01,S3_fixed_2s_prop50,8.135593220338983,0.5,1.0,0,1.0
118,0,0.0,0.0,0.0,,,59.0,1,1,1,1,,0,ds004447,sub-001,ses-01,S4_fixed_2s_prop75,8.135593220338983,0.0,1.0,0,1.0
120,0,0.0,0.0,0.0,,,60.0,1,1,1,1,,0,ds004447,sub-001,ses-19,S2_fixed_1s_all,7.0,0.0,0.5,0,1.0
120,4,3.3333333333333335,4.0,1.0,0.5,0.5,58.0,1,1,1,1,0.0,1,ds004447,sub-001,ses-19,S3_fixed_2s_prop50,7.0,0.5714285714285714,1.0,0,1.0
120,0,0.0,0.0,0.0,,,60.0,1,1,1,1,,0,ds004447,sub-001,ses-19,S4_fixed_2s_prop75,7.0,0.0,1.0,0,1.0
118,3,2.5423728813559325,3.050847457627119,6.101694915254238,19.5,33.0,34.0,3,2,1,1,12.0,6,ds004447,sub-002,ses-01,S0_instantaneous,3.050847457627119,1.0,0.0,0,1.0
118,6,5.084745762711865,6.101694915254238,6.101694915254238,0.5,27.699999999999996,33.0,3,2,1,1,12.0,6,ds004447,sub-002,ses-01,S1_fixed_1s_any,3.050847457627119,2.0,0.5,0,1.0
118,0,0.0,0.0,0.0,,,59.0,1,1,1,1,,0,ds004447,sub-002,ses-01,S2_fixed_1s_all,3.050847457627119,0.0,0.5,0,1.0
118,0,0.0,0.0,0.0,,,59.0,1,1,1,1,,0,ds004447,sub-002,ses-01,S3_fixed_2s_prop50,3.050847457627119,0.0,1.0,0,1.0
118,0,0.0,0.0,0.0,,,59.0,1,1,1,1,,0,ds004447,sub-002,ses-01,S4_fixed_2s_prop75,3.050847457627119,0.0,1.0,0,1.0
118,6,5.084745762711865,6.101694915254238,6.101694915254238,0.5,27.999999999999993,33.5,3,2,1,1,12.0,6,ds004447,sub-002,ses-01,S5_reward_hold_1s,3.050847457627119,2.0,1.0,0,1.0
118,12,10.16949152542373,12.203389830508476,6.101694915254238,0.5,18.0,32.5,3,2,1,1,12.0,6,ds004447,sub-002,ses-01,S6_reward_hold_2s,3.050847457627119,4.0,2.0,0,1.0
120,0,0.0,0.0,0.0,,,60.0,1,1,1,1,,0,ds004447,sub-002,ses-19,S2_fixed_1s_all,7.0,0.0,0.5,0,1.0
120,4,3.3333333333333335,4.0,1.0,0.5,0.5,58.0,1,1,1,1,0.0,1,ds004447,sub-002,ses-19,S3_fixed_2s_prop50,7.0,0.5714285714285714,1.0,0,1.0
120,0,0.0,0.0,0.0,,,60.0,1,1,1,1,,0,ds004447,sub-002,ses-19,S4_fixed_2s_prop75,7.0,0.0,1.0,0,1.0
120,2,1.6666666666666667,2.0,2.0,0.5,0.5,33.0,2,2,2,1,26.0,2,ds004447,sub-003,ses-01,S2_fixed_1s_all,20.0,0.1,0.5,0,1.0
120,12,10.0,12.0,6.0,0.5,5.5,32.0,3,2,1,1,12.0,6,ds004447,sub-003,ses-01,S3_fixed_2s_prop50,20.0,0.6,1.0,0,1.0
120,4,3.3333333333333335,4.0,2.0,0.5,0.5,32.0,2,2,2,1,26.0,2,ds004447,sub-003,ses-01,S4_fixed_2s_prop75,20.0,0.2,1.0,0,1.0
120,0,0.0,0.0,0.0,,,60.0,1,1,1,1,,0,ds004447,sub-003,ses-19,S2_fixed_1s_all,14.0,0.0,0.5,0,1.0
120,0,0.0,0.0,0.0,,,60.0,1,1,1,1,,0,ds004447,sub-003,ses-19,S3_fixed_2s_prop50,14.0,0.0,1.0,0,1.0
120,0,0.0,0.0,0.0,,,60.0,1,1,1,1,,0,ds004447,sub-003,ses-19,S4_fixed_2s_prop75,14.0,0.0,1.0,0,1.0
116,6,5.172413793103448,6.206896551724138,6.206896551724138,0.5,24.699999999999996,27.0,4,2,1,0,9.0,6,ds004447,sub-004,ses-01,S2_fixed_1s_all,17.586206896551722,0.35294117647058826,0.5,0,1.0
116,4,3.4482758620689653,4.137931034482759,2.0689655172413794,0.5,0.5,48.0,2,1,1,1,8.0,2,ds004447,sub-004,ses-01,S4_fixed_2s_prop75,17.586206896551722,0.23529411764705882,1.0,0,1.0
120,0,0.0,0.0,0.0,,,60.0,1,1,1,1,,0,ds004447,sub-004,ses-19,S2_fixed_1s_all,11.0,0.0,0.5,0,1.0
120,0,0.0,0.0,0.0,,,60.0,1,1,1,1,,0,ds004447,sub-004,ses-19,S3_fixed_2s_prop50,11.0,0.0,1.0,0,1.0
120,0,0.0,0.0,0.0,,,60.0,1,1,1,1,,0,ds004447,sub-004,ses-19,S4_fixed_2s_prop75,11.0,0.0,1.0,0,1.0
116,0,0.0,0.0,0.0,,,58.0,1,1,1,1,,0,ds004447,sub-005,ses-01,S2_fixed_1s_all,7.241379310344828,0.0,0.5,0,1.0
116,4,3.4482758620689653,4.137931034482759,2.0689655172413794,0.5,0.5,52.0,1,1,1,1,52.0,2,ds004447,sub-005,ses-01,S3_fixed_2s_prop50,7.241379310344828,0.5714285714285714,1.0,0,1.0
116,0,0.0,0.0,0.0,,,58.0,1,1,1,1,,0,ds004447,sub-005,ses-01,S4_fixed_2s_prop75,7.241379310344828,0.0,1.0,0,1.0
120,2,1.6666666666666667,2.0,2.0,0.5,0.5,34.0,2,2,2,1,25.0,2,ds004447,sub-005,ses-19,S2_fixed_1s_all,11.0,0.18181818181818182,0.5,0,1.0
120,12,10.0,12.0,4.0,0.5,4.5,34.0,3,2,1,1,12.0,4,ds004447,sub-005,ses-19,S3_fixed_2s_prop50,11.0,1.0909090909090908,1.0,0,1.0
120,0,0.0,0.0,0.0,,,60.0,1,1,1,1,,0,ds004447,sub-005,ses-19,S4_fixed_2s_prop75,11.0,0.0,1.0,0,1.0
116,2,1.7241379310344827,2.0689655172413794,2.0689655172413794,0.5,0.5,41.0,2,2,1,1,41.0,2,ds004447,sub-006,ses-01,S2_fixed_1s_all,14.482758620689657,0.14285714285714285,0.5,0,1.0
116,0,0.0,0.0,0.0,,,58.0,1,1,1,1,,0,ds004447,sub-006,ses-01,S4_fixed_2s_prop75,14.482758620689657,0.0,1.0,0,1.0
120,0,0.0,0.0,0.0,,,60.0,1,1,1,1,,0,ds004447,sub-006,ses-19,S2_fixed_1s_all,10.0,0.0,0.5,0,1.0
120,4,3.3333333333333335,4.0,2.0,0.5,0.5,42.0,2,2,1,1,16.0,2,ds004447,sub-006,ses-19,S3_fixed_2s_prop50,10.0,0.4,1.0,0,1.0
120,0,0.0,0.0,0.0,,,60.0,1,1,1,1,,0,ds004447,sub-006,ses-19,S4_fixed_2s_prop75,10.0,0.0,1.0,0,1.0
120,4,3.3333333333333335,4.0,3.0,0.5,31.999999999999996,35.0,2,2,2,1,0.0,3,ds004447,sub-007,ses-01,S2_fixed_1s_all,15.0,0.26666666666666666,0.5,0,1.0
120,0,0.0,0.0,0.0,,,60.0,1,1,1,1,,0,ds004447,sub-007,ses-01,S4_fixed_2s_prop75,15.0,0.0,1.0,0,1.0
120,2,1.6666666666666667,2.0,2.0,0.5,0.5,34.0,2,2,2,1,34.0,2,ds004447,sub-007,ses-19,S2_fixed_1s_all,11.0,0.18181818181818182,0.5,0,1.0
120,4,3.3333333333333335,4.0,2.0,0.5,0.5,34.0,2,2,2,1,34.0,2,ds004447,sub-007,ses-19,S3_fixed_2s_prop50,11.0,0.36363636363636365,1.0,0,1.0
120,4,3.3333333333333335,4.0,2.0,0.5,0.5,34.0,2,2,2,1,34.0,2,ds004447,sub-007,ses-19,S4_fixed_2s_prop75,11.0,0.36363636363636365,1.0,0,1.0
116,0,0.0,0.0,0.0,,,58.0,1,1,1,1,,0,ds004447,sub-008,ses-01,S2_fixed_1s_all,10.344827586206897,0.0,0.5,0,1.0
116,8,6.896551724137931,8.275862068965518,4.137931034482759,0.5,13.099999999999987,34.0,2,2,1,1,34.0,4,ds004447,sub-008,ses-01,S3_fixed_2s_prop50,10.344827586206897,0.8,1.0,0,1.0
116,0,0.0,0.0,0.0,,,58.0,1,1,1,1,,0,ds004447,sub-008,ses-01,S4_fixed_2s_prop75,10.344827586206897,0.0,1.0,0,1.0
120,0,0.0,0.0,0.0,,,60.0,1,1,1,1,,0,ds004447,sub-008,ses-19,S2_fixed_1s_all,7.0,0.0,0.5,0,1.0
120,4,3.3333333333333335,4.0,1.0,0.5,0.5,58.0,1,1,1,1,0.0,1,ds004447,sub-008,ses-19,S3_fixed_2s_prop50,7.0,0.5714285714285714,1.0,0,1.0
120,0,0.0,0.0,0.0,,,60.0,1,1,1,1,,0,ds004447,sub-008,ses-19,S4_fixed_2s_prop75,7.0,0.0,1.0,0,1.0
118,0,0.0,0.0,0.0,,,59.0,1,1,1,1,,0,ds004447,sub-009,ses-01,S2_fixed_1s_all,7.118644067796611,0.0,0.5,0,1.0
118,0,0.0,0.0,0.0,,,59.0,1,1,1,1,,0,ds004447,sub-009,ses-01,S3_fixed_2s_prop50,7.118644067796611,0.0,1.0,0,1.0
118,0,0.0,0.0,0.0,,,59.0,1,1,1,1,,0,ds004447,sub-009,ses-01,S4_fixed_2s_prop75,7.118644067796611,0.0,1.0,0,1.0
120,2,1.6666666666666667,2.0,4.0,37.5,37.5,37.0,2,2,2,1,0.5,4,ds004447,sub-009,ses-19,S0_instantaneous,2.0,1.0,0.0,0,1.0
120,4,3.3333333333333335,4.0,3.0,0.5,33.8,37.0,2,2,2,1,0.0,3,ds004447,sub-009,ses-19,S1_fixed_1s_any,2.0,2.0,0.5,0,1.0
120,0,0.0,0.0,0.0,,,60.0,1,1,1,1,,0,ds004447,sub-009,ses-19,S2_fixed_1s_all,2.0,0.0,0.5,0,1.0
120,0,0.0,0.0,0.0,,,60.0,1,1,1,1,,0,ds004447,sub-009,ses-19,S3_fixed_2s_prop50,2.0,0.0,1.0,0,1.0
120,0,0.0,0.0,0.0,,,60.0,1,1,1,1,,0,ds004447,sub-009,ses-19,S4_fixed_2s_prop75,2.0,0.0,1.0,0,1.0
120,4,3.3333333333333335,4.0,4.0,0.5,33.349999999999994,36.5,2,2,2,1,0.5,4,ds004447,sub-009,ses-19,S5_reward_hold_1s,2.0,2.0,1.0,0,1.0
120,8,6.666666666666667,8.0,4.0,0.5,25.349999999999973,35.5,2,2,1,1,0.5,4,ds004447,sub-009,ses-19,S6_reward_hold_2s,2.0,4.0,2.0,0,1.0
116,4,3.4482758620689653,4.137931034482759,4.137931034482759,0.5,8.6,41.0,3,1,1,1,41.0,4,ds004447,sub-010,ses-01,S2_fixed_1s_all,16.551724137931036,0.25,0.5,0,1.0
116,16,13.793103448275861,16.551724137931036,6.206896551724138,0.5,3.099999999999998,38.0,2,1,1,1,38.0,6,ds004447,sub-010,ses-01,S3_fixed_2s_prop50,16.551724137931036,1.0,1.0,0,1.0
116,0,0.0,0.0,0.0,,,58.0,1,1,1,1,,0,ds004447,sub-010,ses-01,S4_fixed_2s_prop75,16.551724137931036,0.0,1.0,0,1.0
120,6,5.0,6.0,6.0,0.5,25.699999999999996,30.0,4,2,1,0,10.0,6,ds004447,sub-010,ses-19,S2_fixed_1s_all,17.0,0.35294117647058826,0.5,0,1.0
120,0,0.0,0.0,0.0,,,60.0,1,1,1,1,,0,ds004447,sub-010,ses-19,S4_fixed_2s_prop75,17.0,0.0,1.0,0,1.0
116,2,1.7241379310344827,2.0689655172413794,2.0689655172413794,0.5,0.5,55.0,1,1,1,1,55.0,2,ds004447,sub-011,ses-01,S2_fixed_1s_all,12.413793103448276,0.16666666666666666,0.5,0,1.0
116,4,3.4482758620689653,4.137931034482759,2.0689655172413794,0.5,0.5,54.0,1,1,1,1,54.0,2,ds004447,sub-011,ses-01,S3_fixed_2s_prop50,12.413793103448276,0.3333333333333333,1.0,0,1.0
116,0,0.0,0.0,0.0,,,58.0,1,1,1,1,,0,ds004447,sub-011,ses-01,S4_fixed_2s_prop75,12.413793103448276,0.0,1.0,0,1.0
120,2,1.6666666666666667,2.0,2.0,0.5,0.5,51.0,2,1,1,1,51.0,2,ds004447,sub-011,ses-19,S2_fixed_1s_all,17.0,0.11764705882352941,0.5,0,1.0
120,8,6.666666666666667,8.0,4.0,0.5,3.299999999999997,44.0,2,1,1,1,44.0,4,ds004447,sub-011,ses-19,S3_fixed_2s_prop50,17.0,0.47058823529411764,1.0,0,1.0
120,0,0.0,0.0,0.0,,,60.0,1,1,1,1,,0,ds004447,sub-011,ses-19,S4_fixed_2s_prop75,17.0,0.0,1.0,0,1.0
116,0,0.0,0.0,0.0,,,58.0,1,1,1,1,,0,ds004447,sub-012,ses-01,S2_fixed_1s_all,12.413793103448276,0.0,0.5,0,1.0
116,0,0.0,0.0,0.0,,,58.0,1,1,1,1,,0,ds004447,sub-012,ses-01,S3_fixed_2s_prop50,12.413793103448276,0.0,1.0,0,1.0
116,0,0.0,0.0,0.0,,,58.0,1,1,1,1,,0,ds004447,sub-012,ses-01,S4_fixed_2s_prop75,12.413793103448276,0.0,1.0,0,1.0
120,2,1.6666666666666667,2.0,2.0,0.5,0.5,51.0,2,1,1,1,51.0,2,ds004447,sub-012,ses-19,S2_fixed_1s_all,17.0,0.11764705882352941,0.5,0,1.0
120,8,6.666666666666667,8.0,4.0,0.5,3.299999999999997,44.0,2,1,1,1,44.0,4,ds004447,sub-012,ses-19,S3_fixed_2s_prop50,17.0,0.47058823529411764,1.0,0,1.0
120,0,0.0,0.0,0.0,,,60.0,1,1,1,1,,0,ds004447,sub-012,ses-19,S4_fixed_2s_prop75,17.0,0.0,1.0,0,1.0
116,0,0.0,0.0,0.0,,,58.0,1,1,1,1,,0,ds004447,sub-013,ses-01,S2_fixed_1s_all,18.620689655172413,0.0,0.5,0,1.0
116,0,0.0,0.0,0.0,,,58.0,1,1,1,1,,0,ds004447,sub-013,ses-01,S4_fixed_2s_prop75,18.620689655172413,0.0,1.0,0,1.0
120,4,3.3333333333333335,4.0,4.0,0.5,28.4,31.0,2,2,2,1,22.0,4,ds004447,sub-013,ses-20,S2_fixed_1s_all,20.0,0.2,0.5,0,1.0
120,4,3.3333333333333335,4.0,2.0,0.5,0.5,54.0,1,1,1,1,54.0,2,ds004447,sub-013,ses-20,S4_fixed_2s_prop75,20.0,0.2,1.0,0,1.0
116,0,0.0,0.0,0.0,,,58.0,1,1,1,1,,0,ds004447,sub-014,ses-01,S2_fixed_1s_all,9.310344827586206,0.0,0.5,0,1.0
116,0,0.0,0.0,0.0,,,58.0,1,1,1,1,,0,ds004447,sub-014,ses-01,S3_fixed_2s_prop50,9.310344827586206,0.0,1.0,0,1.0
116,0,0.0,0.0,0.0,,,58.0,1,1,1,1,,0,ds004447,sub-014,ses-01,S4_fixed_2s_prop75,9.310344827586206,0.0,1.0,0,1.0
120,2,1.6666666666666667,2.0,2.0,0.5,0.5,30.0,2,2,2,0,29.0,2,ds004447,sub-014,ses-19,S2_fixed_1s_all,12.0,0.16666666666666666,0.5,0,1.0
120,0,0.0,0.0,0.0,,,60.0,1,1,1,1,,0,ds004447,sub-014,ses-19,S4_fixed_2s_prop75,12.0,0.0,1.0,0,1.0
116,6,5.172413793103448,6.206896551724138,5.172413793103448,0.5,27.299999999999997,31.0,3,2,1,1,0.0,5,ds004447,sub-015,ses-01,S2_fixed_1s_all,15.517241379310345,0.4,0.5,0,1.0
116,8,6.896551724137931,8.275862068965518,3.103448275862069,0.5,6.099999999999994,46.0,2,1,1,1,0.0,3,ds004447,sub-015,ses-01,S4_fixed_2s_prop75,15.517241379310345,0.5333333333333333,1.0,0,1.0
120,0,0.0,0.0,0.0,,,60.0,1,1,1,1,,0,ds004447,sub-015,ses-19,S2_fixed_1s_all,8.0,0.0,0.5,0,1.0
120,0,0.0,0.0,0.0,,,60.0,1,1,1,1,,0,ds004447,sub-015,ses-19,S3_fixed_2s_prop50,8.0,0.0,1.0,0,1.0
120,0,0.0,0.0,0.0,,,60.0,1,1,1,1,,0,ds004447,sub-015,ses-19,S4_fixed_2s_prop75,8.0,0.0,1.0,0,1.0
116,0,0.0,0.0,0.0,,,58.0,1,1,1,1,,0,ds004447,sub-016,ses-01,S2_fixed_1s_all,13.448275862068966,0.0,0.5,0,1.0
116,8,6.896551724137931,8.275862068965518,4.137931034482759,0.5,1.8999999999999986,32.0,2,2,1,1,32.0,4,ds004447,sub-016,ses-01,S3_fixed_2s_prop50,13.448275862068966,0.6153846153846154,1.0,0,1.0
116,0,0.0,0.0,0.0,,,58.0,1,1,1,1,,0,ds004447,sub-016,ses-01,S4_fixed_2s_prop75,13.448275862068966,0.0,1.0,0,1.0
120,3,2.5,3.0,6.0,10.75,14.575,35.0,3,2,1,1,35.0,6,ds004447,sub-016,ses-18,S0_instantaneous,3.0,1.0,0.0,0,1.0
120,6,5.0,6.0,6.0,0.5,12.7,35.0,2,2,1,1,35.0,6,ds004447,sub-016,ses-18,S1_fixed_1s_any,3.0,2.0,0.5,0,1.0
120,0,0.0,0.0,0.0,,,60.0,1,1,1,1,,0,ds004447,sub-016,ses-18,S2_fixed_1s_all,3.0,0.0,0.5,0,1.0
120,0,0.0,0.0,0.0,,,60.0,1,1,1,1,,0,ds004447,sub-016,ses-18,S3_fixed_2s_prop50,3.0,0.0,1.0,0,1.0
120,0,0.0,0.0,0.0,,,60.0,1,1,1,1,,0,ds004447,sub-016,ses-18,S4_fixed_2s_prop75,3.0,0.0,1.0,0,1.0
120,6,5.0,6.0,6.0,0.5,12.799999999999999,35.0,3,2,1,1,35.0,6,ds004447,sub-016,ses-18,S5_reward_hold_1s,3.0,2.0,1.0,0,1.0
120,12,10.0,12.0,6.0,0.5,9.25,35.0,2,2,1,1,35.0,6,ds004447,sub-016,ses-18,S6_reward_hold_2s,3.0,4.0,2.0,0,1.0
116,2,1.7241379310344827,2.0689655172413794,4.137931034482759,6.5,6.5,40.0,3,2,1,1,40.0,4,ds004447,sub-017,ses-01,S0_instantaneous,2.0689655172413794,1.0,0.0,0,1.0
116,4,3.4482758620689653,4.137931034482759,4.137931034482759,0.5,5.0,40.0,2,2,1,1,40.0,4,ds004447,sub-017,ses-01,S1_fixed_1s_any,2.0689655172413794,2.0,0.5,0,1.0
116,0,0.0,0.0,0.0,,,58.0,1,1,1,1,,0,ds004447,sub-017,ses-01,S2_fixed_1s_all,2.0689655172413794,0.0,0.5,0,1.0
116,0,0.0,0.0,0.0,,,58.0,1,1,1,1,,0,ds004447,sub-017,ses-01,S3_fixed_2s_prop50,2.0689655172413794,0.0,1.0,0,1.0
116,0,0.0,0.0,0.0,,,58.0,1,1,1,1,,0,ds004447,sub-017,ses-01,S4_fixed_2s_prop75,2.0689655172413794,0.0,1.0,0,1.0
116,4,3.4482758620689653,4.137931034482759,4.137931034482759,0.5,5.449999999999999,40.0,3,2,1,1,40.0,4,ds004447,sub-017,ses-01,S5_reward_hold_1s,2.0689655172413794,2.0,1.0,0,1.0
116,8,6.896551724137931,8.275862068965518,4.137931034482759,0.5,3.649999999999997,40.0,2,1,1,1,40.0,4,ds004447,sub-017,ses-01,S6_reward_hold_2s,2.0689655172413794,4.0,2.0,0,1.0
120,0,0.0,0.0,0.0,,,60.0,1,1,1,1,,0,ds004447,sub-017,ses-19,S2_fixed_1s_all,8.0,0.0,0.5,0,1.0
120,0,0.0,0.0,0.0,,,60.0,1,1,1,1,,0,ds004447,sub-017,ses-19,S3_fixed_2s_prop50,8.0,0.0,1.0,0,1.0
120,0,0.0,0.0,0.0,,,60.0,1,1,1,1,,0,ds004447,sub-017,ses-19,S4_fixed_2s_prop75,8.0,0.0,1.0,0,1.0
116,2,1.7241379310344827,2.0689655172413794,2.0689655172413794,0.5,0.5,44.0,2,2,1,1,13.0,2,ds004447,sub-018,ses-01,S2_fixed_1s_all,6.206896551724138,0.3333333333333333,0.5,0,1.0
116,4,3.4482758620689653,4.137931034482759,2.0689655172413794,0.5,0.5,44.0,2,2,1,1,12.0,2,ds004447,sub-018,ses-01,S3_fixed_2s_prop50,6.206896551724138,0.6666666666666666,1.0,0,1.0
116,0,0.0,0.0,0.0,,,58.0,1,1,1,1,,0,ds004447,sub-018,ses-01,S4_fixed_2s_prop75,6.206896551724138,0.0,1.0,0,1.0
120,4,3.3333333333333335,4.0,4.0,0.5,4.1,28.0,2,2,2,0,26.0,4,ds004447,sub-018,ses-19,S2_fixed_1s_all,11.0,0.36363636363636365,0.5,0,1.0
120,0,0.0,0.0,0.0,,,60.0,1,1,1,1,,0,ds004447,sub-018,ses-19,S4_fixed_2s_prop75,11.0,0.0,1.0,0,1.0
116,0,0.0,0.0,0.0,,,58.0,1,1,1,1,,0,ds004447,sub-019,ses-01,S2_fixed_1s_all,9.310344827586206,0.0,0.5,0,1.0
116,4,3.4482758620689653,4.137931034482759,2.0689655172413794,0.5,0.5,30.0,2,2,2,0,26.0,2,ds004447,sub-019,ses-01,S3_fixed_2s_prop50,9.310344827586206,0.4444444444444444,1.0,0,1.0
116,0,0.0,0.0,0.0,,,58.0,1,1,1,1,,0,ds004447,sub-019,ses-01,S4_fixed_2s_prop75,9.310344827586206,0.0,1.0,0,1.0
120,0,0.0,0.0,0.0,,,60.0,1,1,1,1,,0,ds004447,sub-019,ses-19,S2_fixed_1s_all,7.0,0.0,0.5,0,1.0
120,0,0.0,0.0,0.0,,,60.0,1,1,1,1,,0,ds004447,sub-019,ses-19,S3_fixed_2s_prop50,7.0,0.0,1.0,0,1.0
120,0,0.0,0.0,0.0,,,60.0,1,1,1,1,,0,ds004447,sub-019,ses-19,S4_fixed_2s_prop75,7.0,0.0,1.0,0,1.0
120,4,3.3333333333333335,4.0,3.0,0.5,24.799999999999997,31.0,2,2,2,1,0.0,3,ds004447,sub-020,ses-01,S2_fixed_1s_all,12.0,0.3333333333333333,0.5,0,1.0
120,4,3.3333333333333335,4.0,2.0,0.5,0.5,30.0,2,2,2,0,28.0,2,ds004447,sub-020,ses-01,S4_fixed_2s_prop75,12.0,0.3333333333333333,1.0,0,1.0
120,0,0.0,0.0,0.0,,,60.0,1,1,1,1,,0,ds004447,sub-020,ses-19,S2_fixed_1s_all,13.0,0.0,0.5,0,1.0
120,4,3.3333333333333335,4.0,2.0,0.5,0.5,34.0,2,2,2,1,34.0,2,ds004447,sub-020,ses-19,S3_fixed_2s_prop50,13.0,0.3076923076923077,1.0,0,1.0
120,0,0.0,0.0,0.0,,,60.0,1,1,1,1,,0,ds004447,sub-020,ses-19,S4_fixed_2s_prop75,13.0,0.0,1.0,0,1.0
120,0,0.0,0.0,0.0,,,60.0,1,1,1,1,,0,ds004447,sub-021,ses-01,S2_fixed_1s_all,7.0,0.0,0.5,0,1.0
120,0,0.0,0.0,0.0,,,60.0,1,1,1,1,,0,ds004447,sub-021,ses-01,S3_fixed_2s_prop50,7.0,0.0,1.0,0,1.0
120,0,0.0,0.0,0.0,,,60.0,1,1,1,1,,0,ds004447,sub-021,ses-01,S4_fixed_2s_prop75,7.0,0.0,1.0,0,1.0
120,2,1.6666666666666667,2.0,2.0,0.5,0.5,41.0,2,2,1,1,41.0,2,ds004447,sub-021,ses-19,S2_fixed_1s_all,10.0,0.2,0.5,0,1.0
120,4,3.3333333333333335,4.0,2.0,0.5,0.5,40.0,2,2,1,1,40.0,2,ds004447,sub-021,ses-19,S4_fixed_2s_prop75,10.0,0.4,1.0,0,1.0
120,2,1.6666666666666667,2.0,2.0,0.5,0.5,54.0,1,1,1,1,54.0,2,ds004447,sub-022,ses-01,S2_fixed_1s_all,12.0,0.16666666666666666,0.5,0,1.0
120,0,0.0,0.0,0.0,,,60.0,1,1,1,1,,0,ds004447,sub-022,ses-01,S4_fixed_2s_prop75,12.0,0.0,1.0,0,1.0
120,0,0.0,0.0,0.0,,,60.0,1,1,1,1,,0,ds004447,sub-022,ses-19,S2_fixed_1s_all,5.0,0.0,0.5,0,1.0
120,4,3.3333333333333335,4.0,2.0,0.5,0.5,44.0,2,2,1,1,44.0,2,ds004447,sub-022,ses-19,S3_fixed_2s_prop50,5.0,0.8,1.0,0,1.0
120,0,0.0,0.0,0.0,,,60.0,1,1,1,1,,0,ds004447,sub-022,ses-19,S4_fixed_2s_prop75,5.0,0.0,1.0,0,1.0
240,2,0.8333333333333334,1.0,1.0,0.5,0.5,105.0,2,2,1,1,105.0,2,ds004444,sub-001,ses-01,S2_fixed_1s_all,9.5,0.10526315789473684,0.5,0,1.0
240,16,6.666666666666667,8.0,4.0,0.5,35.29999999999998,46.0,4,4,2,1,4.0,8,ds004444,sub-001,ses-01,S3_fixed_2s_prop50,9.5,0.8421052631578947,1.0,0,1.0
240,0,0.0,0.0,0.0,,,120.0,1,1,1,1,,0,ds004444,sub-001,ses-01,S4_fixed_2s_prop75,9.5,0.0,1.0,0,1.0
240,0,0.0,0.0,0.0,,,120.0,1,1,1,1,,0,ds004444,sub-001,ses-16,S2_fixed_1s_all,8.0,0.0,0.5,0,1.0
240,4,1.6666666666666667,2.0,1.0,0.5,0.5,100.0,2,2,1,1,100.0,2,ds004444,sub-001,ses-16,S3_fixed_2s_prop50,8.0,0.25,1.0,0,1.0
240,0,0.0,0.0,0.0,,,120.0,1,1,1,1,,0,ds004444,sub-001,ses-16,S4_fixed_2s_prop75,8.0,0.0,1.0,0,1.0
240,9,3.75,4.5,8.0,8.5,28.949999999999992,33.0,6,5,1,1,17.5,16,ds004444,sub-002,ses-01,S0_instantaneous,4.5,1.0,0.0,0,1.0
240,18,7.5,9.0,8.0,0.5,23.09999999999999,33.0,6,5,1,1,17.0,16,ds004444,sub-002,ses-01,S1_fixed_1s_any,4.5,2.0,0.5,0,1.0
240,0,0.0,0.0,0.0,,,120.0,1,1,1,1,,0,ds004444,sub-002,ses-01,S2_fixed_1s_all,4.5,0.0,0.5,0,1.0
240,4,1.6666666666666667,2.0,1.0,0.5,0.5,68.0,2,2,2,2,50.0,2,ds004444,sub-002,ses-01,S3_fixed_2s_prop50,4.5,0.4444444444444444,1.0,0,1.0
240,0,0.0,0.0,0.0,,,120.0,1,1,1,1,,0,ds004444,sub-002,ses-01,S4_fixed_2s_prop75,4.5,0.0,1.0,0,1.0
240,17,7.083333333333333,8.5,8.0,0.5,23.25,32.5,6,5,1,1,17.5,16,ds004444,sub-002,ses-01,S5_reward_hold_1s,4.5,1.8888888888888888,1.0,0,1.0
240,32,13.333333333333334,16.0,7.0,0.5,16.75,31.5,6,5,1,1,17.5,14,ds004444,sub-002,ses-01,S6_reward_hold_2s,4.5,3.5555555555555554,2.0,0,1.0
240,0,0.0,0.0,0.0,,,120.0,1,1,1,1,,0,ds004444,sub-002,ses-16,S2_fixed_1s_all,5.5,0.0,0.5,0,1.0
240,0,0.0,0.0,0.0,,,120.0,1,1,1,1,,0,ds004444,sub-002,ses-16,S3_fixed_2s_prop50,5.5,0.0,1.0,0,1.0
240,0,0.0,0.0,0.0,,,120.0,1,1,1,1,,0,ds004444,sub-002,ses-16,S4_fixed_2s_prop75,5.5,0.0,1.0,0,1.0
240,2,0.8333333333333334,1.0,1.0,0.5,0.5,78.0,2,2,2,2,41.0,2,ds004444,sub-003,ses-01,S2_fixed_1s_all,8.0,0.125,0.5,0,1.0
240,8,3.3333333333333335,4.0,2.0,0.5,35.499999999999964,50.0,3,3,3,2,40.0,4,ds004444,sub-003,ses-01,S3_fixed_2s_prop50,8.0,0.5,1.0,0,1.0
240,0,0.0,0.0,0.0,,,120.0,1,1,1,1,,0,ds004444,sub-003,ses-01,S4_fixed_2s_prop75,8.0,0.0,1.0,0,1.0
240,13,5.416666666666667,6.5,12.0,4.25,32.19999999999998,46.0,6,3,1,1,3.0,24,ds004444,sub-003,ses-16,S0_instantaneous,6.5,1.0,0.0,0,1.0
240,24,10.0,12.0,9.0,0.5,18.999999999999993,46.0,6,3,1,1,3.0,18,ds004444,sub-003,ses-16,S1_fixed_1s_any,6.5,1.8461538461538463,0.5,0,1.0
240,2,0.8333333333333334,1.0,1.0,0.5,0.5,115.0,1,1,1,1,115.0,2,ds004444,sub-003,ses-16,S2_fixed_1s_all,6.5,0.15384615384615385,0.5,0,1.0
240,8,3.3333333333333335,4.0,2.0,0.5,66.29999999999993,94.0,2,2,1,1,18.0,4,ds004444,sub-003,ses-16,S3_fixed_2s_prop50,6.5,0.6153846153846154,1.0,0,1.0
240,0,0.0,0.0,0.0,,,120.0,1,1,1,1,,0,ds004444,sub-003,ses-16,S4_fixed_2s_prop75,6.5,0.0,1.0,0,1.0
240,25,10.416666666666668,12.5,11.0,0.5,19.24999999999999,45.5,6,3,1,1,3.0,22,ds004444,sub-003,ses-16,S5_reward_hold_1s,6.5,1.9230769230769231,1.0,0,1.0
240,44,18.333333333333332,22.0,7.0,0.5,13.29999999999999,44.5,4,3,1,1,3.0,14,ds004444,sub-003,ses-16,S6_reward_hold_2s,6.5,3.3846153846153846,2.0,0,1.0
240,0,0.0,0.0,0.0,,,120.0,1,1,1,1,,0,ds004444,sub-004,ses-01,S2_fixed_1s_all,11.0,0.0,0.5,0,1.0
240,0,0.0,0.0,0.0,,,120.0,1,1,1,1,,0,ds004444,sub-004,ses-01,S3_fixed_2s_prop50,11.0,0.0,1.0,0,1.0
240,0,0.0,0.0,0.0,,,120.0,1,1,1,1,,0,ds004444,sub-004,ses-01,S4_fixed_2s_prop75,11.0,0.0,1.0,0,1.0
240,14,5.833333333333333,7.0,14.0,4.5,20.49999999999997,32.0,8,4,1,1,11.5,28,ds004444,sub-004,ses-16,S0_instantaneous,7.0,1.0,0.0,0,1.0
240,28,11.666666666666666,14.0,11.0,0.5,11.5,32.0,7,4,1,1,11.0,22,ds004444,sub-004,ses-16,S1_fixed_1s_any,7.0,2.0,0.5,0,1.0
240,0,0.0,0.0,0.0,,,120.0,1,1,1,1,,0,ds004444,sub-004,ses-16,S2_fixed_1s_all,7.0,0.0,0.5,0,1.0
240,4,1.6666666666666667,2.0,1.0,0.5,0.5,78.0,2,2,2,2,78.0,2,ds004444,sub-004,ses-16,S3_fixed_2s_prop50,7.0,0.2857142857142857,1.0,0,1.0
240,0,0.0,0.0,0.0,,,120.0,1,1,1,1,,0,ds004444,sub-004,ses-16,S4_fixed_2s_prop75,7.0,0.0,1.0,0,1.0
240,28,11.666666666666666,14.0,13.0,0.5,11.85,31.5,8,4,1,1,11.5,26,ds004444,sub-004,ses-16,S5_reward_hold_1s,7.0,2.0,1.0,0,1.0
240,52,21.666666666666668,26.0,11.0,0.5,9.25,30.5,7,3,1,1,11.5,22,ds004444,sub-004,ses-16,S6_reward_hold_2s,7.0,3.7142857142857144,2.0,0,1.0
240,2,0.8333333333333334,1.0,1.0,0.5,0.5,92.0,2,2,2,1,92.0,2,ds004444,sub-005,ses-01,S2_fixed_1s_all,9.0,0.1111111111111111,0.5,0,1.0
240,4,1.6666666666666667,2.0,1.0,0.5,0.5,92.0,2,2,2,1,92.0,2,ds004444,sub-005,ses-01,S3_fixed_2s_prop50,9.0,0.2222222222222222,1.0,0,1.0
240,0,0.0,0.0,0.0,,,120.0,1,1,1,1,,0,ds004444,sub-005,ses-01,S4_fixed_2s_prop75,9.0,0.0,1.0,0,1.0
240,0,0.0,0.0,0.0,,,120.0,1,1,1,1,,0,ds004444,sub-005,ses-16,S2_fixed_1s_all,6.0,0.0,0.5,0,1.0
240,4,1.6666666666666667,2.0,1.0,0.5,0.5,66.0,2,2,2,2,52.0,2,ds004444,sub-005,ses-16,S3_fixed_2s_prop50,6.0,0.3333333333333333,1.0,0,1.0
240,0,0.0,0.0,0.0,,,120.0,1,1,1,1,,0,ds004444,sub-005,ses-16,S4_fixed_2s_prop75,6.0,0.0,1.0,0,1.0
240,2,0.8333333333333334,1.0,1.0,0.5,0.5,113.0,2,1,1,1,113.0,2,ds004444,sub-006,ses-01,S2_fixed_1s_all,11.5,0.08695652173913043,0.5,0,1.0
240,8,3.3333333333333335,4.0,2.0,0.5,56.49999999999994,80.0,3,2,2,1,30.0,4,ds004444,sub-006,ses-01,S3_fixed_2s_prop50,11.5,0.34782608695652173,1.0,0,1.0
240,0,0.0,0.0,0.0,,,120.0,1,1,1,1,,0,ds004444,sub-006,ses-01,S4_fixed_2s_prop75,11.5,0.0,1.0,0,1.0
240,0,0.0,0.0,0.0,,,120.0,1,1,1,1,,0,ds004444,sub-006,ses-16,S2_fixed_1s_all,6.5,0.0,0.5,0,1.0
240,0,0.0,0.0,0.0,,,120.0,1,1,1,1,,0,ds004444,sub-006,ses-16,S3_fixed_2s_prop50,6.5,0.0,1.0,0,1.0
240,0,0.0,0.0,0.0,,,120.0,1,1,1,1,,0,ds004444,sub-006,ses-16,S4_fixed_2s_prop75,6.5,0.0,1.0,0,1.0
240,0,0.0,0.0,0.0,,,120.0,1,1,1,1,,0,ds004444,sub-007,ses-01,S2_fixed_1s_all,12.5,0.0,0.5,0,1.0
240,12,5.0,6.0,3.0,0.5,22.5,66.0,3,3,2,1,66.0,6,ds004444,sub-007,ses-01,S3_fixed_2s_prop50,12.5,0.48,1.0,0,1.0
240,0,0.0,0.0,0.0,,,120.0,1,1,1,1,,0,ds004444,sub-007,ses-01,S4_fixed_2s_prop75,12.5,0.0,1.0,0,1.0
240,0,0.0,0.0,0.0,,,120.0,1,1,1,1,,0,ds004444,sub-007,ses-16,S2_fixed_1s_all,6.5,0.0,0.5,0,1.0
240,4,1.6666666666666667,2.0,1.0,0.5,0.5,114.0,1,1,1,1,114.0,2,ds004444,sub-007,ses-16,S3_fixed_2s_prop50,6.5,0.3076923076923077,1.0,0,1.0
240,0,0.0,0.0,0.0,,,120.0,1,1,1,1,,0,ds004444,sub-007,ses-16,S4_fixed_2s_prop75,6.5,0.0,1.0,0,1.0
240,2,0.8333333333333334,1.0,1.0,0.5,0.5,82.0,2,2,2,2,37.0,2,ds004444,sub-008,ses-01,S2_fixed_1s_all,8.5,0.11764705882352941,0.5,0,1.0
240,16,6.666666666666667,8.0,4.0,0.5,30.299999999999972,48.0,5,5,2,1,12.0,8,ds004444,sub-008,ses-01,S3_fixed_2s_prop50,8.5,0.9411764705882353,1.0,0,1.0
240,0,0.0,0.0,0.0,,,120.0,1,1,1,1,,0,ds004444,sub-008,ses-01,S4_fixed_2s_prop75,8.5,0.0,1.0,0,1.0
240,0,0.0,0.0,0.0,,,120.0,1,1,1,1,,0,ds004444,sub-008,ses-16,S2_fixed_1s_all,11.5,0.0,0.5,0,1.0
240,12,5.0,6.0,3.0,0.5,43.5,44.0,3,3,3,2,24.0,6,ds004444,sub-008,ses-16,S3_fixed_2s_prop50,11.5,0.5217391304347826,1.0,0,1.0
240,0,0.0,0.0,0.0,,,120.0,1,1,1,1,,0,ds004444,sub-008,ses-16,S4_fixed_2s_prop75,11.5,0.0,1.0,0,1.0
240,2,0.8333333333333334,1.0,1.0,0.5,0.5,117.0,1,1,1,1,2.0,2,ds004444,sub-009,ses-01,S2_fixed_1s_all,9.5,0.10526315789473684,0.5,0,1.0
240,8,3.3333333333333335,4.0,2.0,0.5,34.099999999999966,66.0,2,2,2,2,2.0,4,ds004444,sub-009,ses-01,S3_fixed_2s_prop50,9.5,0.42105263157894735,1.0,0,1.0
240,4,1.6666666666666667,2.0,1.0,0.5,0.5,116.0,1,1,1,1,2.0,2,ds004444,sub-009,ses-01,S4_fixed_2s_prop75,9.5,0.21052631578947367,1.0,0,1.0
240,0,0.0,0.0,0.0,,,120.0,1,1,1,1,,0,ds004444,sub-009,ses-16,S2_fixed_1s_all,6.5,0.0,0.5,0,1.0
240,4,1.6666666666666667,2.0,1.0,0.5,0.5,102.0,2,2,1,1,102.0,2,ds004444,sub-009,ses-16,S3_fixed_2s_prop50,6.5,0.3076923076923077,1.0,0,1.0
240,0,0.0,0.0,0.0,,,120.0,1,1,1,1,,0,ds004444,sub-009,ses-16,S4_fixed_2s_prop75,6.5,0.0,1.0,0,1.0
240,13,5.416666666666667,6.5,11.0,3.25,19.57499999999999,31.5,6,4,2,1,8.0,22,ds004444,sub-010,ses-01,S0_instantaneous,6.5,1.0,0.0,0,1.0
240,24,10.0,12.0,10.0,0.5,13.399999999999999,31.0,6,4,2,1,8.0,20,ds004444,sub-010,ses-01,S1_fixed_1s_any,6.5,1.8461538461538463,0.5,0,1.0
240,2,0.8333333333333334,1.0,1.0,0.5,0.5,61.0,2,2,2,2,58.0,2,ds004444,sub-010,ses-01,S2_fixed_1s_all,6.5,0.15384615384615385,0.5,0,1.0
240,4,1.6666666666666667,2.0,1.0,0.5,0.5,60.0,2,2,2,2,58.0,2,ds004444,sub-010,ses-01,S3_fixed_2s_prop50,6.5,0.3076923076923077,1.0,0,1.0
240,4,1.6666666666666667,2.0,1.0,0.5,0.5,60.0,2,2,2,2,58.0,2,ds004444,sub-010,ses-01,S4_fixed_2s_prop75,6.5,0.3076923076923077,1.0,0,1.0
240,24,10.0,12.0,11.0,0.5,13.0,31.0,6,4,2,1,8.0,22,ds004444,sub-010,ses-01,S5_reward_hold_1s,6.5,1.8461538461538463,1.0,0,1.0
240,10,4.166666666666666,5.0,8.5,3.0,45.79999999999999,58.5,4,3,2,1,0.0,17,ds004444,sub-010,ses-16,S0_instantaneous,5.0,1.0,0.0,0,1.0
240,20,8.333333333333332,10.0,7.5,0.5,28.79999999999993,58.0,4,3,2,1,0.0,15,ds004444,sub-010,ses-16,S1_fixed_1s_any,5.0,2.0,0.5,0,1.0
240,0,0.0,0.0,0.0,,,120.0,1,1,1,1,,0,ds004444,sub-010,ses-16,S2_fixed_1s_all,5.0,0.0,0.5,0,1.0
240,4,1.6666666666666667,2.0,1.0,0.5,0.5,106.0,2,2,1,1,106.0,2,ds004444,sub-010,ses-16,S3_fixed_2s_prop50,5.0,0.4,1.0,0,1.0
240,0,0.0,0.0,0.0,,,120.0,1,1,1,1,,0,ds004444,sub-010,ses-16,S4_fixed_2s_prop75,5.0,0.0,1.0,0,1.0
240,19,7.916666666666666,9.5,8.5,0.5,30.449999999999953,58.0,4,3,2,1,0.0,17,ds004444,sub-010,ses-16,S5_reward_hold_1s,5.0,1.9,1.0,0,1.0
240,36,15.0,18.0,7.5,0.5,14.349999999999959,57.0,4,2,2,1,0.0,15,ds004444,sub-010,ses-16,S6_reward_hold_2s,5.0,3.6,2.0,0,1.0
240,2,0.8333333333333334,1.0,1.0,0.5,0.5,75.0,2,2,2,2,75.0,2,ds004444,sub-011,ses-01,S2_fixed_1s_all,8.0,0.125,0.5,0,1.0
240,8,3.3333333333333335,4.0,2.0,0.5,21.49999999999998,74.0,3,3,2,1,74.0,4,ds004444,sub-011,ses-01,S3_fixed_2s_prop50,8.0,0.5,1.0,0,1.0
240,4,1.6666666666666667,2.0,1.0,0.5,0.5,74.0,2,2,2,2,74.0,2,ds004444,sub-011,ses-01,S4_fixed_2s_prop75,8.0,0.25,1.0,0,1.0
240,20,8.333333333333332,10.0,19.5,3.5,24.599999999999977,34.0,4,2,2,1,6.0,39,ds004444,sub-011,ses-16,S0_instantaneous,10.0,1.0,0.0,0,1.0
240,40,16.666666666666664,20.0,16.5,0.5,7.200000000000024,34.0,3,2,2,1,6.0,33,ds004444,sub-011,ses-16,S1_fixed_1s_any,10.0,2.0,0.5,0,1.0
240,0,0.0,0.0,0.0,,,120.0,1,1,1,1,,0,ds004444,sub-011,ses-16,S2_fixed_1s_all,10.0,0.0,0.5,0,1.0
240,4,1.6666666666666667,2.0,1.0,0.5,0.5,76.0,2,2,2,2,76.0,2,ds004444,sub-011,ses-16,S3_fixed_2s_prop50,10.0,0.2,1.0,0,1.0
240,0,0.0,0.0,0.0,,,120.0,1,1,1,1,,0,ds004444,sub-011,ses-16,S4_fixed_2s_prop75,10.0,0.0,1.0,0,1.0
240,39,16.25,19.5,17.5,0.5,8.549999999999976,33.5,4,2,2,1,6.0,35,ds004444,sub-011,ses-16,S5_reward_hold_1s,10.0,1.95,1.0,0,1.0
240,71,29.583333333333332,35.5,12.5,0.5,4.0,32.5,3,2,2,1,6.0,25,ds004444,sub-011,ses-16,S6_reward_hold_2s,10.0,3.55,2.0,0,1.0
240,11,4.583333333333333,5.5,9.0,5.25,31.299999999999972,42.5,6,4,1,1,15.0,18,ds004444,sub-012,ses-01,S0_instantaneous,5.5,1.0,0.0,0,1.0
240,20,8.333333333333332,10.0,9.0,0.5,19.099999999999945,42.0,6,4,1,1,15.0,18,ds004444,sub-012,ses-01,S1_fixed_1s_any,5.5,1.8181818181818181,0.5,0,1.0
240,2,0.8333333333333334,1.0,1.0,0.5,0.5,110.0,2,1,1,1,110.0,2,ds004444,sub-012,ses-01,S2_fixed_1s_all,5.5,0.18181818181818182,0.5,0,1.0
240,4,1.6666666666666667,2.0,1.0,0.5,0.5,110.0,2,1,1,1,110.0,2,ds004444,sub-012,ses-01,S3_fixed_2s_prop50,5.5,0.36363636363636365,1.0,0,1.0
240,4,1.6666666666666667,2.0,1.0,0.5,0.5,110.0,2,1,1,1,110.0,2,ds004444,sub-012,ses-01,S4_fixed_2s_prop75,5.5,0.36363636363636365,1.0,0,1.0
240,20,8.333333333333332,10.0,9.0,0.5,19.099999999999945,42.0,6,4,1,1,15.0,18,ds004444,sub-012,ses-01,S5_reward_hold_1s,5.5,1.8181818181818181,1.0,0,1.0
240,37,15.416666666666668,18.5,8.5,0.5,13.25,41.0,5,4,1,1,15.0,17,ds004444,sub-012,ses-01,S6_reward_hold_2s,5.5,3.3636363636363638,2.0,0,1.0
240,0,0.0,0.0,0.0,,,120.0,1,1,1,1,,0,ds004444,sub-012,ses-16,S2_fixed_1s_all,5.5,0.0,0.5,0,1.0
240,4,1.6666666666666667,2.0,1.0,0.5,0.5,90.0,2,2,2,1,90.0,2,ds004444,sub-012,ses-16,S3_fixed_2s_prop50,5.5,0.36363636363636365,1.0,0,1.0
240,0,0.0,0.0,0.0,,,120.0,1,1,1,1,,0,ds004444,sub-012,ses-16,S4_fixed_2s_prop75,5.5,0.0,1.0,0,1.0
240,2,0.8333333333333334,1.0,1.0,0.5,0.5,64.0,2,2,2,2,55.0,2,ds004444,sub-013,ses-01,S2_fixed_1s_all,11.5,0.08695652173913043,0.5,0,1.0
240,16,6.666666666666667,8.0,4.0,0.5,10.099999999999987,44.0,4,3,2,2,40.0,8,ds004444,sub-013,ses-01,S3_fixed_2s_prop50,11.5,0.6956521739130435,1.0,0,1.0
240,0,0.0,0.0,0.0,,,120.0,1,1,1,1,,0,ds004444,sub-013,ses-01,S4_fixed_2s_prop75,11.5,0.0,1.0,0,1.0
240,2,0.8333333333333334,1.0,1.0,0.5,0.5,91.0,2,2,2,1,28.0,2,ds004444,sub-013,ses-16,S2_fixed_1s_all,7.0,0.14285714285714285,0.5,0,1.0
240,8,3.3333333333333335,4.0,2.0,0.5,11.699999999999989,90.0,3,2,1,1,10.0,4,ds004444,sub-013,ses-16,S3_fixed_2s_prop50,7.0,0.5714285714285714,1.0,0,1.0
240,0,0.0,0.0,0.0,,,120.0,1,1,1,1,,0,ds004444,sub-013,ses-16,S4_fixed_2s_prop75,7.0,0.0,1.0,0,1.0
240,0,0.0,0.0,0.0,,,120.0,1,1,1,1,,0,ds004444,sub-014,ses-01,S2_fixed_1s_all,6.5,0.0,0.5,0,1.0
240,0,0.0,0.0,0.0,,,120.0,1,1,1,1,,0,ds004444,sub-014,ses-01,S3_fixed_2s_prop50,6.5,0.0,1.0,0,1.0
240,0,0.0,0.0,0.0,,,120.0,1,1,1,1,,0,ds004444,sub-014,ses-01,S4_fixed_2s_prop75,6.5,0.0,1.0,0,1.0
240,10,4.166666666666666,5.0,10.0,5.5,28.299999999999997,31.0,6,5,2,1,6.0,20,ds004444,sub-014,ses-16,S0_instantaneous,5.0,1.0,0.0,0,1.0
240,0,0.0,0.0,0.0,,,120.0,1,1,1,1,,0,ds004444,sub-014,ses-16,S2_fixed_1s_all,5.0,0.0,0.5,0,1.0
240,0,0.0,0.0,0.0,,,120.0,1,1,1,1,,0,ds004444,sub-014,ses-16,S3_fixed_2s_prop50,5.0,0.0,1.0,0,1.0
240,0,0.0,0.0,0.0,,,120.0,1,1,1,1,,0,ds004444,sub-014,ses-16,S4_fixed_2s_prop75,5.0,0.0,1.0,0,1.0
240,20,8.333333333333332,10.0,10.0,0.5,23.799999999999983,30.5,6,5,2,1,6.0,20,ds004444,sub-014,ses-16,S5_reward_hold_1s,5.0,2.0,1.0,0,1.0
240,10,4.166666666666666,5.0,10.0,7.5,33.69999999999999,44.0,7,4,1,1,3.0,20,ds004444,sub-015,ses-01,S0_instantaneous,5.0,1.0,0.0,0,1.0
240,20,8.333333333333332,10.0,8.0,0.5,20.099999999999945,43.0,6,4,1,1,3.0,16,ds004444,sub-015,ses-01,S1_fixed_1s_any,5.0,2.0,0.5,0,1.0
240,0,0.0,0.0,0.0,,,120.0,1,1,1,1,,0,ds004444,sub-015,ses-01,S2_fixed_1s_all,5.0,0.0,0.5,0,1.0
240,4,1.6666666666666667,2.0,1.0,0.5,0.5,96.0,2,2,2,1,22.0,2,ds004444,sub-015,ses-01,S3_fixed_2s_prop50,5.0,0.4,1.0,0,1.0
240,0,0.0,0.0,0.0,,,120.0,1,1,1,1,,0,ds004444,sub-015,ses-01,S4_fixed_2s_prop75,5.0,0.0,1.0,0,1.0
240,20,8.333333333333332,10.0,10.0,0.5,19.699999999999942,43.5,6,4,1,1,3.0,20,ds004444,sub-015,ses-01,S5_reward_hold_1s,5.0,2.0,1.0,0,1.0
240,38,15.833333333333332,19.0,8.0,0.5,11.599999999999977,42.5,6,3,1,1,3.0,16,ds004444,sub-015,ses-01,S6_reward_hold_2s,5.0,3.8,2.0,0,1.0
240,0,0.0,0.0,0.0,,,120.0,1,1,1,1,,0,ds004444,sub-015,ses-16,S2_fixed_1s_all,10.5,0.0,0.5,0,1.0
240,8,3.3333333333333335,4.0,2.0,0.5,1.8999999999999986,90.0,2,2,2,1,24.0,4,ds004444,sub-015,ses-16,S3_fixed_2s_prop50,10.5,0.38095238095238093,1.0,0,1.0
240,0,0.0,0.0,0.0,,,120.0,1,1,1,1,,0,ds004444,sub-015,ses-16,S4_fixed_2s_prop75,10.5,0.0,1.0,0,1.0
240,0,0.0,0.0,0.0,,,120.0,1,1,1,1,,0,ds004444,sub-016,ses-01,S2_fixed_1s_all,9.0,0.0,0.5,0,1.0
240,4,1.6666666666666667,2.0,1.0,0.5,0.5,78.0,2,2,2,2,40.0,2,ds004444,sub-016,ses-01,S3_fixed_2s_prop50,9.0,0.2222222222222222,1.0,0,1.0
240,0,0.0,0.0,0.0,,,120.0,1,1,1,1,,0,ds004444,sub-016,ses-01,S4_fixed_2s_prop75,9.0,0.0,1.0,0,1.0
240,0,0.0,0.0,0.0,,,120.0,1,1,1,1,,0,ds004444,sub-016,ses-16,S2_fixed_1s_all,4.5,0.0,0.5,0,1.0
240,0,0.0,0.0,0.0,,,120.0,1,1,1,1,,0,ds004444,sub-016,ses-16,S3_fixed_2s_prop50,4.5,0.0,1.0,0,1.0
240,0,0.0,0.0,0.0,,,120.0,1,1,1,1,,0,ds004444,sub-016,ses-16,S4_fixed_2s_prop75,4.5,0.0,1.0,0,1.0
240,2,0.8333333333333334,1.0,1.0,0.5,0.5,65.0,2,2,2,2,54.0,2,ds004444,sub-017,ses-01,S2_fixed_1s_all,7.0,0.14285714285714285,0.5,0,1.0
240,8,3.3333333333333335,4.0,2.0,0.5,21.49999999999998,64.0,3,3,3,1,22.0,4,ds004444,sub-017,ses-01,S3_fixed_2s_prop50,7.0,0.5714285714285714,1.0,0,1.0
240,0,0.0,0.0,0.0,,,120.0,1,1,1,1,,0,ds004444,sub-017,ses-01,S4_fixed_2s_prop75,7.0,0.0,1.0,0,1.0
240,0,0.0,0.0,0.0,,,120.0,1,1,1,1,,0,ds004444,sub-017,ses-16,S2_fixed_1s_all,3.5,0.0,0.5,0,1.0
240,0,0.0,0.0,0.0,,,120.0,1,1,1,1,,0,ds004444,sub-017,ses-16,S3_fixed_2s_prop50,3.5,0.0,1.0,0,1.0
240,0,0.0,0.0,0.0,,,120.0,1,1,1,1,,0,ds004444,sub-017,ses-16,S4_fixed_2s_prop75,3.5,0.0,1.0,0,1.0
240,2,0.8333333333333334,1.0,1.0,0.5,0.5,74.0,2,2,2,2,45.0,2,ds004444,sub-018,ses-01,S2_fixed_1s_all,9.0,0.1111111111111111,0.5,0,1.0
240,4,1.6666666666666667,2.0,1.0,0.5,0.5,74.0,2,2,2,2,44.0,2,ds004444,sub-018,ses-01,S3_fixed_2s_prop50,9.0,0.2222222222222222,1.0,0,1.0
240,0,0.0,0.0,0.0,,,120.0,1,1,1,1,,0,ds004444,sub-018,ses-01,S4_fixed_2s_prop75,9.0,0.0,1.0,0,1.0
240,4,1.6666666666666667,2.0,2.0,0.5,58.99999999999999,65.0,3,3,2,2,37.0,4,ds004444,sub-018,ses-16,S2_fixed_1s_all,12.0,0.16666666666666666,0.5,0,1.0
240,12,5.0,6.0,3.0,0.5,31.5,40.0,4,4,3,2,36.0,6,ds004444,sub-018,ses-16,S3_fixed_2s_prop50,12.0,0.5,1.0,0,1.0
240,0,0.0,0.0,0.0,,,120.0,1,1,1,1,,0,ds004444,sub-018,ses-16,S4_fixed_2s_prop75,12.0,0.0,1.0,0,1.0
240,4,1.6666666666666667,2.0,2.0,0.5,73.39999999999999,81.0,3,3,2,1,23.0,4,ds004444,sub-019,ses-01,S2_fixed_1s_all,9.5,0.21052631578947367,0.5,0,1.0
240,12,5.0,6.0,3.0,0.5,39.5,62.0,4,4,2,1,22.0,6,ds004444,sub-019,ses-01,S3_fixed_2s_prop50,9.5,0.631578947368421,1.0,0,1.0
240,4,1.6666666666666667,2.0,1.0,0.5,0.5,104.0,2,2,1,1,104.0,2,ds004444,sub-019,ses-01,S4_fixed_2s_prop75,9.5,0.21052631578947367,1.0,0,1.0
240,0,0.0,0.0,0.0,,,120.0,1,1,1,1,,0,ds004444,sub-019,ses-16,S2_fixed_1s_all,5.5,0.0,0.5,0,1.0
240,0,0.0,0.0,0.0,,,120.0,1,1,1,1,,0,ds004444,sub-019,ses-16,S3_fixed_2s_prop50,5.5,0.0,1.0,0,1.0
240,0,0.0,0.0,0.0,,,120.0,1,1,1,1,,0,ds004444,sub-019,ses-16,S4_fixed_2s_prop75,5.5,0.0,1.0,0,1.0
240,0,0.0,0.0,0.0,,,120.0,1,1,1,1,,0,ds004444,sub-020,ses-01,S2_fixed_1s_all,9.5,0.0,0.5,0,1.0
240,4,1.6666666666666667,2.0,1.0,0.5,0.5,94.0,2,2,2,1,94.0,2,ds004444,sub-020,ses-01,S3_fixed_2s_prop50,9.5,0.21052631578947367,1.0,0,1.0
240,0,0.0,0.0,0.0,,,120.0,1,1,1,1,,0,ds004444,sub-020,ses-01,S4_fixed_2s_prop75,9.5,0.0,1.0,0,1.0
240,8,3.3333333333333335,4.0,4.0,0.5,30.199999999999985,55.0,4,3,2,2,55.0,8,ds004444,sub-020,ses-08,S2_fixed_1s_all,10.0,0.4,0.5,0,1.0
240,20,8.333333333333332,10.0,5.0,0.5,27.49999999999998,36.0,5,4,3,1,26.0,10,ds004444,sub-020,ses-08,S3_fixed_2s_prop50,10.0,1.0,1.0,0,1.0
240,0,0.0,0.0,0.0,,,120.0,1,1,1,1,,0,ds004444,sub-020,ses-08,S4_fixed_2s_prop75,10.0,0.0,1.0,0,1.0
240,0,0.0,0.0,0.0,,,120.0,1,1,1,1,,0,ds004444,sub-021,ses-01,S2_fixed_1s_all,8.5,0.0,0.5,0,1.0
240,8,3.3333333333333335,4.0,2.0,0.5,32.69999999999997,64.0,3,2,2,2,64.0,4,ds004444,sub-021,ses-01,S3_fixed_2s_prop50,8.5,0.47058823529411764,1.0,0,1.0
240,0,0.0,0.0,0.0,,,120.0,1,1,1,1,,0,ds004444,sub-021,ses-01,S4_fixed_2s_prop75,8.5,0.0,1.0,0,1.0
240,10,4.166666666666666,5.0,10.0,8.5,17.3,31.0,7,4,1,1,31.0,20,ds004444,sub-021,ses-16,S0_instantaneous,5.0,1.0,0.0,0,1.0
240,20,8.333333333333332,10.0,10.0,0.5,16.599999999999998,31.0,7,4,1,1,31.0,20,ds004444,sub-021,ses-16,S1_fixed_1s_any,5.0,2.0,0.5,0,1.0
240,0,0.0,0.0,0.0,,,120.0,1,1,1,1,,0,ds004444,sub-021,ses-16,S2_fixed_1s_all,5.0,0.0,0.5,0,1.0
240,0,0.0,0.0,0.0,,,120.0,1,1,1,1,,0,ds004444,sub-021,ses-16,S3_fixed_2s_prop50,5.0,0.0,1.0,0,1.0
240,0,0.0,0.0,0.0,,,120.0,1,1,1,1,,0,ds004444,sub-021,ses-16,S4_fixed_2s_prop75,5.0,0.0,1.0,0,1.0
240,20,8.333333333333332,10.0,10.0,0.5,16.549999999999997,31.0,7,4,1,1,31.0,20,ds004444,sub-021,ses-16,S5_reward_hold_1s,5.0,2.0,1.0,0,1.0
240,40,16.666666666666664,20.0,10.0,0.5,8.75000000000001,31.0,7,4,1,1,31.0,20,ds004444,sub-021,ses-16,S6_reward_hold_2s,5.0,4.0,2.0,0,1.0
240,2,0.8333333333333334,1.0,1.0,0.5,0.5,102.0,2,2,1,1,17.0,2,ds004444,sub-022,ses-01,S2_fixed_1s_all,8.5,0.11764705882352941,0.5,0,1.0
240,8,3.3333333333333335,4.0,2.0,0.5,66.29999999999993,94.0,3,2,1,1,16.0,4,ds004444,sub-022,ses-01,S3_fixed_2s_prop50,8.5,0.47058823529411764,1.0,0,1.0
240,4,1.6666666666666667,2.0,1.0,0.5,0.5,102.0,2,2,1,1,16.0,2,ds004444,sub-022,ses-01,S4_fixed_2s_prop75,8.5,0.23529411764705882,1.0,0,1.0
240,4,1.6666666666666667,2.0,4.0,26.5,31.9,42.0,4,4,3,2,15.0,8,ds004444,sub-022,ses-16,S0_instantaneous,2.0,1.0,0.0,0,1.0
240,8,3.3333333333333335,4.0,4.0,0.5,29.699999999999996,42.0,4,4,3,2,15.0,8,ds004444,sub-022,ses-16,S1_fixed_1s_any,2.0,2.0,0.5,0,1.0
240,0,0.0,0.0,0.0,,,120.0,1,1,1,1,,0,ds004444,sub-022,ses-16,S2_fixed_1s_all,2.0,0.0,0.5,0,1.0
240,0,0.0,0.0,0.0,,,120.0,1,1,1,1,,0,ds004444,sub-022,ses-16,S3_fixed_2s_prop50,2.0,0.0,1.0,0,1.0
240,0,0.0,0.0,0.0,,,120.0,1,1,1,1,,0,ds004444,sub-022,ses-16,S4_fixed_2s_prop75,2.0,0.0,1.0,0,1.0
240,8,3.3333333333333335,4.0,4.0,0.5,30.199999999999996,41.5,4,4,3,2,15.0,8,ds004444,sub-022,ses-16,S5_reward_hold_1s,2.0,2.0,1.0,0,1.0
240,16,6.666666666666667,8.0,4.0,0.5,26.799999999999994,40.5,4,4,3,2,15.0,8,ds004444,sub-022,ses-16,S6_reward_hold_2s,2.0,4.0,2.0,0,1.0
240,4,1.6666666666666667,2.0,3.0,13.5,44.099999999999994,56.0,3,3,2,2,2.0,6,ds004444,sub-023,ses-01,S0_instantaneous,2.0,1.0,0.0,0,1.0
240,6,2.5,3.0,3.0,0.5,40.49999999999999,56.0,3,3,2,2,2.0,6,ds004444,sub-023,ses-01,S1_fixed_1s_any,2.0,1.5,0.5,0,1.0
240,2,0.8333333333333334,1.0,1.0,0.5,0.5,117.0,1,1,1,1,2.0,2,ds004444,sub-023,ses-01,S2_fixed_1s_all,2.0,0.5,0.5,0,1.0
240,4,1.6666666666666667,2.0,1.0,0.5,0.5,116.0,1,1,1,1,2.0,2,ds004444,sub-023,ses-01,S3_fixed_2s_prop50,2.0,1.0,1.0,0,1.0
240,0,0.0,0.0,0.0,,,120.0,1,1,1,1,,0,ds004444,sub-023,ses-01,S4_fixed_2s_prop75,2.0,0.0,1.0,0,1.0
240,7,2.9166666666666665,3.5,3.0,0.5,38.5,55.5,3,3,2,2,2.0,6,ds004444,sub-023,ses-01,S5_reward_hold_1s,2.0,1.75,1.0,0,1.0
240,13,5.416666666666667,6.5,3.0,0.5,27.299999999999976,54.5,3,3,2,2,2.0,6,ds004444,sub-023,ses-01,S6_reward_hold_2s,2.0,3.25,2.0,0,1.0
240,6,2.5,3.0,6.0,14.5,22.299999999999997,52.0,5,4,2,1,1.0,12,ds004444,sub-023,ses-16,S0_instantaneous,3.0,1.0,0.0,0,1.0
240,12,5.0,6.0,6.0,0.5,20.0,52.0,4,4,2,1,1.0,12,ds004444,sub-023,ses-16,S1_fixed_1s_any,3.0,2.0,0.5,0,1.0
240,0,0.0,0.0,0.0,,,120.0,1,1,1,1,,0,ds004444,sub-023,ses-16,S2_fixed_1s_all,3.0,0.0,0.5,0,1.0
240,0,0.0,0.0,0.0,,,120.0,1,1,1,1,,0,ds004444,sub-023,ses-16,S3_fixed_2s_prop50,3.0,0.0,1.0,0,1.0
240,0,0.0,0.0,0.0,,,120.0,1,1,1,1,,0,ds004444,sub-023,ses-16,S4_fixed_2s_prop75,3.0,0.0,1.0,0,1.0
240,12,5.0,6.0,6.0,0.5,20.0,51.5,4,4,2,1,1.0,12,ds004444,sub-023,ses-16,S5_reward_hold_1s,3.0,2.0,1.0,0,1.0
240,24,10.0,12.0,6.0,0.5,15.699999999999996,50.5,4,4,2,1,1.0,12,ds004444,sub-023,ses-16,S6_reward_hold_2s,3.0,4.0,2.0,0,1.0
240,0,0.0,0.0,0.0,,,120.0,1,1,1,1,,0,ds004444,sub-024,ses-01,S2_fixed_1s_all,8.5,0.0,0.5,0,1.0
240,8,3.3333333333333335,4.0,2.0,0.5,1.8999999999999986,94.0,2,2,1,1,20.0,4,ds004444,sub-024,ses-01,S3_fixed_2s_prop50,8.5,0.47058823529411764,1.0,0,1.0
240,0,0.0,0.0,0.0,,,120.0,1,1,1,1,,0,ds004444,sub-024,ses-01,S4_fixed_2s_prop75,8.5,0.0,1.0,0,1.0
240,0,0.0,0.0,0.0,,,120.0,1,1,1,1,,0,ds004444,sub-024,ses-16,S2_fixed_1s_all,9.5,0.0,0.5,0,1.0
240,8,3.3333333333333335,4.0,2.0,0.5,31.29999999999997,44.0,3,3,3,3,36.0,4,ds004444,sub-024,ses-16,S3_fixed_2s_prop50,9.5,0.42105263157894735,1.0,0,1.0
240,0,0.0,0.0,0.0,,,120.0,1,1,1,1,,0,ds004444,sub-024,ses-16,S4_fixed_2s_prop75,9.5,0.0,1.0,0,1.0
240,2,0.8333333333333334,1.0,1.0,0.5,0.5,61.0,2,2,2,2,61.0,2,ds004444,sub-025,ses-01,S2_fixed_1s_all,8.5,0.11764705882352941,0.5,0,1.0
240,4,1.6666666666666667,2.0,1.0,0.5,0.5,60.0,2,2,2,2,60.0,2,ds004444,sub-025,ses-01,S3_fixed_2s_prop50,8.5,0.23529411764705882,1.0,0,1.0
240,0,0.0,0.0,0.0,,,120.0,1,1,1,1,,0,ds004444,sub-025,ses-01,S4_fixed_2s_prop75,8.5,0.0,1.0,0,1.0
240,4,1.6666666666666667,2.0,2.0,0.5,11.299999999999999,99.0,3,2,1,1,99.0,4,ds004444,sub-025,ses-16,S2_fixed_1s_all,15.500000000000002,0.12903225806451613,0.5,0,1.0
240,8,3.3333333333333335,4.0,2.0,0.5,8.899999999999991,98.0,3,2,1,1,98.0,4,ds004444,sub-025,ses-16,S4_fixed_2s_prop75,15.500000000000002,0.25806451612903225,1.0,0,1.0
240,15,6.25,7.5,13.5,6.75,20.574999999999992,36.0,9,2,1,1,4.0,27,ds004444,sub-026,ses-01,S0_instantaneous,7.5,1.0,0.0,0,1.0
240,30,12.5,15.0,12.5,0.5,10.299999999999994,36.0,7,2,1,1,4.0,25,ds004444,sub-026,ses-01,S1_fixed_1s_any,7.5,2.0,0.5,0,1.0
240,0,0.0,0.0,0.0,,,120.0,1,1,1,1,,0,ds004444,sub-026,ses-01,S2_fixed_1s_all,7.5,0.0,0.5,0,1.0
240,4,1.6666666666666667,2.0,1.0,0.5,0.5,110.0,2,1,1,1,8.0,2,ds004444,sub-026,ses-01,S3_fixed_2s_prop50,7.5,0.26666666666666666,1.0,0,1.0
240,0,0.0,0.0,0.0,,,120.0,1,1,1,1,,0,ds004444,sub-026,ses-01,S4_fixed_2s_prop75,7.5,0.0,1.0,0,1.0
240,28,11.666666666666666,14.0,12.5,0.5,10.749999999999998,35.5,7,2,1,1,4.0,25,ds004444,sub-026,ses-01,S5_reward_hold_1s,7.5,1.8666666666666667,1.0,0,1.0
240,52,21.666666666666668,26.0,12.5,0.5,7.75,34.5,7,1,1,1,4.0,25,ds004444,sub-026,ses-01,S6_reward_hold_2s,7.5,3.466666666666667,2.0,0,1.0
240,2,0.8333333333333334,1.0,1.0,0.5,0.5,69.0,2,2,2,2,50.0,2,ds004444,sub-026,ses-16,S2_fixed_1s_all,11.5,0.08695652173913043,0.5,0,1.0
240,12,5.0,6.0,3.0,0.5,19.5,50.0,4,4,3,1,50.0,6,ds004444,sub-026,ses-16,S3_fixed_2s_prop50,11.5,0.5217391304347826,1.0,0,1.0
240,4,1.6666666666666667,2.0,1.0,0.5,0.5,68.0,2,2,2,2,50.0,2,ds004444,sub-026,ses-16,S4_fixed_2s_prop75,11.5,0.17391304347826086,1.0,0,1.0
240,6,2.5,3.0,3.0,0.5,22.099999999999998,68.0,4,3,2,1,68.0,6,ds004444,sub-027,ses-01,S2_fixed_1s_all,10.0,0.3,0.5,0,1.0
240,20,8.333333333333332,10.0,5.0,0.5,25.49999999999998,34.0,6,4,3,1,6.0,10,ds004444,sub-027,ses-01,S3_fixed_2s_prop50,10.0,1.0,1.0,0,1.0
240,0,0.0,0.0,0.0,,,120.0,1,1,1,1,,0,ds004444,sub-027,ses-01,S4_fixed_2s_prop75,10.0,0.0,1.0,0,1.0
240,4,1.6666666666666667,2.0,2.0,0.5,5.8999999999999995,76.0,3,2,2,2,76.0,4,ds004444,sub-027,ses-16,S2_fixed_1s_all,11.5,0.17391304347826086,0.5,0,1.0
240,12,5.0,6.0,3.0,0.5,15.5,76.0,3,2,2,1,76.0,6,ds004444,sub-027,ses-16,S3_fixed_2s_prop50,11.5,0.5217391304347826,1.0,0,1.0
240,0,0.0,0.0,0.0,,,120.0,1,1,1,1,,0,ds004444,sub-027,ses-16,S4_fixed_2s_prop75,11.5,0.0,1.0,0,1.0
240,0,0.0,0.0,0.0,,,120.0,1,1,1,1,,0,ds004444,sub-028,ses-01,S2_fixed_1s_all,9.0,0.0,0.5,0,1.0
240,0,0.0,0.0,0.0,,,120.0,1,1,1,1,,0,ds004444,sub-028,ses-01,S3_fixed_2s_prop50,9.0,0.0,1.0,0,1.0
240,0,0.0,0.0,0.0,,,120.0,1,1,1,1,,0,ds004444,sub-028,ses-01,S4_fixed_2s_prop75,9.0,0.0,1.0,0,1.0
240,14,5.833333333333333,7.0,13.0,3.5,27.399999999999977,36.5,6,4,2,1,6.0,26,ds004444,sub-028,ses-16,S0_instantaneous,7.0,1.0,0.0,0,1.0
240,26,10.833333333333334,13.0,12.0,0.5,18.899999999999977,36.0,5,4,1,1,6.0,24,ds004444,sub-028,ses-16,S1_fixed_1s_any,7.0,1.8571428571428572,0.5,0,1.0
240,2,0.8333333333333334,1.0,1.0,0.5,0.5,98.0,2,2,2,1,98.0,2,ds004444,sub-028,ses-16,S2_fixed_1s_all,7.0,0.14285714285714285,0.5,0,1.0
240,4,1.6666666666666667,2.0,1.0,0.5,0.5,98.0,2,2,1,1,98.0,2,ds004444,sub-028,ses-16,S3_fixed_2s_prop50,7.0,0.2857142857142857,1.0,0,1.0
240,0,0.0,0.0,0.0,,,120.0,1,1,1,1,,0,ds004444,sub-028,ses-16,S4_fixed_2s_prop75,7.0,0.0,1.0,0,1.0
240,27,11.25,13.5,12.0,0.5,18.5,36.0,5,4,1,1,6.0,24,ds004444,sub-028,ses-16,S5_reward_hold_1s,7.0,1.9285714285714286,1.0,0,1.0
240,50,20.833333333333336,25.0,11.0,0.5,11.5,35.0,5,4,1,1,6.0,22,ds004444,sub-028,ses-16,S6_reward_hold_2s,7.0,3.5714285714285716,2.0,0,1.0
240,1,0.4166666666666667,0.5,1.0,,,119.0,1,1,1,1,0.5,2,ds004444,sub-029,ses-01,S0_instantaneous,0.5,1.0,0.0,0,1.0
240,2,0.8333333333333334,1.0,0.5,0.5,0.5,119.0,1,1,1,1,0.0,1,ds004444,sub-029,ses-01,S1_fixed_1s_any,0.5,2.0,0.5,0,1.0
240,0,0.0,0.0,0.0,,,120.0,1,1,1,1,,0,ds004444,sub-029,ses-01,S2_fixed_1s_all,0.5,0.0,0.5,0,1.0
240,0,0.0,0.0,0.0,,,120.0,1,1,1,1,,0,ds004444,sub-029,ses-01,S3_fixed_2s_prop50,0.5,0.0,1.0,0,1.0
240,0,0.0,0.0,0.0,,,120.0,1,1,1,1,,0,ds004444,sub-029,ses-01,S4_fixed_2s_prop75,0.5,0.0,1.0,0,1.0
240,2,0.8333333333333334,1.0,1.0,0.5,0.5,118.5,1,1,1,1,0.5,2,ds004444,sub-029,ses-01,S5_reward_hold_1s,0.5,2.0,1.0,0,1.0
240,4,1.6666666666666667,2.0,1.0,0.5,0.5,117.5,1,1,1,1,0.5,2,ds004444,sub-029,ses-01,S6_reward_hold_2s,0.5,4.0,2.0,0,1.0
240,3,1.25,1.5,3.0,44.0,45.8,45.5,4,3,3,2,24.0,6,ds004444,sub-029,ses-16,S0_instantaneous,1.5,1.0,0.0,0,1.0
240,6,2.5,3.0,3.0,0.5,44.7,45.0,4,3,3,2,24.0,6,ds004444,sub-029,ses-16,S1_fixed_1s_any,1.5,2.0,0.5,0,1.0
240,0,0.0,0.0,0.0,,,120.0,1,1,1,1,,0,ds004444,sub-029,ses-16,S2_fixed_1s_all,1.5,0.0,0.5,0,1.0
240,0,0.0,0.0,0.0,,,120.0,1,1,1,1,,0,ds004444,sub-029,ses-16,S3_fixed_2s_prop50,1.5,0.0,1.0,0,1.0
240,0,0.0,0.0,0.0,,,120.0,1,1,1,1,,0,ds004444,sub-029,ses-16,S4_fixed_2s_prop75,1.5,0.0,1.0,0,1.0
240,6,2.5,3.0,3.0,0.5,44.7,45.0,4,3,3,2,24.0,6,ds004444,sub-029,ses-16,S5_reward_hold_1s,1.5,2.0,1.0,0,1.0
240,12,5.0,6.0,3.0,0.5,42.5,44.0,4,3,3,2,24.0,6,ds004444,sub-029,ses-16,S6_reward_hold_2s,1.5,4.0,2.0,0,1.0
240,6,2.5,3.0,3.0,0.5,32.9,50.0,4,4,2,2,13.0,6,ds004444,sub-030,ses-01,S2_fixed_1s_all,15.500000000000002,0.1935483870967742,0.5,0,1.0
240,28,11.666666666666666,14.0,5.5,0.5,27.099999999999987,36.0,6,4,2,2,12.0,11,ds004444,sub-030,ses-01,S3_fixed_2s_prop50,15.500000000000002,0.9032258064516129,1.0,0,1.0
240,0,0.0,0.0,0.0,,,120.0,1,1,1,1,,0,ds004444,sub-030,ses-01,S4_fixed_2s_prop75,15.500000000000002,0.0,1.0,0,1.0
240,0,0.0,0.0,0.0,,,120.0,1,1,1,1,,0,ds004444,sub-030,ses-16,S2_fixed_1s_all,7.5,0.0,0.5,0,1.0
240,8,3.3333333333333335,4.0,2.0,0.5,17.299999999999983,74.0,3,3,2,1,18.0,4,ds004444,sub-030,ses-16,S3_fixed_2s_prop50,7.5,0.5333333333333333,1.0,0,1.0
240,0,0.0,0.0,0.0,,,120.0,1,1,1,1,,0,ds004444,sub-030,ses-16,S4_fixed_2s_prop75,7.5,0.0,1.0,0,1.0
280,2,0.7142857142857143,0.8571428571428571,0.8571428571428571,0.5,0.5,134.0,1,1,1,1,134.0,2,ds004446,sub-004,ses-01,S2_fixed_1s_all,10.714285714285715,0.08,0.5,0,1.0
280,12,4.285714285714286,5.142857142857143,2.5714285714285716,0.5,50.5,78.0,3,3,3,1,30.0,6,ds004446,sub-004,ses-01,S3_fixed_2s_prop50,10.714285714285715,0.48,1.0,0,1.0
280,0,0.0,0.0,0.0,,,140.0,1,1,1,1,,0,ds004446,sub-004,ses-01,S4_fixed_2s_prop75,10.714285714285715,0.0,1.0,0,1.0
280,0,0.0,0.0,0.0,,,140.0,1,1,1,1,,0,ds004446,sub-004,ses-08,S2_fixed_1s_all,6.428571428571428,0.0,0.5,0,1.0
280,4,1.4285714285714286,1.7142857142857142,0.8571428571428571,0.5,0.5,136.0,1,1,1,1,2.0,2,ds004446,sub-004,ses-08,S3_fixed_2s_prop50,6.428571428571428,0.26666666666666666,1.0,0,1.0
280,0,0.0,0.0,0.0,,,140.0,1,1,1,1,,0,ds004446,sub-004,ses-08,S4_fixed_2s_prop75,6.428571428571428,0.0,1.0,0,1.0
280,0,0.0,0.0,0.0,,,140.0,1,1,1,1,,0,ds004446,sub-005,ses-01,S2_fixed_1s_all,4.714285714285714,0.0,0.5,0,1.0
280,4,1.4285714285714286,1.7142857142857142,0.8571428571428571,0.5,0.5,80.0,2,2,2,2,58.0,2,ds004446,sub-005,ses-01,S3_fixed_2s_prop50,4.714285714285714,0.36363636363636365,1.0,0,1.0
280,0,0.0,0.0,0.0,,,140.0,1,1,1,1,,0,ds004446,sub-005,ses-01,S4_fixed_2s_prop75,4.714285714285714,0.0,1.0,0,1.0
280,2,0.7142857142857143,0.8571428571428571,0.8571428571428571,0.5,0.5,138.0,1,1,1,1,138.0,2,ds004446,sub-005,ses-08,S2_fixed_1s_all,14.142857142857142,0.06060606060606061,0.5,0,1.0
280,12,4.285714285714286,5.142857142857143,2.142857142857143,0.5,57.5,96.0,3,3,1,1,20.0,5,ds004446,sub-005,ses-08,S3_fixed_2s_prop50,14.142857142857142,0.36363636363636365,1.0,0,1.0
280,0,0.0,0.0,0.0,,,140.0,1,1,1,1,,0,ds004446,sub-005,ses-08,S4_fixed_2s_prop75,14.142857142857142,0.0,1.0,0,1.0
280,0,0.0,0.0,0.0,,,140.0,1,1,1,1,,0,ds004446,sub-012,ses-01,S2_fixed_1s_all,10.714285714285715,0.0,0.5,0,1.0
280,16,5.714285714285714,6.857142857142857,3.4285714285714284,0.5,41.09999999999995,70.0,4,3,3,1,22.0,8,ds004446,sub-012,ses-01,S3_fixed_2s_prop50,10.714285714285715,0.64,1.0,0,1.0
280,0,0.0,0.0,0.0,,,140.0,1,1,1,1,,0,ds004446,sub-012,ses-01,S4_fixed_2s_prop75,10.714285714285715,0.0,1.0,0,1.0
280,2,0.7142857142857143,0.8571428571428571,0.8571428571428571,0.5,0.5,116.0,2,2,2,1,23.0,2,ds004446,sub-012,ses-08,S2_fixed_1s_all,8.142857142857142,0.10526315789473684,0.5,0,1.0
280,8,2.857142857142857,3.4285714285714284,1.7142857142857142,0.5,31.29999999999997,70.0,3,3,3,2,22.0,4,ds004446,sub-012,ses-08,S3_fixed_2s_prop50,8.142857142857142,0.42105263157894735,1.0,0,1.0
280,4,1.4285714285714286,1.7142857142857142,0.8571428571428571,0.5,0.5,116.0,2,2,2,1,22.0,2,ds004446,sub-012,ses-08,S4_fixed_2s_prop75,8.142857142857142,0.21052631578947367,1.0,0,1.0
280,2,0.7142857142857143,0.8571428571428571,0.8571428571428571,0.5,0.5,79.0,2,2,2,2,60.0,2,ds004446,sub-013,ses-01,S2_fixed_1s_all,9.857142857142858,0.08695652173913043,0.5,0,1.0
280,4,1.4285714285714286,1.7142857142857142,0.8571428571428571,0.5,0.5,78.0,2,2,2,2,60.0,2,ds004446,sub-013,ses-01,S3_fixed_2s_prop50,9.857142857142858,0.17391304347826086,1.0,0,1.0
280,0,0.0,0.0,0.0,,,140.0,1,1,1,1,,0,ds004446,sub-013,ses-01,S4_fixed_2s_prop75,9.857142857142858,0.0,1.0,0,1.0
280,17,6.071428571428571,7.285714285714286,14.142857142857142,5.25,23.5,41.0,7,4,1,1,0.0,33,ds004446,sub-013,ses-08,S0_instantaneous,7.285714285714286,1.0,0.0,0,1.0
280,34,12.142857142857142,14.571428571428571,10.714285714285715,0.5,15.099999999999994,40.0,6,4,1,1,0.0,25,ds004446,sub-013,ses-08,S1_fixed_1s_any,7.285714285714286,2.0,0.5,0,1.0
280,0,0.0,0.0,0.0,,,140.0,1,1,1,1,,0,ds004446,sub-013,ses-08,S2_fixed_1s_all,7.285714285714286,0.0,0.5,0,1.0
280,12,4.285714285714286,5.142857142857143,2.5714285714285716,0.5,52.5,86.0,4,4,1,1,18.0,6,ds004446,sub-013,ses-08,S3_fixed_2s_prop50,7.285714285714286,0.7058823529411765,1.0,0,1.0
280,0,0.0,0.0,0.0,,,140.0,1,1,1,1,,0,ds004446,sub-013,ses-08,S4_fixed_2s_prop75,7.285714285714286,0.0,1.0,0,1.0
280,34,12.142857142857142,14.571428571428571,12.428571428571429,0.5,14.599999999999994,40.5,6,4,1,1,0.0,29,ds004446,sub-013,ses-08,S5_reward_hold_1s,7.285714285714286,2.0,1.0,0,1.0
280,62,22.142857142857142,26.57142857142857,10.714285714285715,0.5,9.0,39.5,6,4,1,1,0.0,25,ds004446,sub-013,ses-08,S6_reward_hold_2s,7.285714285714286,3.6470588235294117,2.0,0,1.0
280,2,0.7142857142857143,0.8571428571428571,0.8571428571428571,0.5,0.5,137.0,1,1,1,1,137.0,2,ds004446,sub-018,ses-01,S2_fixed_1s_all,7.285714285714286,0.11764705882352941,0.5,0,1.0
280,12,4.285714285714286,5.142857142857143,2.5714285714285716,0.5,51.5,86.0,3,3,2,1,30.0,6,ds004446,sub-018,ses-01,S3_fixed_2s_prop50,7.285714285714286,0.7058823529411765,1.0,0,1.0
280,0,0.0,0.0,0.0,,,140.0,1,1,1,1,,0,ds004446,sub-018,ses-01,S4_fixed_2s_prop75,7.285714285714286,0.0,1.0,0,1.0
280,8,2.857142857142857,3.4285714285714284,3.4285714285714284,0.5,48.59999999999998,58.0,5,5,3,1,17.0,8,ds004446,sub-018,ses-08,S2_fixed_1s_all,12.857142857142856,0.26666666666666666,0.5,0,1.0
280,28,10.0,12.0,6.0,0.5,13.899999999999999,58.0,6,5,1,1,16.0,14,ds004446,sub-018,ses-08,S3_fixed_2s_prop50,12.857142857142856,0.9333333333333333,1.0,0,1.0
280,4,1.4285714285714286,1.7142857142857142,0.8571428571428571,0.5,0.5,100.0,2,2,2,2,100.0,2,ds004446,sub-018,ses-08,S4_fixed_2s_prop75,12.857142857142856,0.13333333333333333,1.0,0,1.0
