dataset,participant,analysis,monitor,balanced_accuracy_difference_vs_m0
ds004444,sub-001,count_matched,M0_NO_GATE,0.0
ds004444,sub-001,count_matched,M1_HIGH_BETA,-0.008645454545454623
ds004444,sub-001,count_matched,M2_BROADBAND_HIGH_FREQUENCY,-0.01616363636363638
ds004444,sub-001,count_matched,M3_AMPLITUDE_150,0.00024999999999997247
ds004444,sub-001,count_matched,M4_NFSQI_FULL_QUALITY,-0.030707954545454497
ds004444,sub-001,count_matched,M5_RIEMANNIAN_POTATO,0.0008295454545454994
ds004444,sub-001,natural,M0_NO_GATE,0.0
ds004444,sub-001,natural,M1_HIGH_BETA,-0.01193181818181821
ds004444,sub-001,natural,M2_BROADBAND_HIGH_FREQUENCY,-0.014090909090909154
ds004444,sub-001,natural,M3_AMPLITUDE_150,-0.001136363636363713
ds004444,sub-001,natural,M4_NFSQI_FULL_QUALITY,-0.035454545454545405
ds004444,sub-001,natural,M5_RIEMANNIAN_POTATO,-0.002272727272727204
ds004444,sub-002,count_matched,M0_NO_GATE,0.0
ds004444,sub-002,count_matched,M1_HIGH_BETA,-0.009274937810945239
ds004444,sub-002,count_matched,M2_BROADBAND_HIGH_FREQUENCY,0.003931965174129304
ds004444,sub-002,count_matched,M3_AMPLITUDE_150,0.0013266169154227958
ds004444,sub-002,count_matched,M4_NFSQI_FULL_QUALITY,0.01088140547263683
ds004444,sub-002,count_matched,M5_RIEMANNIAN_POTATO,0.0
ds004444,sub-002,natural,M0_NO_GATE,0.0
ds004444,sub-002,natural,M1_HIGH_BETA,-0.008712686567164174
ds004444,sub-002,natural,M2_BROADBAND_HIGH_FREQUENCY,-0.00876865671641791
ds004444,sub-002,natural,M3_AMPLITUDE_150,0.001231343283581987
ds004444,sub-002,natural,M4_NFSQI_FULL_QUALITY,-0.002437810945273622
ds004444,sub-002,natural,M5_RIEMANNIAN_POTATO,0.0
ds004444,sub-003,count_matched,M0_NO_GATE,0.0
ds004444,sub-003,count_matched,M1_HIGH_BETA,-0.0031855218855219025
ds004444,sub-003,count_matched,M2_BROADBAND_HIGH_FREQUENCY,0.008671464646464733
ds004444,sub-003,count_matched,M3_AMPLITUDE_150,0.0
ds004444,sub-003,count_matched,M4_NFSQI_FULL_QUALITY,-0.005550786372496841
ds004444,sub-003,count_matched,M5_RIEMANNIAN_POTATO,0.0
ds004444,sub-003,natural,M0_NO_GATE,0.0
ds004444,sub-003,natural,M1_HIGH_BETA,-0.005548024100655691
ds004444,sub-003,natural,M2_BROADBAND_HIGH_FREQUENCY,0.0007515948963318086
ds004444,sub-003,natural,M3_AMPLITUDE_150,0.0
ds004444,sub-003,natural,M4_NFSQI_FULL_QUALITY,-0.019587542087542098
ds004444,sub-003,natural,M5_RIEMANNIAN_POTATO,0.0
ds004444,sub-004,count_matched,M0_NO_GATE,0.0
ds004444,sub-004,count_matched,M1_HIGH_BETA,-0.001575000000000104
ds004444,sub-004,count_matched,M2_BROADBAND_HIGH_FREQUENCY,-0.0007750000000000812
ds004444,sub-004,count_matched,M3_AMPLITUDE_150,0.003574999999999884
ds004444,sub-004,count_matched,M4_NFSQI_FULL_QUALITY,-0.026462500000000055
ds004444,sub-004,count_matched,M5_RIEMANNIAN_POTATO,0.0
ds004444,sub-004,natural,M0_NO_GATE,0.0
ds004444,sub-004,natural,M1_HIGH_BETA,-0.015000000000000013
ds004444,sub-004,natural,M2_BROADBAND_HIGH_FREQUENCY,-0.011249999999999982
ds004444,sub-004,natural,M3_AMPLITUDE_150,0.0012500000000000844
ds004444,sub-004,natural,M4_NFSQI_FULL_QUALITY,-0.03500000000000003
ds004444,sub-004,natural,M5_RIEMANNIAN_POTATO,0.0
ds004444,sub-005,count_matched,M0_NO_GATE,0.0
ds004444,sub-005,count_matched,M1_HIGH_BETA,0.01004785353535348
ds004444,sub-005,count_matched,M2_BROADBAND_HIGH_FREQUENCY,0.0015220959595959593
ds004444,sub-005,count_matched,M4_NFSQI_FULL_QUALITY,-0.011956481481481485
ds004444,sub-005,count_matched,M5_RIEMANNIAN_POTATO,0.0
ds004444,sub-005,natural,M0_NO_GATE,0.0
ds004444,sub-005,natural,M1_HIGH_BETA,0.013749999999999984
ds004444,sub-005,natural,M2_BROADBAND_HIGH_FREQUENCY,-0.02374158249158248
ds004444,sub-005,natural,M4_NFSQI_FULL_QUALITY,-0.007184343434343432
ds004444,sub-005,natural,M5_RIEMANNIAN_POTATO,0.0
ds004444,sub-006,count_matched,M0_NO_GATE,0.0
ds004444,sub-006,count_matched,M1_HIGH_BETA,-0.002219675077874239
ds004444,sub-006,count_matched,M2_BROADBAND_HIGH_FREQUENCY,-0.003758044592391707
ds004444,sub-006,count_matched,M3_AMPLITUDE_150,-0.00042392777210098487
ds004444,sub-006,count_matched,M4_NFSQI_FULL_QUALITY,-0.026033023438599923
ds004444,sub-006,count_matched,M5_RIEMANNIAN_POTATO,0.0
ds004444,sub-006,natural,M0_NO_GATE,0.0
ds004444,sub-006,natural,M1_HIGH_BETA,-0.0016805302939574274
ds004444,sub-006,natural,M2_BROADBAND_HIGH_FREQUENCY,-0.025127731958666577
ds004444,sub-006,natural,M3_AMPLITUDE_150,0.005086984135210582
ds004444,sub-006,natural,M4_NFSQI_FULL_QUALITY,-0.04614465826047842
ds004444,sub-006,natural,M5_RIEMANNIAN_POTATO,0.0
ds004444,sub-007,count_matched,M0_NO_GATE,0.0
ds004444,sub-007,count_matched,M1_HIGH_BETA,-0.01613872549019607
ds004444,sub-007,count_matched,M2_BROADBAND_HIGH_FREQUENCY,-0.014142156862745114
ds004444,sub-007,count_matched,M3_AMPLITUDE_150,0.0
ds004444,sub-007,count_matched,M4_NFSQI_FULL_QUALITY,-0.019240196078431415
ds004444,sub-007,count_matched,M5_RIEMANNIAN_POTATO,0.0
ds004444,sub-007,natural,M0_NO_GATE,0.0
ds004444,sub-007,natural,M1_HIGH_BETA,-0.017696078431372553
ds004444,sub-007,natural,M2_BROADBAND_HIGH_FREQUENCY,-0.022916666666666585
ds004444,sub-007,natural,M3_AMPLITUDE_150,0.0
ds004444,sub-007,natural,M4_NFSQI_FULL_QUALITY,-0.027034313725490144
ds004444,sub-007,natural,M5_RIEMANNIAN_POTATO,0.0
ds004444,sub-008,count_matched,M0_NO_GATE,0.0
ds004444,sub-008,count_matched,M1_HIGH_BETA,-0.003750000000000031
ds004444,sub-008,count_matched,M2_BROADBAND_HIGH_FREQUENCY,0.0013250000000000206
ds004444,sub-008,count_matched,M3_AMPLITUDE_150,-0.00039999999999995595
ds004444,sub-008,count_matched,M4_NFSQI_FULL_QUALITY,-0.00016249999999995435
ds004444,sub-008,count_matched,M5_RIEMANNIAN_POTATO,0.001487499999999975
ds004444,sub-008,natural,M0_NO_GATE,0.0
ds004444,sub-008,natural,M1_HIGH_BETA,0.0
ds004444,sub-008,natural,M2_BROADBAND_HIGH_FREQUENCY,-0.016249999999999987
ds004444,sub-008,natural,M3_AMPLITUDE_150,-0.012500000000000067
ds004444,sub-008,natural,M4_NFSQI_FULL_QUALITY,-0.016249999999999987
ds004444,sub-008,natural,M5_RIEMANNIAN_POTATO,-0.003750000000000031
ds004444,sub-009,count_matched,M0_NO_GATE,0.0
ds004444,sub-009,count_matched,M1_HIGH_BETA,0.0002504685872960488
ds004444,sub-009,count_matched,M2_BROADBAND_HIGH_FREQUENCY,-0.04094083073007049
ds004444,sub-009,count_matched,M3_AMPLITUDE_150,-0.00010779387944004348
ds004444,sub-009,count_matched,M4_NFSQI_FULL_QUALITY,-0.06311234958926293
ds004444,sub-009,count_matched,M5_RIEMANNIAN_POTATO,0.0
ds004444,sub-009,natural,M0_NO_GATE,0.0
ds004444,sub-009,natural,M1_HIGH_BETA,0.00016198079370577378
ds004444,sub-009,natural,M2_BROADBAND_HIGH_FREQUENCY,-0.06651524354969351
ds004444,sub-009,natural,M3_AMPLITUDE_150,-0.00016198079370599583
ds004444,sub-009,natural,M4_NFSQI_FULL_QUALITY,-0.08371196343862086
ds004444,sub-009,natural,M5_RIEMANNIAN_POTATO,0.0
ds004444,sub-010,count_matched,M0_NO_GATE,0.0
ds004444,sub-010,count_matched,M1_HIGH_BETA,0.013030373831775632
ds004444,sub-010,count_matched,M2_BROADBAND_HIGH_FREQUENCY,0.01605712616822419
ds004444,sub-010,count_matched,M4_NFSQI_FULL_QUALITY,-0.0048397196261682485
ds004444,sub-010,count_matched,M5_RIEMANNIAN_POTATO,0.0
ds004444,sub-010,natural,M0_NO_GATE,0.0
ds004444,sub-010,natural,M1_HIGH_BETA,0.018796728971962717
ds004444,sub-010,natural,M2_BROADBAND_HIGH_FREQUENCY,0.038037383177570216
ds004444,sub-010,natural,M4_NFSQI_FULL_QUALITY,-0.00728971962616809
ds004444,sub-010,natural,M5_RIEMANNIAN_POTATO,0.0
ds004444,sub-011,count_matched,M0_NO_GATE,0.0
ds004444,sub-011,count_matched,M1_HIGH_BETA,-0.00490294347168696
ds004444,sub-011,count_matched,M2_BROADBAND_HIGH_FREQUENCY,-0.006178811027654385
ds004444,sub-011,count_matched,M3_AMPLITUDE_150,-0.0006364117446227002
ds004444,sub-011,count_matched,M4_NFSQI_FULL_QUALITY,0.004315507486709391
ds004444,sub-011,count_matched,M5_RIEMANNIAN_POTATO,0.0
ds004444,sub-011,natural,M0_NO_GATE,0.0
ds004444,sub-011,natural,M1_HIGH_BETA,-0.011015765985465609
ds004444,sub-011,natural,M2_BROADBAND_HIGH_FREQUENCY,-0.00970943276593672
ds004444,sub-011,natural,M3_AMPLITUDE_150,-0.0024815270935960587
ds004444,sub-011,natural,M4_NFSQI_FULL_QUALITY,-0.0017095668926497831
ds004444,sub-011,natural,M5_RIEMANNIAN_POTATO,0.0
ds004444,sub-012,count_matched,M0_NO_GATE,0.0
ds004444,sub-012,count_matched,M1_HIGH_BETA,-0.016800000000000037
ds004444,sub-012,count_matched,M2_BROADBAND_HIGH_FREQUENCY,-0.02134999999999987
ds004444,sub-012,count_matched,M3_AMPLITUDE_150,-0.00011250000000007088
ds004444,sub-012,count_matched,M4_NFSQI_FULL_QUALITY,-0.00484999999999991
ds004444,sub-012,count_matched,M5_RIEMANNIAN_POTATO,0.0
ds004444,sub-012,natural,M0_NO_GATE,0.0
ds004444,sub-012,natural,M1_HIGH_BETA,-0.04125000000000001
ds004444,sub-012,natural,M2_BROADBAND_HIGH_FREQUENCY,-0.04749999999999999
ds004444,sub-012,natural,M3_AMPLITUDE_150,0.0012499999999999734
ds004444,sub-012,natural,M4_NFSQI_FULL_QUALITY,-0.026249999999999996
ds004444,sub-012,natural,M5_RIEMANNIAN_POTATO,0.0
ds004444,sub-013,count_matched,M0_NO_GATE,0.0
ds004444,sub-013,count_matched,M1_HIGH_BETA,0.008949999999999902
ds004444,sub-013,count_matched,M2_BROADBAND_HIGH_FREQUENCY,-0.011475000000000124
ds004444,sub-013,count_matched,M3_AMPLITUDE_150,0.001187500000000008
ds004444,sub-013,count_matched,M4_NFSQI_FULL_QUALITY,-7.500000000004725e-05
ds004444,sub-013,count_matched,M5_RIEMANNIAN_POTATO,-0.00048749999999997407
ds004444,sub-013,natural,M0_NO_GATE,0.0
ds004444,sub-013,natural,M1_HIGH_BETA,0.026249999999999996
ds004444,sub-013,natural,M2_BROADBAND_HIGH_FREQUENCY,-0.008750000000000036
ds004444,sub-013,natural,M3_AMPLITUDE_150,0.0012499999999999734
ds004444,sub-013,natural,M4_NFSQI_FULL_QUALITY,0.0
ds004444,sub-013,natural,M5_RIEMANNIAN_POTATO,-0.0012499999999999734
ds004444,sub-014,count_matched,M0_NO_GATE,0.0
ds004444,sub-014,count_matched,M1_HIGH_BETA,-0.00362753206672628
ds004444,sub-014,count_matched,M2_BROADBAND_HIGH_FREQUENCY,-0.0024379901792064285
ds004444,sub-014,count_matched,M3_AMPLITUDE_150,0.0014148378880705081
ds004444,sub-014,count_matched,M4_NFSQI_FULL_QUALITY,0.007575340457997903
ds004444,sub-014,count_matched,M5_RIEMANNIAN_POTATO,0.0
ds004444,sub-014,natural,M0_NO_GATE,0.0
ds004444,sub-014,natural,M1_HIGH_BETA,-0.017410396732521094
ds004444,sub-014,natural,M2_BROADBAND_HIGH_FREQUENCY,-0.005943501755352076
ds004444,sub-014,natural,M3_AMPLITUDE_150,-0.0047956678369014405
ds004444,sub-014,natural,M4_NFSQI_FULL_QUALITY,0.004114120832472978
ds004444,sub-014,natural,M5_RIEMANNIAN_POTATO,0.0
ds004444,sub-015,count_matched,M0_NO_GATE,0.0
ds004444,sub-015,count_matched,M1_HIGH_BETA,-0.006337499999999996
ds004444,sub-015,count_matched,M2_BROADBAND_HIGH_FREQUENCY,0.0010000000000000009
ds004444,sub-015,count_matched,M3_AMPLITUDE_150,0.0017375000000000584
ds004444,sub-015,count_matched,M4_NFSQI_FULL_QUALITY,0.003350000000000075
ds004444,sub-015,count_matched,M5_RIEMANNIAN_POTATO,-0.00017499999999992522
ds004444,sub-015,natural,M0_NO_GATE,0.0
ds004444,sub-015,natural,M1_HIGH_BETA,-0.010000000000000009
ds004444,sub-015,natural,M2_BROADBAND_HIGH_FREQUENCY,-0.0050000000000000044
ds004444,sub-015,natural,M3_AMPLITUDE_150,0.0024999999999999467
ds004444,sub-015,natural,M4_NFSQI_FULL_QUALITY,-0.014999999999999902
ds004444,sub-015,natural,M5_RIEMANNIAN_POTATO,-0.0012499999999999734
ds004444,sub-016,count_matched,M0_NO_GATE,0.0
ds004444,sub-016,count_matched,M1_HIGH_BETA,-0.006048863636363699
ds004444,sub-016,count_matched,M2_BROADBAND_HIGH_FREQUENCY,0.014461363636363578
ds004444,sub-016,count_matched,M3_AMPLITUDE_150,0.013501136363636368
ds004444,sub-016,count_matched,M4_NFSQI_FULL_QUALITY,0.0033874999999999322
ds004444,sub-016,count_matched,M5_RIEMANNIAN_POTATO,0.0
ds004444,sub-016,natural,M0_NO_GATE,0.0
ds004444,sub-016,natural,M1_HIGH_BETA,0.014090909090909043
ds004444,sub-016,natural,M2_BROADBAND_HIGH_FREQUENCY,0.02295454545454545
ds004444,sub-016,natural,M3_AMPLITUDE_150,0.035340909090909034
ds004444,sub-016,natural,M4_NFSQI_FULL_QUALITY,0.01647727272727262
ds004444,sub-016,natural,M5_RIEMANNIAN_POTATO,0.0
ds004444,sub-017,count_matched,M0_NO_GATE,0.0
ds004444,sub-017,count_matched,M1_HIGH_BETA,0.003104370629370523
ds004444,sub-017,count_matched,M2_BROADBAND_HIGH_FREQUENCY,-0.04471940559440568
ds004444,sub-017,count_matched,M3_AMPLITUDE_150,-0.009384309440559457
ds004444,sub-017,count_matched,M4_NFSQI_FULL_QUALITY,0.021499038461538333
ds004444,sub-017,count_matched,M5_RIEMANNIAN_POTATO,-0.0022200174825175445
ds004444,sub-017,natural,M0_NO_GATE,0.0
ds004444,sub-017,natural,M1_HIGH_BETA,-0.010821678321678352
ds004444,sub-017,natural,M2_BROADBAND_HIGH_FREQUENCY,-0.09158653846153852
ds004444,sub-017,natural,M3_AMPLITUDE_150,-0.0034571678321678734
ds004444,sub-017,natural,M4_NFSQI_FULL_QUALITY,0.0006293706293705181
ds004444,sub-017,natural,M5_RIEMANNIAN_POTATO,-0.0012019230769231282
ds004444,sub-018,count_matched,M0_NO_GATE,0.0
ds004444,sub-018,count_matched,M1_HIGH_BETA,-0.010229805274303505
ds004444,sub-018,count_matched,M2_BROADBAND_HIGH_FREQUENCY,-0.03597446810270666
ds004444,sub-018,count_matched,M3_AMPLITUDE_150,0.0
ds004444,sub-018,count_matched,M4_NFSQI_FULL_QUALITY,-0.015696994738931824
ds004444,sub-018,count_matched,M5_RIEMANNIAN_POTATO,0.0
ds004444,sub-018,natural,M0_NO_GATE,0.0
ds004444,sub-018,natural,M1_HIGH_BETA,-0.006617695718351024
ds004444,sub-018,natural,M2_BROADBAND_HIGH_FREQUENCY,-0.04625744490768324
ds004444,sub-018,natural,M3_AMPLITUDE_150,0.0
ds004444,sub-018,natural,M4_NFSQI_FULL_QUALITY,-0.027656260340149563
ds004444,sub-018,natural,M5_RIEMANNIAN_POTATO,0.0
ds004444,sub-019,count_matched,M0_NO_GATE,0.0
ds004444,sub-019,count_matched,M1_HIGH_BETA,0.01217916666666663
ds004444,sub-019,count_matched,M2_BROADBAND_HIGH_FREQUENCY,0.019072095959596025
ds004444,sub-019,count_matched,M3_AMPLITUDE_150,0.003148611111111088
ds004444,sub-019,count_matched,M4_NFSQI_FULL_QUALITY,0.03133750000000002
ds004444,sub-019,count_matched,M5_RIEMANNIAN_POTATO,-0.0010000000000000009
ds004444,sub-019,natural,M0_NO_GATE,0.0
ds004444,sub-019,natural,M1_HIGH_BETA,0.028846801346801287
ds004444,sub-019,natural,M2_BROADBAND_HIGH_FREQUENCY,0.032230639730639665
ds004444,sub-019,natural,M3_AMPLITUDE_150,-0.0010732323232323093
ds004444,sub-019,natural,M4_NFSQI_FULL_QUALITY,0.03902356902356896
ds004444,sub-019,natural,M5_RIEMANNIAN_POTATO,-0.0011153198653198748
ds004444,sub-020,count_matched,M0_NO_GATE,0.0
ds004444,sub-020,count_matched,M1_HIGH_BETA,0.006243786549707586
ds004444,sub-020,count_matched,M2_BROADBAND_HIGH_FREQUENCY,0.014015904660641398
ds004444,sub-020,count_matched,M3_AMPLITUDE_150,0.003689316409711041
ds004444,sub-020,count_matched,M4_NFSQI_FULL_QUALITY,0.02700274676590464
ds004444,sub-020,count_matched,M5_RIEMANNIAN_POTATO,0.0
ds004444,sub-020,natural,M0_NO_GATE,0.0
ds004444,sub-020,natural,M1_HIGH_BETA,0.022279815700868344
ds004444,sub-020,natural,M2_BROADBAND_HIGH_FREQUENCY,0.02982123870281761
ds004444,sub-020,natural,M3_AMPLITUDE_150,0.010737861066808407
ds004444,sub-020,natural,M4_NFSQI_FULL_QUALITY,0.044395711500974655
ds004444,sub-020,natural,M5_RIEMANNIAN_POTATO,0.0
ds004444,sub-021,count_matched,M0_NO_GATE,0.0
ds004444,sub-021,count_matched,M1_HIGH_BETA,0.0004989234449760405
ds004444,sub-021,count_matched,M2_BROADBAND_HIGH_FREQUENCY,-0.004964533492822998
ds004444,sub-021,count_matched,M3_AMPLITUDE_150,-0.002240490430622022
ds004444,sub-021,count_matched,M4_NFSQI_FULL_QUALITY,0.0005276315789473074
ds004444,sub-021,count_matched,M5_RIEMANNIAN_POTATO,0.0
ds004444,sub-021,natural,M0_NO_GATE,0.0
ds004444,sub-021,natural,M1_HIGH_BETA,0.004886363636363633
ds004444,sub-021,natural,M2_BROADBAND_HIGH_FREQUENCY,-0.009055023923445038
ds004444,sub-021,natural,M3_AMPLITUDE_150,0.0012499999999999734
ds004444,sub-021,natural,M4_NFSQI_FULL_QUALITY,-0.006160287081339755
ds004444,sub-021,natural,M5_RIEMANNIAN_POTATO,0.0
ds004444,sub-022,count_matched,M0_NO_GATE,0.0
ds004444,sub-022,count_matched,M1_HIGH_BETA,0.00290121951219513
ds004444,sub-022,count_matched,M2_BROADBAND_HIGH_FREQUENCY,0.02192073170731712
ds004444,sub-022,count_matched,M3_AMPLITUDE_150,0.001962499999999978
ds004444,sub-022,count_matched,M4_NFSQI_FULL_QUALITY,0.018268902439024348
ds004444,sub-022,count_matched,M5_RIEMANNIAN_POTATO,0.0
ds004444,sub-022,natural,M0_NO_GATE,0.0
ds004444,sub-022,natural,M1_HIGH_BETA,-0.007042682926829302
ds004444,sub-022,natural,M2_BROADBAND_HIGH_FREQUENCY,0.013932926829268277
ds004444,sub-022,natural,M3_AMPLITUDE_150,0.0024999999999999467
ds004444,sub-022,natural,M4_NFSQI_FULL_QUALITY,0.00420731707317068
ds004444,sub-022,natural,M5_RIEMANNIAN_POTATO,0.0
ds004444,sub-023,count_matched,M0_NO_GATE,0.0
ds004444,sub-023,count_matched,M1_HIGH_BETA,0.011974999999999958
ds004444,sub-023,count_matched,M2_BROADBAND_HIGH_FREQUENCY,-0.0065749999999999975
ds004444,sub-023,count_matched,M3_AMPLITUDE_150,-0.0024500000000000632
ds004444,sub-023,count_matched,M4_NFSQI_FULL_QUALITY,0.005437499999999984
ds004444,sub-023,count_matched,M5_RIEMANNIAN_POTATO,0.0
ds004444,sub-023,natural,M0_NO_GATE,0.0
ds004444,sub-023,natural,M1_HIGH_BETA,0.006249999999999978
ds004444,sub-023,natural,M2_BROADBAND_HIGH_FREQUENCY,-0.007500000000000062
ds004444,sub-023,natural,M3_AMPLITUDE_150,0.0
ds004444,sub-023,natural,M4_NFSQI_FULL_QUALITY,0.0012499999999999734
ds004444,sub-023,natural,M5_RIEMANNIAN_POTATO,0.0
ds004444,sub-024,count_matched,M0_NO_GATE,0.0
ds004444,sub-024,count_matched,M1_HIGH_BETA,0.00418983380480914
ds004444,sub-024,count_matched,M2_BROADBAND_HIGH_FREQUENCY,0.00839911598302684
ds004444,sub-024,count_matched,M3_AMPLITUDE_150,0.0017344884488449397
ds004444,sub-024,count_matched,M4_NFSQI_FULL_QUALITY,0.015153288543140075
ds004444,sub-024,count_matched,M5_RIEMANNIAN_POTATO,0.0
ds004444,sub-024,natural,M0_NO_GATE,0.0
ds004444,sub-024,natural,M1_HIGH_BETA,0.002889556812824101
ds004444,sub-024,natural,M2_BROADBAND_HIGH_FREQUENCY,0.0034323432343232874
ds004444,sub-024,natural,M3_AMPLITUDE_150,-0.0025000000000000577
ds004444,sub-024,natural,M4_NFSQI_FULL_QUALITY,0.013548444130127235
ds004444,sub-024,natural,M5_RIEMANNIAN_POTATO,0.0
ds004444,sub-025,count_matched,M0_NO_GATE,0.0
ds004444,sub-025,count_matched,M1_HIGH_BETA,-0.002803112848435707
ds004444,sub-025,count_matched,M2_BROADBAND_HIGH_FREQUENCY,0.0035265308129758255
ds004444,sub-025,count_matched,M3_AMPLITUDE_150,-0.001037898645696811
ds004444,sub-025,count_matched,M4_NFSQI_FULL_QUALITY,0.00048617452122479143
ds004444,sub-025,count_matched,M5_RIEMANNIAN_POTATO,0.0
ds004444,sub-025,natural,M0_NO_GATE,0.0
ds004444,sub-025,natural,M1_HIGH_BETA,-0.004053395180522057
ds004444,sub-025,natural,M2_BROADBAND_HIGH_FREQUENCY,0.003545691052609934
ds004444,sub-025,natural,M3_AMPLITUDE_150,-8.737439930095459e-05
ds004444,sub-025,natural,M4_NFSQI_FULL_QUALITY,-0.013270746850907678
ds004444,sub-025,natural,M5_RIEMANNIAN_POTATO,0.0
ds004444,sub-026,count_matched,M0_NO_GATE,0.0
ds004444,sub-026,count_matched,M1_HIGH_BETA,0.0035875000000000767
ds004444,sub-026,count_matched,M2_BROADBAND_HIGH_FREQUENCY,-0.009924999999999962
ds004444,sub-026,count_matched,M3_AMPLITUDE_150,-0.004462499999999925
ds004444,sub-026,count_matched,M4_NFSQI_FULL_QUALITY,-0.0012624999999999442
ds004444,sub-026,count_matched,M5_RIEMANNIAN_POTATO,0.0
ds004444,sub-026,natural,M0_NO_GATE,0.0
ds004444,sub-026,natural,M1_HIGH_BETA,0.0012499999999999734
ds004444,sub-026,natural,M2_BROADBAND_HIGH_FREQUENCY,-0.025000000000000022
ds004444,sub-026,natural,M3_AMPLITUDE_150,-0.022500000000000075
ds004444,sub-026,natural,M4_NFSQI_FULL_QUALITY,-0.015000000000000013
ds004444,sub-026,natural,M5_RIEMANNIAN_POTATO,0.0
ds004444,sub-027,count_matched,M0_NO_GATE,0.0
ds004444,sub-027,count_matched,M1_HIGH_BETA,-0.01412703349282296
ds004444,sub-027,count_matched,M2_BROADBAND_HIGH_FREQUENCY,-0.07181076555023924
ds004444,sub-027,count_matched,M3_AMPLITUDE_150,0.00043086124401914283
ds004444,sub-027,count_matched,M4_NFSQI_FULL_QUALITY,-0.07620478468899528
ds004444,sub-027,count_matched,M5_RIEMANNIAN_POTATO,0.0
ds004444,sub-027,natural,M0_NO_GATE,0.0
ds004444,sub-027,natural,M1_HIGH_BETA,-0.012715311004784624
ds004444,sub-027,natural,M2_BROADBAND_HIGH_FREQUENCY,-0.07335526315789476
ds004444,sub-027,natural,M3_AMPLITUDE_150,0.011794258373205802
ds004444,sub-027,natural,M4_NFSQI_FULL_QUALITY,-0.08687799043062205
ds004444,sub-027,natural,M5_RIEMANNIAN_POTATO,0.0
ds004444,sub-028,count_matched,M0_NO_GATE,0.0
ds004444,sub-028,count_matched,M1_HIGH_BETA,-0.008689231601731517
ds004444,sub-028,count_matched,M2_BROADBAND_HIGH_FREQUENCY,0.006045616883116889
ds004444,sub-028,count_matched,M4_NFSQI_FULL_QUALITY,0.011960119047619067
ds004444,sub-028,count_matched,M5_RIEMANNIAN_POTATO,0.0
ds004444,sub-028,natural,M0_NO_GATE,0.0
ds004444,sub-028,natural,M1_HIGH_BETA,-0.00875541125541135
ds004444,sub-028,natural,M2_BROADBAND_HIGH_FREQUENCY,-0.00014069264069271892
ds004444,sub-028,natural,M4_NFSQI_FULL_QUALITY,-0.0026352813852814627
ds004444,sub-028,natural,M5_RIEMANNIAN_POTATO,0.0
ds004444,sub-029,count_matched,M0_NO_GATE,0.0
ds004444,sub-029,count_matched,M1_HIGH_BETA,-0.015625
ds004444,sub-029,count_matched,M2_BROADBAND_HIGH_FREQUENCY,-0.012462499999999932
ds004444,sub-029,count_matched,M3_AMPLITUDE_150,0.0006000000000000449
ds004444,sub-029,count_matched,M4_NFSQI_FULL_QUALITY,-0.020175000000000054
ds004444,sub-029,count_matched,M5_RIEMANNIAN_POTATO,0.0
ds004444,sub-029,natural,M0_NO_GATE,0.0
ds004444,sub-029,natural,M1_HIGH_BETA,0.0025000000000000577
ds004444,sub-029,natural,M2_BROADBAND_HIGH_FREQUENCY,0.003750000000000031
ds004444,sub-029,natural,M3_AMPLITUDE_150,0.0025000000000000577
ds004444,sub-029,natural,M4_NFSQI_FULL_QUALITY,-0.007500000000000062
ds004444,sub-029,natural,M5_RIEMANNIAN_POTATO,0.0
ds004444,sub-030,count_matched,M0_NO_GATE,0.0
ds004444,sub-030,count_matched,M1_HIGH_BETA,0.0005374999999999686
ds004444,sub-030,count_matched,M2_BROADBAND_HIGH_FREQUENCY,-0.020612499999999923
ds004444,sub-030,count_matched,M3_AMPLITUDE_150,0.002075000000000049
ds004444,sub-030,count_matched,M4_NFSQI_FULL_QUALITY,-0.010274999999999923
ds004444,sub-030,count_matched,M5_RIEMANNIAN_POTATO,0.0
ds004444,sub-030,natural,M0_NO_GATE,0.0
ds004444,sub-030,natural,M1_HIGH_BETA,-0.007500000000000062
ds004444,sub-030,natural,M2_BROADBAND_HIGH_FREQUENCY,-0.02375000000000005
ds004444,sub-030,natural,M3_AMPLITUDE_150,-0.0025000000000000577
ds004444,sub-030,natural,M4_NFSQI_FULL_QUALITY,-0.02749999999999997
ds004444,sub-030,natural,M5_RIEMANNIAN_POTATO,0.0
ds004446,sub-004,count_matched,M0_NO_GATE,0.0
ds004446,sub-004,count_matched,M1_HIGH_BETA,-0.0060371000694985355
ds004446,sub-004,count_matched,M2_BROADBAND_HIGH_FREQUENCY,-0.009237800078709113
ds004446,sub-004,count_matched,M3_AMPLITUDE_150,-0.000531104513635916
ds004446,sub-004,count_matched,M4_NFSQI_FULL_QUALITY,-0.01711824299572129
ds004446,sub-004,count_matched,M5_RIEMANNIAN_POTATO,0.0
ds004446,sub-004,natural,M0_NO_GATE,0.0
ds004446,sub-004,natural,M1_HIGH_BETA,-0.00637960323042519
ds004446,sub-004,natural,M2_BROADBAND_HIGH_FREQUENCY,-0.013867571822117175
ds004446,sub-004,natural,M3_AMPLITUDE_150,-0.0010082257362237224
ds004446,sub-004,natural,M4_NFSQI_FULL_QUALITY,-0.02957002499434802
ds004446,sub-004,natural,M5_RIEMANNIAN_POTATO,0.0
ds004446,sub-005,count_matched,M0_NO_GATE,0.0
ds004446,sub-005,count_matched,M1_HIGH_BETA,-0.026608630952380863
ds004446,sub-005,count_matched,M2_BROADBAND_HIGH_FREQUENCY,-0.03657886904761898
ds004446,sub-005,count_matched,M3_AMPLITUDE_150,-0.00869494047619046
ds004446,sub-005,count_matched,M4_NFSQI_FULL_QUALITY,-0.06037797619047608
ds004446,sub-005,count_matched,M5_RIEMANNIAN_POTATO,0.0
ds004446,sub-005,natural,M0_NO_GATE,0.0
ds004446,sub-005,natural,M1_HIGH_BETA,-0.014434523809523814
ds004446,sub-005,natural,M2_BROADBAND_HIGH_FREQUENCY,-0.029761904761904878
ds004446,sub-005,natural,M3_AMPLITUDE_150,-0.006249999999999867
ds004446,sub-005,natural,M4_NFSQI_FULL_QUALITY,-0.05238095238095236
ds004446,sub-005,natural,M5_RIEMANNIAN_POTATO,0.0
ds004446,sub-012,count_matched,M0_NO_GATE,0.0
ds004446,sub-012,count_matched,M1_HIGH_BETA,-0.006952906415466753
ds004446,sub-012,count_matched,M2_BROADBAND_HIGH_FREQUENCY,0.005560556056932953
ds004446,sub-012,count_matched,M3_AMPLITUDE_150,-0.00016889632107019992
ds004446,sub-012,count_matched,M4_NFSQI_FULL_QUALITY,0.013290140169367248
ds004446,sub-012,count_matched,M5_RIEMANNIAN_POTATO,0.00040426421404693436
ds004446,sub-012,natural,M0_NO_GATE,0.0
ds004446,sub-012,natural,M1_HIGH_BETA,-0.010004062630874277
ds004446,sub-012,natural,M2_BROADBAND_HIGH_FREQUENCY,0.015033823306770167
ds004446,sub-012,natural,M3_AMPLITUDE_150,-0.0017976588628761947
ds004446,sub-012,natural,M4_NFSQI_FULL_QUALITY,0.017587910613272917
ds004446,sub-012,natural,M5_RIEMANNIAN_POTATO,-0.0009615384615384581
ds004446,sub-013,count_matched,M0_NO_GATE,0.0
ds004446,sub-013,count_matched,M1_HIGH_BETA,-0.0049479166666666075
ds004446,sub-013,count_matched,M2_BROADBAND_HIGH_FREQUENCY,-0.005101190476190398
ds004446,sub-013,count_matched,M3_AMPLITUDE_150,0.0020297619047620064
ds004446,sub-013,count_matched,M4_NFSQI_FULL_QUALITY,0.0027693452380952444
ds004446,sub-013,count_matched,M5_RIEMANNIAN_POTATO,-0.000827380952380885
ds004446,sub-013,natural,M0_NO_GATE,0.0
ds004446,sub-013,natural,M1_HIGH_BETA,-0.016071428571428514
ds004446,sub-013,natural,M2_BROADBAND_HIGH_FREQUENCY,-0.014583333333333282
ds004446,sub-013,natural,M3_AMPLITUDE_150,-0.0005952380952380931
ds004446,sub-013,natural,M4_NFSQI_FULL_QUALITY,-0.0029761904761904656
ds004446,sub-013,natural,M5_RIEMANNIAN_POTATO,-0.0001488095238095788
ds004446,sub-018,count_matched,M0_NO_GATE,0.0
ds004446,sub-018,count_matched,M1_HIGH_BETA,0.011615408422985807
ds004446,sub-018,count_matched,M2_BROADBAND_HIGH_FREQUENCY,0.009424872541945906
ds004446,sub-018,count_matched,M3_AMPLITUDE_150,0.0002901987939625261
ds004446,sub-018,count_matched,M4_NFSQI_FULL_QUALITY,0.013315169332756782
ds004446,sub-018,count_matched,M5_RIEMANNIAN_POTATO,0.0
ds004446,sub-018,natural,M0_NO_GATE,0.0
ds004446,sub-018,natural,M1_HIGH_BETA,0.006111074999269772
ds004446,sub-018,natural,M2_BROADBAND_HIGH_FREQUENCY,0.0034617008072552746
ds004446,sub-018,natural,M3_AMPLITUDE_150,-0.009846593637627299
ds004446,sub-018,natural,M4_NFSQI_FULL_QUALITY,0.0020022243909699755
ds004446,sub-018,natural,M5_RIEMANNIAN_POTATO,0.0
ds004447,sub-001,count_matched,M0_NO_GATE,0.0
ds004447,sub-001,count_matched,M1_HIGH_BETA,-1.2789564350246252e-05
ds004447,sub-001,count_matched,M2_BROADBAND_HIGH_FREQUENCY,0.006028229974160193
ds004447,sub-001,count_matched,M3_AMPLITUDE_150,-0.000340789473684211
ds004447,sub-001,count_matched,M4_NFSQI_FULL_QUALITY,0.0016360317784124279
ds004447,sub-001,count_matched,M5_RIEMANNIAN_POTATO,-0.0003934210526316262
ds004447,sub-001,natural,M0_NO_GATE,0.0
ds004447,sub-001,natural,M1_HIGH_BETA,0.0
ds004447,sub-001,natural,M2_BROADBAND_HIGH_FREQUENCY,0.0005383290267011454
ds004447,sub-001,natural,M3_AMPLITUDE_150,0.0
ds004447,sub-001,natural,M4_NFSQI_FULL_QUALITY,0.0023148148148147696
ds004447,sub-001,natural,M5_RIEMANNIAN_POTATO,0.0
ds004447,sub-002,count_matched,M0_NO_GATE,0.0
ds004447,sub-002,count_matched,M1_HIGH_BETA,0.01436589688506984
ds004447,sub-002,count_matched,M2_BROADBAND_HIGH_FREQUENCY,-0.01755429645542439
ds004447,sub-002,count_matched,M3_AMPLITUDE_150,0.0
ds004447,sub-002,count_matched,M4_NFSQI_FULL_QUALITY,-0.02183117615467245
ds004447,sub-002,count_matched,M5_RIEMANNIAN_POTATO,0.0
ds004447,sub-002,natural,M0_NO_GATE,0.0
ds004447,sub-002,natural,M1_HIGH_BETA,0.008660042964554249
ds004447,sub-002,natural,M2_BROADBAND_HIGH_FREQUENCY,-0.03207303974221265
ds004447,sub-002,natural,M3_AMPLITUDE_150,0.0
ds004447,sub-002,natural,M4_NFSQI_FULL_QUALITY,-0.048074650912996786
ds004447,sub-002,natural,M5_RIEMANNIAN_POTATO,0.0
ds004447,sub-003,count_matched,M0_NO_GATE,0.0
ds004447,sub-003,count_matched,M1_HIGH_BETA,0.0003865442983090883
ds004447,sub-003,count_matched,M2_BROADBAND_HIGH_FREQUENCY,-0.03778551452522039
ds004447,sub-003,count_matched,M3_AMPLITUDE_150,0.0
ds004447,sub-003,count_matched,M4_NFSQI_FULL_QUALITY,-0.06225194753577101
ds004447,sub-003,count_matched,M5_RIEMANNIAN_POTATO,0.0
ds004447,sub-003,natural,M0_NO_GATE,0.0
ds004447,sub-003,natural,M1_HIGH_BETA,-0.018090764561352835
ds004447,sub-003,natural,M2_BROADBAND_HIGH_FREQUENCY,-0.07512176615117794
ds004447,sub-003,natural,M3_AMPLITUDE_150,0.0
ds004447,sub-003,natural,M4_NFSQI_FULL_QUALITY,-0.11672568290215346
ds004447,sub-003,natural,M5_RIEMANNIAN_POTATO,0.0
ds004447,sub-004,count_matched,M0_NO_GATE,0.0
ds004447,sub-004,count_matched,M1_HIGH_BETA,0.01083834633602676
ds004447,sub-004,count_matched,M2_BROADBAND_HIGH_FREQUENCY,0.0005378891642591199
ds004447,sub-004,count_matched,M3_AMPLITUDE_150,0.0
ds004447,sub-004,count_matched,M4_NFSQI_FULL_QUALITY,0.013946869821530705
ds004447,sub-004,count_matched,M5_RIEMANNIAN_POTATO,0.0
ds004447,sub-004,natural,M0_NO_GATE,0.0
ds004447,sub-004,natural,M1_HIGH_BETA,-0.008397185845639421
ds004447,sub-004,natural,M2_BROADBAND_HIGH_FREQUENCY,3.4462025780834793e-06
ds004447,sub-004,natural,M3_AMPLITUDE_150,0.0
ds004447,sub-004,natural,M4_NFSQI_FULL_QUALITY,0.0035024050094586423
ds004447,sub-004,natural,M5_RIEMANNIAN_POTATO,0.0
ds004447,sub-005,count_matched,M0_NO_GATE,0.0
ds004447,sub-005,count_matched,M1_HIGH_BETA,-0.0013807463369963635
ds004447,sub-005,count_matched,M2_BROADBAND_HIGH_FREQUENCY,0.006042937271062199
ds004447,sub-005,count_matched,M3_AMPLITUDE_150,-0.003297493131868112
ds004447,sub-005,count_matched,M4_NFSQI_FULL_QUALITY,0.03984926739926742
ds004447,sub-005,count_matched,M5_RIEMANNIAN_POTATO,-0.00035897435897436214
ds004447,sub-005,natural,M0_NO_GATE,0.0
ds004447,sub-005,natural,M1_HIGH_BETA,-0.005272435897435757
ds004447,sub-005,natural,M2_BROADBAND_HIGH_FREQUENCY,0.03002174908424915
ds004447,sub-005,natural,M3_AMPLITUDE_150,-0.008621794871794819
ds004447,sub-005,natural,M4_NFSQI_FULL_QUALITY,0.029076236263736344
ds004447,sub-005,natural,M5_RIEMANNIAN_POTATO,0.0017948717948718107
ds004447,sub-006,count_matched,M0_NO_GATE,0.0
ds004447,sub-006,count_matched,M1_HIGH_BETA,-0.004795637810140252
ds004447,sub-006,count_matched,M2_BROADBAND_HIGH_FREQUENCY,-0.018662924757281596
ds004447,sub-006,count_matched,M3_AMPLITUDE_150,-0.021097121089536208
ds004447,sub-006,count_matched,M4_NFSQI_FULL_QUALITY,-0.07307423139158586
ds004447,sub-006,count_matched,M5_RIEMANNIAN_POTATO,0.0
ds004447,sub-006,natural,M0_NO_GATE,0.0
ds004447,sub-006,natural,M1_HIGH_BETA,-0.014735706580366714
ds004447,sub-006,natural,M2_BROADBAND_HIGH_FREQUENCY,-0.043213322545846755
ds004447,sub-006,natural,M3_AMPLITUDE_150,-0.027396844660194097
ds004447,sub-006,natural,M4_NFSQI_FULL_QUALITY,-0.11345064724919096
ds004447,sub-006,natural,M5_RIEMANNIAN_POTATO,0.0
ds004447,sub-007,count_matched,M0_NO_GATE,0.0
ds004447,sub-007,count_matched,M1_HIGH_BETA,0.0003947893569844485
ds004447,sub-007,count_matched,M2_BROADBAND_HIGH_FREQUENCY,-0.020821563192904735
ds004447,sub-007,count_matched,M3_AMPLITUDE_150,-0.0014642857142856958
ds004447,sub-007,count_matched,M4_NFSQI_FULL_QUALITY,-0.04510945517896747
ds004447,sub-007,count_matched,M5_RIEMANNIAN_POTATO,0.0
ds004447,sub-007,natural,M0_NO_GATE,0.0
ds004447,sub-007,natural,M1_HIGH_BETA,-0.006869654735508268
ds004447,sub-007,natural,M2_BROADBAND_HIGH_FREQUENCY,-0.043802660753880174
ds004447,sub-007,natural,M3_AMPLITUDE_150,0.0025000000000001688
ds004447,sub-007,natural,M4_NFSQI_FULL_QUALITY,-0.07688390877415263
ds004447,sub-007,natural,M5_RIEMANNIAN_POTATO,0.0
ds004447,sub-008,count_matched,M0_NO_GATE,0.0
ds004447,sub-008,count_matched,M1_HIGH_BETA,0.007607972276400088
ds004447,sub-008,count_matched,M2_BROADBAND_HIGH_FREQUENCY,-0.00292793083031484
ds004447,sub-008,count_matched,M3_AMPLITUDE_150,0.0
ds004447,sub-008,count_matched,M4_NFSQI_FULL_QUALITY,0.038307171217609404
ds004447,sub-008,count_matched,M5_RIEMANNIAN_POTATO,0.0
ds004447,sub-008,natural,M0_NO_GATE,0.0
ds004447,sub-008,natural,M1_HIGH_BETA,0.027518807467261097
ds004447,sub-008,natural,M2_BROADBAND_HIGH_FREQUENCY,0.009488715519643365
ds004447,sub-008,natural,M3_AMPLITUDE_150,0.0
ds004447,sub-008,natural,M4_NFSQI_FULL_QUALITY,0.03854990944552805
ds004447,sub-008,natural,M5_RIEMANNIAN_POTATO,0.0
ds004447,sub-009,count_matched,M0_NO_GATE,0.0
ds004447,sub-009,count_matched,M1_HIGH_BETA,-0.005964550446980743
ds004447,sub-009,count_matched,M2_BROADBAND_HIGH_FREQUENCY,-0.005512399920164501
ds004447,sub-009,count_matched,M3_AMPLITUDE_150,0.00020795817557495155
ds004447,sub-009,count_matched,M4_NFSQI_FULL_QUALITY,0.020744951549449664
ds004447,sub-009,count_matched,M5_RIEMANNIAN_POTATO,0.0
ds004447,sub-009,natural,M0_NO_GATE,0.0
ds004447,sub-009,natural,M1_HIGH_BETA,0.0008214540929811776
ds004447,sub-009,natural,M2_BROADBAND_HIGH_FREQUENCY,-0.000328559883662205
ds004447,sub-009,natural,M3_AMPLITUDE_150,0.0034228092291528345
ds004447,sub-009,natural,M4_NFSQI_FULL_QUALITY,0.013355308024551094
ds004447,sub-009,natural,M5_RIEMANNIAN_POTATO,0.0
ds004447,sub-010,count_matched,M0_NO_GATE,0.0
ds004447,sub-010,count_matched,M1_HIGH_BETA,0.01732964078329635
ds004447,sub-010,count_matched,M2_BROADBAND_HIGH_FREQUENCY,0.03300827928094896
ds004447,sub-010,count_matched,M3_AMPLITUDE_150,0.0
ds004447,sub-010,count_matched,M4_NFSQI_FULL_QUALITY,0.04383815017296766
ds004447,sub-010,count_matched,M5_RIEMANNIAN_POTATO,0.0
ds004447,sub-010,natural,M0_NO_GATE,0.0
ds004447,sub-010,natural,M1_HIGH_BETA,0.020766385594267356
ds004447,sub-010,natural,M2_BROADBAND_HIGH_FREQUENCY,0.049945098220904316
ds004447,sub-010,natural,M3_AMPLITUDE_150,0.0
ds004447,sub-010,natural,M4_NFSQI_FULL_QUALITY,0.02720008648381511
ds004447,sub-010,natural,M5_RIEMANNIAN_POTATO,0.0
ds004447,sub-011,count_matched,M0_NO_GATE,0.0
ds004447,sub-011,count_matched,M1_HIGH_BETA,-0.0041497481684981685
ds004447,sub-011,count_matched,M2_BROADBAND_HIGH_FREQUENCY,0.0067076465201465485
ds004447,sub-011,count_matched,M3_AMPLITUDE_150,-0.0018430059523809605
ds004447,sub-011,count_matched,M4_NFSQI_FULL_QUALITY,-0.014514537545787465
ds004447,sub-011,count_matched,M5_RIEMANNIAN_POTATO,-0.0026056547619047743
ds004447,sub-011,natural,M0_NO_GATE,0.0
ds004447,sub-011,natural,M1_HIGH_BETA,-0.0057051282051282515
ds004447,sub-011,natural,M2_BROADBAND_HIGH_FREQUENCY,-0.005948946886446871
ds004447,sub-011,natural,M3_AMPLITUDE_150,0.0
ds004447,sub-011,natural,M4_NFSQI_FULL_QUALITY,-0.038498168498168506
ds004447,sub-011,natural,M5_RIEMANNIAN_POTATO,0.0
ds004447,sub-012,count_matched,M0_NO_GATE,0.0
ds004447,sub-012,count_matched,M1_HIGH_BETA,-0.024095189888389434
ds004447,sub-012,count_matched,M2_BROADBAND_HIGH_FREQUENCY,-0.028719142778291462
ds004447,sub-012,count_matched,M3_AMPLITUDE_150,-0.0015779985018242737
ds004447,sub-012,count_matched,M4_NFSQI_FULL_QUALITY,-0.04683900812168906
ds004447,sub-012,count_matched,M5_RIEMANNIAN_POTATO,-0.007267099453058368
ds004447,sub-012,natural,M0_NO_GATE,0.0
ds004447,sub-012,natural,M1_HIGH_BETA,-0.03940481566704657
ds004447,sub-012,natural,M2_BROADBAND_HIGH_FREQUENCY,-0.055281875658588
ds004447,sub-012,natural,M3_AMPLITUDE_150,-0.008256148613291492
ds004447,sub-012,natural,M4_NFSQI_FULL_QUALITY,-0.07642606252195294
ds004447,sub-012,natural,M5_RIEMANNIAN_POTATO,-0.014180806147538028
ds004447,sub-013,count_matched,M0_NO_GATE,0.0
ds004447,sub-013,count_matched,M1_HIGH_BETA,0.010212692864789874
ds004447,sub-013,count_matched,M2_BROADBAND_HIGH_FREQUENCY,-0.045802285841362866
ds004447,sub-013,count_matched,M3_AMPLITUDE_150,0.0
ds004447,sub-013,count_matched,M4_NFSQI_FULL_QUALITY,-0.062289682324138784
ds004447,sub-013,count_matched,M5_RIEMANNIAN_POTATO,0.0
ds004447,sub-013,natural,M0_NO_GATE,0.0
ds004447,sub-013,natural,M1_HIGH_BETA,0.019001531110271475
ds004447,sub-013,natural,M2_BROADBAND_HIGH_FREQUENCY,-0.03619902859122115
ds004447,sub-013,natural,M3_AMPLITUDE_150,0.0
ds004447,sub-013,natural,M4_NFSQI_FULL_QUALITY,-0.05814399127778824
ds004447,sub-013,natural,M5_RIEMANNIAN_POTATO,0.0
ds004447,sub-014,count_matched,M0_NO_GATE,0.0
ds004447,sub-014,count_matched,M1_HIGH_BETA,0.025015166102618003
ds004447,sub-014,count_matched,M2_BROADBAND_HIGH_FREQUENCY,-0.0011496291136655068
ds004447,sub-014,count_matched,M3_AMPLITUDE_150,0.0
ds004447,sub-014,count_matched,M4_NFSQI_FULL_QUALITY,0.023301707706072317
ds004447,sub-014,count_matched,M5_RIEMANNIAN_POTATO,0.0
ds004447,sub-014,natural,M0_NO_GATE,0.0
ds004447,sub-014,natural,M1_HIGH_BETA,0.02731922482203275
ds004447,sub-014,natural,M2_BROADBAND_HIGH_FREQUENCY,-0.027944176197144843
ds004447,sub-014,natural,M3_AMPLITUDE_150,0.0
ds004447,sub-014,natural,M4_NFSQI_FULL_QUALITY,0.027585810771385222
ds004447,sub-014,natural,M5_RIEMANNIAN_POTATO,0.0
ds004447,sub-015,count_matched,M0_NO_GATE,0.0
ds004447,sub-015,count_matched,M1_HIGH_BETA,0.011936728949238806
ds004447,sub-015,count_matched,M2_BROADBAND_HIGH_FREQUENCY,-0.01856474956046833
ds004447,sub-015,count_matched,M3_AMPLITUDE_150,-0.0011812366737739
ds004447,sub-015,count_matched,M4_NFSQI_FULL_QUALITY,0.01077383570867474
ds004447,sub-015,count_matched,M5_RIEMANNIAN_POTATO,-0.0011812366737739
ds004447,sub-015,natural,M0_NO_GATE,0.0
ds004447,sub-015,natural,M1_HIGH_BETA,0.034232876968540826
ds004447,sub-015,natural,M2_BROADBAND_HIGH_FREQUENCY,-0.018333333333333257
ds004447,sub-015,natural,M3_AMPLITUDE_150,0.0023809523809523725
ds004447,sub-015,natural,M4_NFSQI_FULL_QUALITY,0.013013223356899806
ds004447,sub-015,natural,M5_RIEMANNIAN_POTATO,0.0023809523809523725
ds004447,sub-016,count_matched,M0_NO_GATE,0.0
ds004447,sub-016,count_matched,M1_HIGH_BETA,0.008850286368843108
ds004447,sub-016,count_matched,M2_BROADBAND_HIGH_FREQUENCY,-0.0018207474226803466
ds004447,sub-016,count_matched,M3_AMPLITUDE_150,0.0001431844215349365
ds004447,sub-016,count_matched,M4_NFSQI_FULL_QUALITY,0.044318563860252125
ds004447,sub-016,count_matched,M5_RIEMANNIAN_POTATO,0.0
ds004447,sub-016,natural,M0_NO_GATE,0.0
ds004447,sub-016,natural,M1_HIGH_BETA,-0.00010738831615125788
ds004447,sub-016,natural,M2_BROADBAND_HIGH_FREQUENCY,0.016560710194730766
ds004447,sub-016,natural,M3_AMPLITUDE_150,-0.0043671248568156185
ds004447,sub-016,natural,M4_NFSQI_FULL_QUALITY,0.04202963917525776
ds004447,sub-016,natural,M5_RIEMANNIAN_POTATO,0.0
ds004447,sub-017,count_matched,M0_NO_GATE,0.0
ds004447,sub-017,count_matched,M1_HIGH_BETA,0.023813755414270887
ds004447,sub-017,count_matched,M2_BROADBAND_HIGH_FREQUENCY,0.048368948942326795
ds004447,sub-017,count_matched,M3_AMPLITUDE_150,0.0
ds004447,sub-017,count_matched,M4_NFSQI_FULL_QUALITY,0.0368831314637863
ds004447,sub-017,count_matched,M5_RIEMANNIAN_POTATO,0.0
ds004447,sub-017,natural,M0_NO_GATE,0.0
ds004447,sub-017,natural,M1_HIGH_BETA,0.007179468459031835
ds004447,sub-017,natural,M2_BROADBAND_HIGH_FREQUENCY,0.053389888593042056
ds004447,sub-017,natural,M3_AMPLITUDE_150,0.0
ds004447,sub-017,natural,M4_NFSQI_FULL_QUALITY,0.005523897291635382
ds004447,sub-017,natural,M5_RIEMANNIAN_POTATO,0.0
ds004447,sub-018,count_matched,M0_NO_GATE,0.0
ds004447,sub-018,count_matched,M1_HIGH_BETA,-0.018983619929453188
ds004447,sub-018,count_matched,M2_BROADBAND_HIGH_FREQUENCY,-0.05007434964726626
ds004447,sub-018,count_matched,M3_AMPLITUDE_150,0.0
ds004447,sub-018,count_matched,M4_NFSQI_FULL_QUALITY,-0.0874583664021163
ds004447,sub-018,count_matched,M5_RIEMANNIAN_POTATO,0.0
ds004447,sub-018,natural,M0_NO_GATE,0.0
ds004447,sub-018,natural,M1_HIGH_BETA,-0.004220127865961154
ds004447,sub-018,natural,M2_BROADBAND_HIGH_FREQUENCY,-0.06811507936507938
ds004447,sub-018,natural,M3_AMPLITUDE_150,0.0
ds004447,sub-018,natural,M4_NFSQI_FULL_QUALITY,-0.0920673500881834
ds004447,sub-018,natural,M5_RIEMANNIAN_POTATO,0.0
ds004447,sub-019,count_matched,M0_NO_GATE,0.0
ds004447,sub-019,count_matched,M1_HIGH_BETA,-0.015464162266054293
ds004447,sub-019,count_matched,M2_BROADBAND_HIGH_FREQUENCY,0.01235543969186792
ds004447,sub-019,count_matched,M3_AMPLITUDE_150,-0.008041963118919693
ds004447,sub-019,count_matched,M4_NFSQI_FULL_QUALITY,0.02661613776527849
ds004447,sub-019,count_matched,M5_RIEMANNIAN_POTATO,-0.003533831857122083
ds004447,sub-019,natural,M0_NO_GATE,0.0
ds004447,sub-019,natural,M1_HIGH_BETA,-0.01723798842976465
ds004447,sub-019,natural,M2_BROADBAND_HIGH_FREQUENCY,0.020430884274720507
ds004447,sub-019,natural,M3_AMPLITUDE_150,-0.018041237113401998
ds004447,sub-019,natural,M4_NFSQI_FULL_QUALITY,0.00875658181317962
ds004447,sub-019,natural,M5_RIEMANNIAN_POTATO,-0.009873675039930307
ds004447,sub-020,count_matched,M0_NO_GATE,0.0
ds004447,sub-020,count_matched,M1_HIGH_BETA,-0.0004236276634164149
ds004447,sub-020,count_matched,M2_BROADBAND_HIGH_FREQUENCY,0.022240158902130602
ds004447,sub-020,count_matched,M3_AMPLITUDE_150,0.0
ds004447,sub-020,count_matched,M4_NFSQI_FULL_QUALITY,0.01092249909714682
ds004447,sub-020,count_matched,M5_RIEMANNIAN_POTATO,0.0
ds004447,sub-020,natural,M0_NO_GATE,0.0
ds004447,sub-020,natural,M1_HIGH_BETA,-0.0005588660166124804
ds004447,sub-020,natural,M2_BROADBAND_HIGH_FREQUENCY,0.048301733477789766
ds004447,sub-020,natural,M3_AMPLITUDE_150,0.0
ds004447,sub-020,natural,M4_NFSQI_FULL_QUALITY,0.014679487179487083
ds004447,sub-020,natural,M5_RIEMANNIAN_POTATO,0.0
ds004447,sub-021,count_matched,M0_NO_GATE,0.0
ds004447,sub-021,count_matched,M1_HIGH_BETA,-0.007534769608925518
ds004447,sub-021,count_matched,M2_BROADBAND_HIGH_FREQUENCY,-0.033567641965024375
ds004447,sub-021,count_matched,M3_AMPLITUDE_150,-0.005610059187838634
ds004447,sub-021,count_matched,M4_NFSQI_FULL_QUALITY,-0.05061894450241622
ds004447,sub-021,count_matched,M5_RIEMANNIAN_POTATO,0.0
ds004447,sub-021,natural,M0_NO_GATE,0.0
ds004447,sub-021,natural,M1_HIGH_BETA,-0.01580911195841006
ds004447,sub-021,natural,M2_BROADBAND_HIGH_FREQUENCY,-0.022060118156590813
ds004447,sub-021,natural,M3_AMPLITUDE_150,-0.0007552025061535739
ds004447,sub-021,natural,M4_NFSQI_FULL_QUALITY,-0.05776399901681828
ds004447,sub-021,natural,M5_RIEMANNIAN_POTATO,0.0
ds004447,sub-022,count_matched,M0_NO_GATE,0.0
ds004447,sub-022,count_matched,M1_HIGH_BETA,-0.0059675675675674444
ds004447,sub-022,count_matched,M2_BROADBAND_HIGH_FREQUENCY,-0.0097162162162161
ds004447,sub-022,count_matched,M3_AMPLITUDE_150,0.0
ds004447,sub-022,count_matched,M4_NFSQI_FULL_QUALITY,-0.023132432432432348
ds004447,sub-022,count_matched,M5_RIEMANNIAN_POTATO,0.0
ds004447,sub-022,natural,M0_NO_GATE,0.0
ds004447,sub-022,natural,M1_HIGH_BETA,-0.005743243243243157
ds004447,sub-022,natural,M2_BROADBAND_HIGH_FREQUENCY,-0.027027027027027084
ds004447,sub-022,natural,M3_AMPLITUDE_150,0.0
ds004447,sub-022,natural,M4_NFSQI_FULL_QUALITY,-0.031013513513513447
ds004447,sub-022,natural,M5_RIEMANNIAN_POTATO,0.0
