dataset,subject,session,gate,duration_s
ds004447,sub-001,ses-01,gate_a_requested,11.0
ds004447,sub-001,ses-01,gate_a_requested,7.0
ds004447,sub-001,ses-01,gate_a_requested,6.0
ds004447,sub-001,ses-01,gate_a_requested,6.0
ds004447,sub-001,ses-01,gate_b_allowed,11.0
ds004447,sub-001,ses-01,gate_b_allowed,7.0
ds004447,sub-001,ses-01,gate_b_allowed,9.0
ds004447,sub-001,ses-01,gate_b_allowed,6.0
ds004447,sub-001,ses-01,gate_c_allowed,11.0
ds004447,sub-001,ses-01,gate_c_allowed,8.5
ds004447,sub-001,ses-01,gate_c_allowed,18.0
ds004447,sub-001,ses-01,gate_c_allowed,8.5
ds004447,sub-001,ses-19,gate_a_requested,6.0
ds004447,sub-001,ses-19,gate_a_requested,7.5
ds004447,sub-001,ses-19,gate_a_requested,6.0
ds004447,sub-001,ses-19,gate_a_requested,7.5
ds004447,sub-001,ses-19,gate_a_requested,7.5
ds004447,sub-001,ses-19,gate_b_allowed,6.0
ds004447,sub-001,ses-19,gate_b_allowed,7.5
ds004447,sub-001,ses-19,gate_b_allowed,6.0
ds004447,sub-001,ses-19,gate_b_allowed,7.0
ds004447,sub-001,ses-19,gate_b_allowed,7.5
ds004447,sub-001,ses-19,gate_b_allowed,7.5
ds004447,sub-001,ses-19,gate_c_allowed,6.0
ds004447,sub-001,ses-19,gate_c_allowed,7.5
ds004447,sub-001,ses-19,gate_c_allowed,11.0
ds004447,sub-001,ses-19,gate_c_allowed,27.5
ds004447,sub-002,ses-01,gate_a_requested,5.5
ds004447,sub-002,ses-01,gate_a_requested,7.0
ds004447,sub-002,ses-01,gate_a_requested,15.5
ds004447,sub-002,ses-01,gate_a_requested,7.0
ds004447,sub-002,ses-01,gate_b_allowed,5.5
ds004447,sub-002,ses-01,gate_b_allowed,5.5
ds004447,sub-002,ses-01,gate_b_allowed,26.5
ds004447,sub-002,ses-01,gate_b_allowed,7.0
ds004447,sub-002,ses-01,gate_c_allowed,12.0
ds004447,sub-002,ses-01,gate_c_allowed,34.0
ds004447,sub-002,ses-01,gate_c_allowed,7.5
ds004447,sub-002,ses-19,gate_a_requested,6.0
ds004447,sub-002,ses-19,gate_a_requested,7.5
ds004447,sub-002,ses-19,gate_a_requested,6.0
ds004447,sub-002,ses-19,gate_a_requested,7.5
ds004447,sub-002,ses-19,gate_a_requested,7.5
ds004447,sub-002,ses-19,gate_b_allowed,6.0
ds004447,sub-002,ses-19,gate_b_allowed,7.5
ds004447,sub-002,ses-19,gate_b_allowed,6.0
ds004447,sub-002,ses-19,gate_b_allowed,7.0
ds004447,sub-002,ses-19,gate_b_allowed,7.5
ds004447,sub-002,ses-19,gate_b_allowed,7.5
ds004447,sub-002,ses-19,gate_c_allowed,6.0
ds004447,sub-002,ses-19,gate_c_allowed,7.5
ds004447,sub-002,ses-19,gate_c_allowed,11.0
ds004447,sub-002,ses-19,gate_c_allowed,27.5
ds004447,sub-003,ses-01,gate_a_requested,6.5
ds004447,sub-003,ses-01,gate_b_allowed,6.5
ds004447,sub-003,ses-01,gate_b_allowed,5.5
ds004447,sub-003,ses-01,gate_b_allowed,7.0
ds004447,sub-003,ses-01,gate_c_allowed,7.0
ds004447,sub-003,ses-01,gate_c_allowed,5.5
ds004447,sub-003,ses-01,gate_c_allowed,6.5
ds004447,sub-003,ses-01,gate_c_allowed,7.0
ds004447,sub-003,ses-19,gate_a_requested,11.0
ds004447,sub-003,ses-19,gate_b_allowed,11.0
ds004447,sub-003,ses-19,gate_c_allowed,8.5
ds004447,sub-003,ses-19,gate_c_allowed,12.0
ds004447,sub-003,ses-19,gate_c_allowed,8.5
ds004447,sub-004,ses-01,gate_b_allowed,8.0
ds004447,sub-004,ses-01,gate_c_allowed,5.5
ds004447,sub-004,ses-01,gate_c_allowed,7.0
ds004447,sub-004,ses-01,gate_c_allowed,5.5
ds004447,sub-004,ses-01,gate_c_allowed,11.0
ds004447,sub-004,ses-19,gate_a_requested,6.0
ds004447,sub-004,ses-19,gate_a_requested,8.5
ds004447,sub-004,ses-19,gate_a_requested,6.0
ds004447,sub-004,ses-19,gate_a_requested,8.0
ds004447,sub-004,ses-19,gate_b_allowed,6.0
ds004447,sub-004,ses-19,gate_b_allowed,8.5
ds004447,sub-004,ses-19,gate_b_allowed,6.0
ds004447,sub-004,ses-19,gate_b_allowed,8.0
ds004447,sub-004,ses-19,gate_c_allowed,6.0
ds004447,sub-004,ses-19,gate_c_allowed,8.5
ds004447,sub-004,ses-19,gate_c_allowed,7.0
ds004447,sub-004,ses-19,gate_c_allowed,6.0
ds004447,sub-004,ses-19,gate_c_allowed,8.0
ds004447,sub-004,ses-19,gate_c_allowed,5.5
ds004447,sub-005,ses-01,gate_a_requested,7.5
ds004447,sub-005,ses-01,gate_a_requested,6.0
ds004447,sub-005,ses-01,gate_a_requested,5.5
ds004447,sub-005,ses-01,gate_a_requested,5.5
ds004447,sub-005,ses-01,gate_b_allowed,7.5
ds004447,sub-005,ses-01,gate_b_allowed,6.5
ds004447,sub-005,ses-01,gate_b_allowed,5.5
ds004447,sub-005,ses-01,gate_b_allowed,5.5
ds004447,sub-005,ses-01,gate_c_allowed,17.0
ds004447,sub-005,ses-01,gate_c_allowed,19.5
ds004447,sub-005,ses-01,gate_c_allowed,7.0
ds004447,sub-005,ses-19,gate_a_requested,6.5
ds004447,sub-005,ses-19,gate_a_requested,12.0
ds004447,sub-005,ses-19,gate_a_requested,8.5
ds004447,sub-005,ses-19,gate_b_allowed,11.0
ds004447,sub-005,ses-19,gate_b_allowed,6.5
ds004447,sub-005,ses-19,gate_b_allowed,12.0
ds004447,sub-005,ses-19,gate_b_allowed,8.5
ds004447,sub-005,ses-19,gate_c_allowed,12.5
ds004447,sub-005,ses-19,gate_c_allowed,6.5
ds004447,sub-005,ses-19,gate_c_allowed,12.0
ds004447,sub-005,ses-19,gate_c_allowed,8.5
ds004447,sub-005,ses-19,gate_c_allowed,8.5
ds004447,sub-006,ses-01,gate_a_requested,6.0
ds004447,sub-006,ses-01,gate_a_requested,9.0
ds004447,sub-006,ses-01,gate_a_requested,7.0
ds004447,sub-006,ses-01,gate_b_allowed,6.0
ds004447,sub-006,ses-01,gate_b_allowed,9.0
ds004447,sub-006,ses-01,gate_b_allowed,7.0
ds004447,sub-006,ses-01,gate_c_allowed,6.0
ds004447,sub-006,ses-01,gate_c_allowed,9.0
ds004447,sub-006,ses-01,gate_c_allowed,12.5
ds004447,sub-006,ses-19,gate_a_requested,8.0
ds004447,sub-006,ses-19,gate_a_requested,17.5
ds004447,sub-006,ses-19,gate_b_allowed,8.0
ds004447,sub-006,ses-19,gate_b_allowed,20.5
ds004447,sub-006,ses-19,gate_c_allowed,8.5
ds004447,sub-006,ses-19,gate_c_allowed,21.5
ds004447,sub-006,ses-19,gate_c_allowed,5.5
ds004447,sub-007,ses-01,gate_a_requested,8.5
ds004447,sub-007,ses-01,gate_a_requested,5.5
ds004447,sub-007,ses-01,gate_a_requested,10.5
ds004447,sub-007,ses-01,gate_a_requested,7.0
ds004447,sub-007,ses-01,gate_b_allowed,8.5
ds004447,sub-007,ses-01,gate_b_allowed,5.5
ds004447,sub-007,ses-01,gate_b_allowed,10.5
ds004447,sub-007,ses-01,gate_b_allowed,8.0
ds004447,sub-007,ses-01,gate_c_allowed,14.0
ds004447,sub-007,ses-01,gate_c_allowed,5.5
ds004447,sub-007,ses-01,gate_c_allowed,10.5
ds004447,sub-007,ses-01,gate_c_allowed,8.0
ds004447,sub-007,ses-19,gate_a_requested,8.0
ds004447,sub-007,ses-19,gate_a_requested,8.5
ds004447,sub-007,ses-19,gate_b_allowed,8.0
ds004447,sub-007,ses-19,gate_b_allowed,8.0
ds004447,sub-007,ses-19,gate_b_allowed,9.5
ds004447,sub-007,ses-19,gate_c_allowed,5.5
ds004447,sub-007,ses-19,gate_c_allowed,11.0
ds004447,sub-007,ses-19,gate_c_allowed,18.0
ds004447,sub-008,ses-01,gate_a_requested,12.5
ds004447,sub-008,ses-01,gate_a_requested,5.5
ds004447,sub-008,ses-01,gate_a_requested,8.0
ds004447,sub-008,ses-01,gate_b_allowed,12.5
ds004447,sub-008,ses-01,gate_b_allowed,5.5
ds004447,sub-008,ses-01,gate_b_allowed,8.0
ds004447,sub-008,ses-01,gate_c_allowed,13.5
ds004447,sub-008,ses-01,gate_c_allowed,7.5
ds004447,sub-008,ses-01,gate_c_allowed,6.5
ds004447,sub-008,ses-01,gate_c_allowed,5.5
ds004447,sub-008,ses-01,gate_c_allowed,12.5
ds004447,sub-008,ses-19,gate_a_requested,8.0
ds004447,sub-008,ses-19,gate_a_requested,8.5
ds004447,sub-008,ses-19,gate_a_requested,9.5
ds004447,sub-008,ses-19,gate_b_allowed,8.0
ds004447,sub-008,ses-19,gate_b_allowed,8.5
ds004447,sub-008,ses-19,gate_b_allowed,9.5
ds004447,sub-008,ses-19,gate_c_allowed,8.0
ds004447,sub-008,ses-19,gate_c_allowed,13.0
ds004447,sub-008,ses-19,gate_c_allowed,5.5
ds004447,sub-008,ses-19,gate_c_allowed,22.0
ds004447,sub-009,ses-01,gate_a_requested,14.5
ds004447,sub-009,ses-01,gate_a_requested,6.5
ds004447,sub-009,ses-01,gate_b_allowed,14.5
ds004447,sub-009,ses-01,gate_b_allowed,6.5
ds004447,sub-009,ses-01,gate_b_allowed,6.5
ds004447,sub-009,ses-01,gate_c_allowed,19.5
ds004447,sub-009,ses-01,gate_c_allowed,7.0
ds004447,sub-009,ses-01,gate_c_allowed,6.5
ds004447,sub-009,ses-01,gate_c_allowed,11.0
ds004447,sub-009,ses-19,gate_a_requested,7.5
ds004447,sub-009,ses-19,gate_a_requested,8.5
ds004447,sub-009,ses-19,gate_a_requested,20.0
ds004447,sub-009,ses-19,gate_b_allowed,20.5
ds004447,sub-009,ses-19,gate_b_allowed,14.5
ds004447,sub-009,ses-19,gate_b_allowed,21.5
ds004447,sub-009,ses-19,gate_c_allowed,37.0
ds004447,sub-009,ses-19,gate_c_allowed,21.5
ds004447,sub-010,ses-01,gate_a_requested,11.5
ds004447,sub-010,ses-01,gate_a_requested,7.5
ds004447,sub-010,ses-01,gate_a_requested,6.5
ds004447,sub-010,ses-01,gate_b_allowed,19.5
ds004447,sub-010,ses-01,gate_b_allowed,6.5
ds004447,sub-010,ses-01,gate_c_allowed,23.0
ds004447,sub-010,ses-01,gate_c_allowed,6.5
ds004447,sub-010,ses-19,gate_c_allowed,6.0
ds004447,sub-010,ses-19,gate_c_allowed,8.0
ds004447,sub-010,ses-19,gate_c_allowed,6.5
ds004447,sub-011,ses-01,gate_a_requested,5.5
ds004447,sub-011,ses-01,gate_a_requested,8.0
ds004447,sub-011,ses-01,gate_a_requested,7.0
ds004447,sub-011,ses-01,gate_b_allowed,14.0
ds004447,sub-011,ses-01,gate_b_allowed,7.0
ds004447,sub-011,ses-01,gate_b_allowed,6.0
ds004447,sub-011,ses-01,gate_c_allowed,17.0
ds004447,sub-011,ses-01,gate_c_allowed,7.0
ds004447,sub-011,ses-01,gate_c_allowed,6.0
ds004447,sub-011,ses-01,gate_c_allowed,5.5
ds004447,sub-011,ses-19,gate_b_allowed,5.5
ds004447,sub-011,ses-19,gate_c_allowed,9.5
ds004447,sub-011,ses-19,gate_c_allowed,6.5
ds004447,sub-011,ses-19,gate_c_allowed,6.0
ds004447,sub-011,ses-19,gate_c_allowed,6.0
ds004447,sub-012,ses-01,gate_a_requested,7.5
ds004447,sub-012,ses-01,gate_a_requested,6.0
ds004447,sub-012,ses-01,gate_b_allowed,7.5
ds004447,sub-012,ses-01,gate_b_allowed,6.0
ds004447,sub-012,ses-01,gate_c_allowed,7.5
ds004447,sub-012,ses-01,gate_c_allowed,9.0
ds004447,sub-012,ses-01,gate_c_allowed,7.5
ds004447,sub-012,ses-19,gate_b_allowed,5.5
ds004447,sub-012,ses-19,gate_c_allowed,9.5
ds004447,sub-012,ses-19,gate_c_allowed,6.5
ds004447,sub-012,ses-19,gate_c_allowed,6.0
ds004447,sub-012,ses-19,gate_c_allowed,6.0
ds004447,sub-013,ses-01,gate_a_requested,12.0
ds004447,sub-013,ses-01,gate_b_allowed,13.0
ds004447,sub-013,ses-01,gate_c_allowed,7.0
ds004447,sub-013,ses-01,gate_c_allowed,13.0
ds004447,sub-013,ses-01,gate_c_allowed,13.0
ds004447,sub-013,ses-20,gate_a_requested,6.0
ds004447,sub-013,ses-20,gate_b_allowed,6.0
ds004447,sub-013,ses-20,gate_c_allowed,8.5
ds004447,sub-013,ses-20,gate_c_allowed,6.0
ds004447,sub-013,ses-20,gate_c_allowed,7.0
ds004447,sub-013,ses-20,gate_c_allowed,5.5
ds004447,sub-014,ses-01,gate_a_requested,7.0
ds004447,sub-014,ses-01,gate_a_requested,8.0
ds004447,sub-014,ses-01,gate_a_requested,6.0
ds004447,sub-014,ses-01,gate_a_requested,5.5
ds004447,sub-014,ses-01,gate_b_allowed,7.0
ds004447,sub-014,ses-01,gate_b_allowed,8.0
ds004447,sub-014,ses-01,gate_b_allowed,6.0
ds004447,sub-014,ses-01,gate_b_allowed,5.5
ds004447,sub-014,ses-01,gate_c_allowed,7.0
ds004447,sub-014,ses-01,gate_c_allowed,10.5
ds004447,sub-014,ses-01,gate_c_allowed,5.5
ds004447,sub-014,ses-01,gate_c_allowed,6.0
ds004447,sub-014,ses-01,gate_c_allowed,5.5
ds004447,sub-014,ses-01,gate_c_allowed,5.5
ds004447,sub-014,ses-19,gate_a_requested,6.0
ds004447,sub-014,ses-19,gate_a_requested,10.0
ds004447,sub-014,ses-19,gate_a_requested,7.0
ds004447,sub-014,ses-19,gate_b_allowed,7.0
ds004447,sub-014,ses-19,gate_b_allowed,8.0
ds004447,sub-014,ses-19,gate_b_allowed,11.0
ds004447,sub-014,ses-19,gate_b_allowed,7.0
ds004447,sub-014,ses-19,gate_c_allowed,7.0
ds004447,sub-014,ses-19,gate_c_allowed,8.0
ds004447,sub-014,ses-19,gate_c_allowed,11.5
ds004447,sub-014,ses-19,gate_c_allowed,5.5
ds004447,sub-014,ses-19,gate_c_allowed,7.0
ds004447,sub-015,ses-01,gate_a_requested,8.0
ds004447,sub-015,ses-01,gate_a_requested,7.0
ds004447,sub-015,ses-01,gate_a_requested,7.0
ds004447,sub-015,ses-01,gate_a_requested,8.5
ds004447,sub-015,ses-01,gate_b_allowed,8.0
ds004447,sub-015,ses-01,gate_b_allowed,7.0
ds004447,sub-015,ses-01,gate_b_allowed,12.5
ds004447,sub-015,ses-01,gate_b_allowed,8.5
ds004447,sub-015,ses-01,gate_c_allowed,8.5
ds004447,sub-015,ses-01,gate_c_allowed,12.5
ds004447,sub-015,ses-01,gate_c_allowed,12.5
ds004447,sub-015,ses-01,gate_c_allowed,9.0
ds004447,sub-015,ses-19,gate_a_requested,11.5
ds004447,sub-015,ses-19,gate_b_allowed,11.5
ds004447,sub-015,ses-19,gate_c_allowed,15.0
ds004447,sub-015,ses-19,gate_c_allowed,7.0
ds004447,sub-015,ses-19,gate_c_allowed,7.0
ds004447,sub-015,ses-19,gate_c_allowed,7.0
ds004447,sub-015,ses-19,gate_c_allowed,9.0
ds004447,sub-016,ses-01,gate_c_allowed,11.0
ds004447,sub-016,ses-01,gate_c_allowed,7.0
ds004447,sub-016,ses-18,gate_a_requested,8.0
ds004447,sub-016,ses-18,gate_a_requested,6.5
ds004447,sub-016,ses-18,gate_a_requested,5.5
ds004447,sub-016,ses-18,gate_a_requested,6.0
ds004447,sub-016,ses-18,gate_b_allowed,20.5
ds004447,sub-016,ses-18,gate_b_allowed,6.5
ds004447,sub-016,ses-18,gate_b_allowed,7.5
ds004447,sub-016,ses-18,gate_b_allowed,6.0
ds004447,sub-016,ses-18,gate_c_allowed,35.0
ds004447,sub-016,ses-18,gate_c_allowed,14.5
ds004447,sub-016,ses-18,gate_c_allowed,6.0
ds004447,sub-017,ses-01,gate_a_requested,7.0
ds004447,sub-017,ses-01,gate_a_requested,9.5
ds004447,sub-017,ses-01,gate_a_requested,6.0
ds004447,sub-017,ses-01,gate_a_requested,7.0
ds004447,sub-017,ses-01,gate_b_allowed,7.0
ds004447,sub-017,ses-01,gate_b_allowed,9.5
ds004447,sub-017,ses-01,gate_b_allowed,9.0
ds004447,sub-017,ses-01,gate_b_allowed,6.5
ds004447,sub-017,ses-01,gate_b_allowed,6.0
ds004447,sub-017,ses-01,gate_b_allowed,7.5
ds004447,sub-017,ses-01,gate_c_allowed,40.0
ds004447,sub-017,ses-01,gate_c_allowed,6.0
ds004447,sub-017,ses-01,gate_c_allowed,11.0
ds004447,sub-017,ses-19,gate_a_requested,7.5
ds004447,sub-017,ses-19,gate_a_requested,8.0
ds004447,sub-017,ses-19,gate_a_requested,6.0
ds004447,sub-017,ses-19,gate_b_allowed,7.5
ds004447,sub-017,ses-19,gate_b_allowed,8.0
ds004447,sub-017,ses-19,gate_b_allowed,6.0
ds004447,sub-017,ses-19,gate_c_allowed,7.5
ds004447,sub-017,ses-19,gate_c_allowed,7.0
ds004447,sub-017,ses-19,gate_c_allowed,6.5
ds004447,sub-017,ses-19,gate_c_allowed,17.5
ds004447,sub-017,ses-19,gate_c_allowed,6.0
ds004447,sub-018,ses-01,gate_a_requested,6.0
ds004447,sub-018,ses-01,gate_a_requested,6.0
ds004447,sub-018,ses-01,gate_a_requested,9.0
ds004447,sub-018,ses-01,gate_a_requested,10.0
ds004447,sub-018,ses-01,gate_a_requested,7.5
ds004447,sub-018,ses-01,gate_b_allowed,13.0
ds004447,sub-018,ses-01,gate_b_allowed,17.5
ds004447,sub-018,ses-01,gate_b_allowed,10.0
ds004447,sub-018,ses-01,gate_b_allowed,7.5
ds004447,sub-018,ses-01,gate_c_allowed,13.0
ds004447,sub-018,ses-01,gate_c_allowed,17.5
ds004447,sub-018,ses-01,gate_c_allowed,12.0
ds004447,sub-018,ses-01,gate_c_allowed,7.5
ds004447,sub-018,ses-19,gate_a_requested,12.0
ds004447,sub-018,ses-19,gate_a_requested,13.5
ds004447,sub-018,ses-19,gate_a_requested,6.0
ds004447,sub-018,ses-19,gate_a_requested,8.0
ds004447,sub-018,ses-19,gate_a_requested,7.0
ds004447,sub-018,ses-19,gate_b_allowed,12.0
ds004447,sub-018,ses-19,gate_b_allowed,13.5
ds004447,sub-018,ses-19,gate_b_allowed,6.0
ds004447,sub-018,ses-19,gate_b_allowed,8.5
ds004447,sub-018,ses-19,gate_b_allowed,7.0
ds004447,sub-018,ses-19,gate_c_allowed,12.0
ds004447,sub-018,ses-19,gate_c_allowed,13.5
ds004447,sub-018,ses-19,gate_c_allowed,6.0
ds004447,sub-018,ses-19,gate_c_allowed,8.5
ds004447,sub-018,ses-19,gate_c_allowed,7.0
ds004447,sub-019,ses-01,gate_a_requested,5.5
ds004447,sub-019,ses-01,gate_a_requested,19.0
ds004447,sub-019,ses-01,gate_b_allowed,9.5
ds004447,sub-019,ses-01,gate_b_allowed,19.0
ds004447,sub-019,ses-01,gate_c_allowed,7.5
ds004447,sub-019,ses-01,gate_c_allowed,9.5
ds004447,sub-019,ses-01,gate_c_allowed,19.0
ds004447,sub-019,ses-01,gate_c_allowed,8.0
ds004447,sub-019,ses-19,gate_a_requested,13.0
ds004447,sub-019,ses-19,gate_a_requested,5.5
ds004447,sub-019,ses-19,gate_a_requested,7.0
ds004447,sub-019,ses-19,gate_b_allowed,10.5
ds004447,sub-019,ses-19,gate_b_allowed,26.5
ds004447,sub-019,ses-19,gate_c_allowed,16.0
ds004447,sub-019,ses-19,gate_c_allowed,26.5
ds004447,sub-020,ses-01,gate_a_requested,10.0
ds004447,sub-020,ses-01,gate_a_requested,7.0
ds004447,sub-020,ses-01,gate_a_requested,7.5
ds004447,sub-020,ses-01,gate_a_requested,7.5
ds004447,sub-020,ses-01,gate_b_allowed,10.0
ds004447,sub-020,ses-01,gate_b_allowed,7.0
ds004447,sub-020,ses-01,gate_b_allowed,7.5
ds004447,sub-020,ses-01,gate_b_allowed,7.5
ds004447,sub-020,ses-01,gate_c_allowed,10.0
ds004447,sub-020,ses-01,gate_c_allowed,7.0
ds004447,sub-020,ses-01,gate_c_allowed,7.5
ds004447,sub-020,ses-01,gate_c_allowed,14.0
ds004447,sub-020,ses-19,gate_a_requested,5.5
ds004447,sub-020,ses-19,gate_a_requested,6.0
ds004447,sub-020,ses-19,gate_a_requested,6.5
ds004447,sub-020,ses-19,gate_a_requested,5.5
ds004447,sub-020,ses-19,gate_b_allowed,5.5
ds004447,sub-020,ses-19,gate_b_allowed,6.0
ds004447,sub-020,ses-19,gate_b_allowed,8.5
ds004447,sub-020,ses-19,gate_b_allowed,5.5
ds004447,sub-020,ses-19,gate_c_allowed,5.5
ds004447,sub-020,ses-19,gate_c_allowed,6.5
ds004447,sub-020,ses-19,gate_c_allowed,6.0
ds004447,sub-020,ses-19,gate_c_allowed,8.5
ds004447,sub-020,ses-19,gate_c_allowed,6.5
ds004447,sub-020,ses-19,gate_c_allowed,5.5
ds004447,sub-021,ses-01,gate_a_requested,12.5
ds004447,sub-021,ses-01,gate_a_requested,8.0
ds004447,sub-021,ses-01,gate_a_requested,6.0
ds004447,sub-021,ses-01,gate_a_requested,8.5
ds004447,sub-021,ses-01,gate_b_allowed,12.5
ds004447,sub-021,ses-01,gate_b_allowed,10.5
ds004447,sub-021,ses-01,gate_b_allowed,6.0
ds004447,sub-021,ses-01,gate_b_allowed,8.5
ds004447,sub-021,ses-01,gate_c_allowed,12.5
ds004447,sub-021,ses-01,gate_c_allowed,10.5
ds004447,sub-021,ses-01,gate_c_allowed,23.0
ds004447,sub-021,ses-01,gate_c_allowed,5.5
ds004447,sub-021,ses-19,gate_a_requested,10.5
ds004447,sub-021,ses-19,gate_a_requested,9.5
ds004447,sub-021,ses-19,gate_a_requested,6.5
ds004447,sub-021,ses-19,gate_a_requested,6.5
ds004447,sub-021,ses-19,gate_a_requested,7.5
ds004447,sub-021,ses-19,gate_a_requested,10.0
ds004447,sub-021,ses-19,gate_b_allowed,10.5
ds004447,sub-021,ses-19,gate_b_allowed,9.5
ds004447,sub-021,ses-19,gate_b_allowed,6.5
ds004447,sub-021,ses-19,gate_b_allowed,6.5
ds004447,sub-021,ses-19,gate_b_allowed,7.5
ds004447,sub-021,ses-19,gate_b_allowed,10.0
ds004447,sub-021,ses-19,gate_c_allowed,10.5
ds004447,sub-021,ses-19,gate_c_allowed,9.5
ds004447,sub-021,ses-19,gate_c_allowed,6.5
ds004447,sub-021,ses-19,gate_c_allowed,6.5
ds004447,sub-021,ses-19,gate_c_allowed,7.5
ds004447,sub-021,ses-19,gate_c_allowed,10.0
ds004447,sub-022,ses-01,gate_a_requested,9.0
ds004447,sub-022,ses-01,gate_a_requested,6.0
ds004447,sub-022,ses-01,gate_b_allowed,9.0
ds004447,sub-022,ses-01,gate_b_allowed,7.5
ds004447,sub-022,ses-01,gate_b_allowed,6.0
ds004447,sub-022,ses-01,gate_b_allowed,5.5
ds004447,sub-022,ses-01,gate_c_allowed,12.5
ds004447,sub-022,ses-01,gate_c_allowed,7.5
ds004447,sub-022,ses-01,gate_c_allowed,8.5
ds004447,sub-022,ses-01,gate_c_allowed,10.0
ds004447,sub-022,ses-19,gate_a_requested,6.5
ds004447,sub-022,ses-19,gate_a_requested,8.5
ds004447,sub-022,ses-19,gate_a_requested,14.5
ds004447,sub-022,ses-19,gate_b_allowed,10.0
ds004447,sub-022,ses-19,gate_b_allowed,6.5
ds004447,sub-022,ses-19,gate_b_allowed,11.5
ds004447,sub-022,ses-19,gate_b_allowed,6.0
ds004447,sub-022,ses-19,gate_b_allowed,14.5
ds004447,sub-022,ses-19,gate_c_allowed,29.5
ds004447,sub-022,ses-19,gate_c_allowed,6.0
ds004447,sub-022,ses-19,gate_c_allowed,14.5
ds004444,sub-001,ses-01,gate_a_requested,9.0
ds004444,sub-001,ses-01,gate_a_requested,7.5
ds004444,sub-001,ses-01,gate_a_requested,7.5
ds004444,sub-001,ses-01,gate_a_requested,12.0
ds004444,sub-001,ses-01,gate_b_allowed,9.0
ds004444,sub-001,ses-01,gate_b_allowed,7.5
ds004444,sub-001,ses-01,gate_b_allowed,7.5
ds004444,sub-001,ses-01,gate_b_allowed,8.5
ds004444,sub-001,ses-01,gate_b_allowed,7.5
ds004444,sub-001,ses-01,gate_b_allowed,17.5
ds004444,sub-001,ses-01,gate_c_allowed,9.0
ds004444,sub-001,ses-01,gate_c_allowed,11.0
ds004444,sub-001,ses-01,gate_c_allowed,7.5
ds004444,sub-001,ses-01,gate_c_allowed,8.5
ds004444,sub-001,ses-01,gate_c_allowed,13.5
ds004444,sub-001,ses-01,gate_c_allowed,8.5
ds004444,sub-001,ses-01,gate_c_allowed,19.5
ds004444,sub-001,ses-01,gate_c_allowed,7.5
ds004444,sub-001,ses-16,gate_a_requested,6.5
ds004444,sub-001,ses-16,gate_a_requested,7.0
ds004444,sub-001,ses-16,gate_a_requested,9.5
ds004444,sub-001,ses-16,gate_a_requested,7.5
ds004444,sub-001,ses-16,gate_b_allowed,7.0
ds004444,sub-001,ses-16,gate_b_allowed,5.5
ds004444,sub-001,ses-16,gate_b_allowed,7.0
ds004444,sub-001,ses-16,gate_b_allowed,8.0
ds004444,sub-001,ses-16,gate_b_allowed,9.5
ds004444,sub-001,ses-16,gate_b_allowed,10.0
ds004444,sub-001,ses-16,gate_b_allowed,10.5
ds004444,sub-001,ses-16,gate_c_allowed,29.5
ds004444,sub-001,ses-16,gate_c_allowed,9.5
ds004444,sub-001,ses-16,gate_c_allowed,11.5
ds004444,sub-001,ses-16,gate_c_allowed,15.0
ds004444,sub-001,ses-16,gate_c_allowed,7.5
ds004444,sub-001,ses-16,gate_c_allowed,10.5
ds004444,sub-002,ses-01,gate_a_requested,17.5
ds004444,sub-002,ses-01,gate_a_requested,6.5
ds004444,sub-002,ses-01,gate_a_requested,13.0
ds004444,sub-002,ses-01,gate_a_requested,12.0
ds004444,sub-002,ses-01,gate_a_requested,21.5
ds004444,sub-002,ses-01,gate_a_requested,7.0
ds004444,sub-002,ses-01,gate_a_requested,15.5
ds004444,sub-002,ses-01,gate_a_requested,5.5
ds004444,sub-002,ses-01,gate_b_allowed,17.5
ds004444,sub-002,ses-01,gate_b_allowed,6.5
ds004444,sub-002,ses-01,gate_b_allowed,13.0
ds004444,sub-002,ses-01,gate_b_allowed,12.0
ds004444,sub-002,ses-01,gate_b_allowed,21.5
ds004444,sub-002,ses-01,gate_b_allowed,7.0
ds004444,sub-002,ses-01,gate_b_allowed,15.5
ds004444,sub-002,ses-01,gate_b_allowed,8.5
ds004444,sub-002,ses-01,gate_c_allowed,17.5
ds004444,sub-002,ses-01,gate_c_allowed,20.0
ds004444,sub-002,ses-01,gate_c_allowed,12.0
ds004444,sub-002,ses-01,gate_c_allowed,33.0
ds004444,sub-002,ses-01,gate_c_allowed,15.5
ds004444,sub-002,ses-01,gate_c_allowed,8.5
ds004444,sub-002,ses-16,gate_a_requested,18.5
ds004444,sub-002,ses-16,gate_a_requested,7.5
ds004444,sub-002,ses-16,gate_a_requested,7.5
ds004444,sub-002,ses-16,gate_a_requested,10.0
ds004444,sub-002,ses-16,gate_a_requested,12.5
ds004444,sub-002,ses-16,gate_a_requested,14.0
ds004444,sub-002,ses-16,gate_a_requested,9.5
ds004444,sub-002,ses-16,gate_b_allowed,18.5
ds004444,sub-002,ses-16,gate_b_allowed,7.5
ds004444,sub-002,ses-16,gate_b_allowed,7.5
ds004444,sub-002,ses-16,gate_b_allowed,10.0
ds004444,sub-002,ses-16,gate_b_allowed,12.5
ds004444,sub-002,ses-16,gate_b_allowed,14.0
ds004444,sub-002,ses-16,gate_b_allowed,9.5
ds004444,sub-002,ses-16,gate_c_allowed,19.5
ds004444,sub-002,ses-16,gate_c_allowed,12.0
ds004444,sub-002,ses-16,gate_c_allowed,7.5
ds004444,sub-002,ses-16,gate_c_allowed,10.0
ds004444,sub-002,ses-16,gate_c_allowed,13.5
ds004444,sub-002,ses-16,gate_c_allowed,14.0
ds004444,sub-002,ses-16,gate_c_allowed,7.5
ds004444,sub-002,ses-16,gate_c_allowed,13.5
ds004444,sub-002,ses-16,gate_c_allowed,5.5
ds004444,sub-003,ses-01,gate_a_requested,9.5
ds004444,sub-003,ses-01,gate_a_requested,8.5
ds004444,sub-003,ses-01,gate_a_requested,6.0
ds004444,sub-003,ses-01,gate_a_requested,6.0
ds004444,sub-003,ses-01,gate_a_requested,6.5
ds004444,sub-003,ses-01,gate_b_allowed,9.5
ds004444,sub-003,ses-01,gate_b_allowed,8.5
ds004444,sub-003,ses-01,gate_b_allowed,7.0
ds004444,sub-003,ses-01,gate_b_allowed,12.0
ds004444,sub-003,ses-01,gate_b_allowed,12.0
ds004444,sub-003,ses-01,gate_b_allowed,6.0
ds004444,sub-003,ses-01,gate_b_allowed,7.0
ds004444,sub-003,ses-01,gate_b_allowed,6.5
ds004444,sub-003,ses-01,gate_c_allowed,12.0
ds004444,sub-003,ses-01,gate_c_allowed,26.0
ds004444,sub-003,ses-01,gate_c_allowed,7.0
ds004444,sub-003,ses-01,gate_c_allowed,12.0
ds004444,sub-003,ses-01,gate_c_allowed,23.5
ds004444,sub-003,ses-01,gate_c_allowed,8.5
ds004444,sub-003,ses-01,gate_c_allowed,9.5
ds004444,sub-003,ses-16,gate_a_requested,5.5
ds004444,sub-003,ses-16,gate_a_requested,6.0
ds004444,sub-003,ses-16,gate_b_allowed,7.0
ds004444,sub-003,ses-16,gate_b_allowed,8.0
ds004444,sub-003,ses-16,gate_b_allowed,8.0
ds004444,sub-003,ses-16,gate_b_allowed,7.5
ds004444,sub-003,ses-16,gate_b_allowed,5.5
ds004444,sub-003,ses-16,gate_b_allowed,6.0
ds004444,sub-003,ses-16,gate_c_allowed,15.0
ds004444,sub-003,ses-16,gate_c_allowed,20.0
ds004444,sub-003,ses-16,gate_c_allowed,6.5
ds004444,sub-003,ses-16,gate_c_allowed,6.0
ds004444,sub-003,ses-16,gate_c_allowed,8.0
ds004444,sub-003,ses-16,gate_c_allowed,46.0
ds004444,sub-004,ses-01,gate_a_requested,16.5
ds004444,sub-004,ses-01,gate_a_requested,6.0
ds004444,sub-004,ses-01,gate_a_requested,5.5
ds004444,sub-004,ses-01,gate_a_requested,7.5
ds004444,sub-004,ses-01,gate_a_requested,6.0
ds004444,sub-004,ses-01,gate_a_requested,12.5
ds004444,sub-004,ses-01,gate_b_allowed,17.0
ds004444,sub-004,ses-01,gate_b_allowed,6.0
ds004444,sub-004,ses-01,gate_b_allowed,5.5
ds004444,sub-004,ses-01,gate_b_allowed,7.5
ds004444,sub-004,ses-01,gate_b_allowed,6.0
ds004444,sub-004,ses-01,gate_b_allowed,12.5
ds004444,sub-004,ses-01,gate_c_allowed,19.0
ds004444,sub-004,ses-01,gate_c_allowed,13.0
ds004444,sub-004,ses-01,gate_c_allowed,5.5
ds004444,sub-004,ses-01,gate_c_allowed,7.5
ds004444,sub-004,ses-01,gate_c_allowed,6.0
ds004444,sub-004,ses-01,gate_c_allowed,12.5
ds004444,sub-004,ses-16,gate_a_requested,6.0
ds004444,sub-004,ses-16,gate_a_requested,7.0
ds004444,sub-004,ses-16,gate_a_requested,10.5
ds004444,sub-004,ses-16,gate_a_requested,15.0
ds004444,sub-004,ses-16,gate_a_requested,13.0
ds004444,sub-004,ses-16,gate_a_requested,5.5
ds004444,sub-004,ses-16,gate_b_allowed,8.0
ds004444,sub-004,ses-16,gate_b_allowed,8.5
ds004444,sub-004,ses-16,gate_b_allowed,7.0
ds004444,sub-004,ses-16,gate_b_allowed,12.0
ds004444,sub-004,ses-16,gate_b_allowed,8.5
ds004444,sub-004,ses-16,gate_b_allowed,16.5
ds004444,sub-004,ses-16,gate_b_allowed,15.0
ds004444,sub-004,ses-16,gate_b_allowed,5.5
ds004444,sub-004,ses-16,gate_c_allowed,11.5
ds004444,sub-004,ses-16,gate_c_allowed,11.5
ds004444,sub-004,ses-16,gate_c_allowed,6.0
ds004444,sub-004,ses-16,gate_c_allowed,9.0
ds004444,sub-004,ses-16,gate_c_allowed,12.0
ds004444,sub-004,ses-16,gate_c_allowed,8.5
ds004444,sub-004,ses-16,gate_c_allowed,32.0
ds004444,sub-004,ses-16,gate_c_allowed,7.5
ds004444,sub-005,ses-01,gate_a_requested,20.5
ds004444,sub-005,ses-01,gate_a_requested,9.5
ds004444,sub-005,ses-01,gate_a_requested,6.5
ds004444,sub-005,ses-01,gate_a_requested,6.0
ds004444,sub-005,ses-01,gate_a_requested,7.5
ds004444,sub-005,ses-01,gate_b_allowed,20.5
ds004444,sub-005,ses-01,gate_b_allowed,9.5
ds004444,sub-005,ses-01,gate_b_allowed,6.5
ds004444,sub-005,ses-01,gate_b_allowed,5.5
ds004444,sub-005,ses-01,gate_b_allowed,6.0
ds004444,sub-005,ses-01,gate_b_allowed,7.5
ds004444,sub-005,ses-01,gate_c_allowed,23.0
ds004444,sub-005,ses-01,gate_c_allowed,11.0
ds004444,sub-005,ses-01,gate_c_allowed,10.0
ds004444,sub-005,ses-01,gate_c_allowed,10.5
ds004444,sub-005,ses-01,gate_c_allowed,12.0
ds004444,sub-005,ses-01,gate_c_allowed,7.5
ds004444,sub-005,ses-16,gate_a_requested,23.0
ds004444,sub-005,ses-16,gate_a_requested,6.5
ds004444,sub-005,ses-16,gate_a_requested,6.5
ds004444,sub-005,ses-16,gate_a_requested,14.5
ds004444,sub-005,ses-16,gate_b_allowed,27.0
ds004444,sub-005,ses-16,gate_b_allowed,6.0
ds004444,sub-005,ses-16,gate_b_allowed,21.5
ds004444,sub-005,ses-16,gate_b_allowed,15.0
ds004444,sub-005,ses-16,gate_b_allowed,17.0
ds004444,sub-005,ses-16,gate_c_allowed,6.5
ds004444,sub-005,ses-16,gate_c_allowed,27.5
ds004444,sub-005,ses-16,gate_c_allowed,6.0
ds004444,sub-005,ses-16,gate_c_allowed,21.5
ds004444,sub-005,ses-16,gate_c_allowed,19.0
ds004444,sub-005,ses-16,gate_c_allowed,17.0
ds004444,sub-006,ses-01,gate_a_requested,6.5
ds004444,sub-006,ses-01,gate_a_requested,12.0
ds004444,sub-006,ses-01,gate_a_requested,6.5
ds004444,sub-006,ses-01,gate_a_requested,10.5
ds004444,sub-006,ses-01,gate_b_allowed,6.5
ds004444,sub-006,ses-01,gate_b_allowed,16.0
ds004444,sub-006,ses-01,gate_b_allowed,5.5
ds004444,sub-006,ses-01,gate_b_allowed,6.5
ds004444,sub-006,ses-01,gate_b_allowed,10.5
ds004444,sub-006,ses-01,gate_c_allowed,6.5
ds004444,sub-006,ses-01,gate_c_allowed,16.0
ds004444,sub-006,ses-01,gate_c_allowed,6.0
ds004444,sub-006,ses-01,gate_c_allowed,9.0
ds004444,sub-006,ses-01,gate_c_allowed,6.5
ds004444,sub-006,ses-01,gate_c_allowed,8.0
ds004444,sub-006,ses-01,gate_c_allowed,11.0
ds004444,sub-006,ses-01,gate_c_allowed,7.0
ds004444,sub-006,ses-16,gate_a_requested,23.0
ds004444,sub-006,ses-16,gate_a_requested,7.5
ds004444,sub-006,ses-16,gate_a_requested,9.0
ds004444,sub-006,ses-16,gate_a_requested,9.0
ds004444,sub-006,ses-16,gate_a_requested,11.0
ds004444,sub-006,ses-16,gate_a_requested,5.5
ds004444,sub-006,ses-16,gate_a_requested,9.5
ds004444,sub-006,ses-16,gate_a_requested,13.0
ds004444,sub-006,ses-16,gate_a_requested,7.0
ds004444,sub-006,ses-16,gate_b_allowed,23.0
ds004444,sub-006,ses-16,gate_b_allowed,7.5
ds004444,sub-006,ses-16,gate_b_allowed,9.0
ds004444,sub-006,ses-16,gate_b_allowed,9.0
ds004444,sub-006,ses-16,gate_b_allowed,14.5
ds004444,sub-006,ses-16,gate_b_allowed,5.5
ds004444,sub-006,ses-16,gate_b_allowed,9.5
ds004444,sub-006,ses-16,gate_b_allowed,13.0
ds004444,sub-006,ses-16,gate_b_allowed,10.5
ds004444,sub-006,ses-16,gate_c_allowed,26.5
ds004444,sub-006,ses-16,gate_c_allowed,7.5
ds004444,sub-006,ses-16,gate_c_allowed,9.0
ds004444,sub-006,ses-16,gate_c_allowed,9.0
ds004444,sub-006,ses-16,gate_c_allowed,14.5
ds004444,sub-006,ses-16,gate_c_allowed,5.5
ds004444,sub-006,ses-16,gate_c_allowed,9.5
ds004444,sub-006,ses-16,gate_c_allowed,13.0
ds004444,sub-006,ses-16,gate_c_allowed,10.5
ds004444,sub-007,ses-01,gate_a_requested,9.5
ds004444,sub-007,ses-01,gate_a_requested,8.0
ds004444,sub-007,ses-01,gate_a_requested,8.5
ds004444,sub-007,ses-01,gate_a_requested,10.5
ds004444,sub-007,ses-01,gate_a_requested,8.0
ds004444,sub-007,ses-01,gate_b_allowed,9.5
ds004444,sub-007,ses-01,gate_b_allowed,8.5
ds004444,sub-007,ses-01,gate_b_allowed,28.0
ds004444,sub-007,ses-01,gate_b_allowed,8.0
ds004444,sub-007,ses-01,gate_c_allowed,21.0
ds004444,sub-007,ses-01,gate_c_allowed,28.0
ds004444,sub-007,ses-01,gate_c_allowed,8.0
ds004444,sub-007,ses-01,gate_c_allowed,7.5
ds004444,sub-007,ses-16,gate_a_requested,8.0
ds004444,sub-007,ses-16,gate_a_requested,24.5
ds004444,sub-007,ses-16,gate_a_requested,6.0
ds004444,sub-007,ses-16,gate_a_requested,14.5
ds004444,sub-007,ses-16,gate_a_requested,9.0
ds004444,sub-007,ses-16,gate_a_requested,5.5
ds004444,sub-007,ses-16,gate_a_requested,14.5
ds004444,sub-007,ses-16,gate_b_allowed,10.0
ds004444,sub-007,ses-16,gate_b_allowed,24.5
ds004444,sub-007,ses-16,gate_b_allowed,6.0
ds004444,sub-007,ses-16,gate_b_allowed,14.5
ds004444,sub-007,ses-16,gate_b_allowed,9.0
ds004444,sub-007,ses-16,gate_b_allowed,5.5
ds004444,sub-007,ses-16,gate_b_allowed,14.5
ds004444,sub-007,ses-16,gate_c_allowed,15.0
ds004444,sub-007,ses-16,gate_c_allowed,24.5
ds004444,sub-007,ses-16,gate_c_allowed,8.0
ds004444,sub-007,ses-16,gate_c_allowed,17.5
ds004444,sub-007,ses-16,gate_c_allowed,12.5
ds004444,sub-007,ses-16,gate_c_allowed,5.5
ds004444,sub-007,ses-16,gate_c_allowed,14.5
ds004444,sub-008,ses-01,gate_a_requested,6.5
ds004444,sub-008,ses-01,gate_a_requested,11.5
ds004444,sub-008,ses-01,gate_a_requested,9.5
ds004444,sub-008,ses-01,gate_a_requested,8.0
ds004444,sub-008,ses-01,gate_a_requested,7.0
ds004444,sub-008,ses-01,gate_b_allowed,6.5
ds004444,sub-008,ses-01,gate_b_allowed,14.0
ds004444,sub-008,ses-01,gate_b_allowed,10.0
ds004444,sub-008,ses-01,gate_b_allowed,9.5
ds004444,sub-008,ses-01,gate_b_allowed,8.0
ds004444,sub-008,ses-01,gate_b_allowed,7.0
ds004444,sub-008,ses-01,gate_b_allowed,10.0
ds004444,sub-008,ses-01,gate_c_allowed,5.5
ds004444,sub-008,ses-01,gate_c_allowed,6.5
ds004444,sub-008,ses-01,gate_c_allowed,23.0
ds004444,sub-008,ses-01,gate_c_allowed,10.0
ds004444,sub-008,ses-01,gate_c_allowed,16.5
ds004444,sub-008,ses-01,gate_c_allowed,15.0
ds004444,sub-008,ses-01,gate_c_allowed,10.5
ds004444,sub-008,ses-01,gate_c_allowed,10.0
ds004444,sub-008,ses-16,gate_a_requested,5.5
ds004444,sub-008,ses-16,gate_b_allowed,5.5
ds004444,sub-008,ses-16,gate_b_allowed,6.0
ds004444,sub-008,ses-16,gate_c_allowed,15.5
ds004444,sub-008,ses-16,gate_c_allowed,6.5
ds004444,sub-008,ses-16,gate_c_allowed,11.5
ds004444,sub-008,ses-16,gate_c_allowed,10.5
ds004444,sub-008,ses-16,gate_c_allowed,7.0
ds004444,sub-008,ses-16,gate_c_allowed,5.5
ds004444,sub-008,ses-16,gate_c_allowed,15.5
ds004444,sub-008,ses-16,gate_c_allowed,8.5
ds004444,sub-009,ses-01,gate_a_requested,8.0
ds004444,sub-009,ses-01,gate_a_requested,6.5
ds004444,sub-009,ses-01,gate_a_requested,6.5
ds004444,sub-009,ses-01,gate_a_requested,6.0
ds004444,sub-009,ses-01,gate_a_requested,17.0
ds004444,sub-009,ses-01,gate_b_allowed,8.0
ds004444,sub-009,ses-01,gate_b_allowed,6.5
ds004444,sub-009,ses-01,gate_b_allowed,12.0
ds004444,sub-009,ses-01,gate_b_allowed,6.0
ds004444,sub-009,ses-01,gate_b_allowed,19.0
ds004444,sub-009,ses-01,gate_c_allowed,12.5
ds004444,sub-009,ses-01,gate_c_allowed,6.5
ds004444,sub-009,ses-01,gate_c_allowed,8.0
ds004444,sub-009,ses-01,gate_c_allowed,22.0
ds004444,sub-009,ses-01,gate_c_allowed,6.0
ds004444,sub-009,ses-01,gate_c_allowed,19.0
ds004444,sub-009,ses-01,gate_c_allowed,10.0
ds004444,sub-009,ses-16,gate_a_requested,14.0
ds004444,sub-009,ses-16,gate_a_requested,24.0
ds004444,sub-009,ses-16,gate_a_requested,10.0
ds004444,sub-009,ses-16,gate_a_requested,13.0
ds004444,sub-009,ses-16,gate_a_requested,5.5
ds004444,sub-009,ses-16,gate_a_requested,8.0
ds004444,sub-009,ses-16,gate_a_requested,15.0
ds004444,sub-009,ses-16,gate_b_allowed,14.0
ds004444,sub-009,ses-16,gate_b_allowed,24.0
ds004444,sub-009,ses-16,gate_b_allowed,10.0
ds004444,sub-009,ses-16,gate_b_allowed,13.0
ds004444,sub-009,ses-16,gate_b_allowed,5.5
ds004444,sub-009,ses-16,gate_b_allowed,8.0
ds004444,sub-009,ses-16,gate_b_allowed,15.0
ds004444,sub-009,ses-16,gate_c_allowed,16.0
ds004444,sub-009,ses-16,gate_c_allowed,24.0
ds004444,sub-009,ses-16,gate_c_allowed,10.0
ds004444,sub-009,ses-16,gate_c_allowed,16.0
ds004444,sub-009,ses-16,gate_c_allowed,5.5
ds004444,sub-009,ses-16,gate_c_allowed,8.0
ds004444,sub-009,ses-16,gate_c_allowed,7.0
ds004444,sub-009,ses-16,gate_c_allowed,15.0
ds004444,sub-010,ses-01,gate_a_requested,7.5
ds004444,sub-010,ses-01,gate_a_requested,13.0
ds004444,sub-010,ses-01,gate_a_requested,9.0
ds004444,sub-010,ses-01,gate_a_requested,7.5
ds004444,sub-010,ses-01,gate_a_requested,12.0
ds004444,sub-010,ses-01,gate_b_allowed,8.0
ds004444,sub-010,ses-01,gate_b_allowed,7.5
ds004444,sub-010,ses-01,gate_b_allowed,13.0
ds004444,sub-010,ses-01,gate_b_allowed,5.5
ds004444,sub-010,ses-01,gate_b_allowed,10.0
ds004444,sub-010,ses-01,gate_b_allowed,7.5
ds004444,sub-010,ses-01,gate_b_allowed,12.0
ds004444,sub-010,ses-01,gate_c_allowed,8.0
ds004444,sub-010,ses-01,gate_c_allowed,7.5
ds004444,sub-010,ses-01,gate_c_allowed,13.0
ds004444,sub-010,ses-01,gate_c_allowed,13.0
ds004444,sub-010,ses-01,gate_c_allowed,26.5
ds004444,sub-010,ses-01,gate_c_allowed,31.5
ds004444,sub-010,ses-16,gate_a_requested,11.0
ds004444,sub-010,ses-16,gate_a_requested,9.0
ds004444,sub-010,ses-16,gate_a_requested,16.0
ds004444,sub-010,ses-16,gate_a_requested,5.5
ds004444,sub-010,ses-16,gate_a_requested,22.5
ds004444,sub-010,ses-16,gate_a_requested,6.0
ds004444,sub-010,ses-16,gate_a_requested,7.0
ds004444,sub-010,ses-16,gate_b_allowed,11.0
ds004444,sub-010,ses-16,gate_b_allowed,9.0
ds004444,sub-010,ses-16,gate_b_allowed,16.0
ds004444,sub-010,ses-16,gate_b_allowed,5.5
ds004444,sub-010,ses-16,gate_b_allowed,29.0
ds004444,sub-010,ses-16,gate_b_allowed,7.0
ds004444,sub-010,ses-16,gate_c_allowed,11.0
ds004444,sub-010,ses-16,gate_c_allowed,25.5
ds004444,sub-010,ses-16,gate_c_allowed,58.5
ds004444,sub-010,ses-16,gate_c_allowed,7.0
ds004444,sub-011,ses-01,gate_a_requested,20.0
ds004444,sub-011,ses-01,gate_a_requested,8.0
ds004444,sub-011,ses-01,gate_a_requested,13.0
ds004444,sub-011,ses-01,gate_a_requested,10.5
ds004444,sub-011,ses-01,gate_a_requested,6.0
ds004444,sub-011,ses-01,gate_a_requested,6.0
ds004444,sub-011,ses-01,gate_b_allowed,20.0
ds004444,sub-011,ses-01,gate_b_allowed,8.0
ds004444,sub-011,ses-01,gate_b_allowed,13.0
ds004444,sub-011,ses-01,gate_b_allowed,7.0
ds004444,sub-011,ses-01,gate_b_allowed,10.5
ds004444,sub-011,ses-01,gate_b_allowed,6.0
ds004444,sub-011,ses-01,gate_b_allowed,13.5
ds004444,sub-011,ses-01,gate_c_allowed,28.5
ds004444,sub-011,ses-01,gate_c_allowed,13.0
ds004444,sub-011,ses-01,gate_c_allowed,11.0
ds004444,sub-011,ses-01,gate_c_allowed,10.5
ds004444,sub-011,ses-01,gate_c_allowed,7.5
ds004444,sub-011,ses-01,gate_c_allowed,20.5
ds004444,sub-011,ses-16,gate_a_requested,6.0
ds004444,sub-011,ses-16,gate_a_requested,6.0
ds004444,sub-011,ses-16,gate_a_requested,8.5
ds004444,sub-011,ses-16,gate_a_requested,6.5
ds004444,sub-011,ses-16,gate_a_requested,8.5
ds004444,sub-011,ses-16,gate_b_allowed,6.0
ds004444,sub-011,ses-16,gate_b_allowed,15.5
ds004444,sub-011,ses-16,gate_b_allowed,14.0
ds004444,sub-011,ses-16,gate_b_allowed,8.5
ds004444,sub-011,ses-16,gate_c_allowed,6.0
ds004444,sub-011,ses-16,gate_c_allowed,34.0
ds004444,sub-011,ses-16,gate_c_allowed,6.0
ds004444,sub-011,ses-16,gate_c_allowed,23.0
ds004444,sub-012,ses-01,gate_a_requested,6.5
ds004444,sub-012,ses-01,gate_a_requested,14.0
ds004444,sub-012,ses-01,gate_a_requested,5.5
ds004444,sub-012,ses-01,gate_a_requested,7.5
ds004444,sub-012,ses-01,gate_b_allowed,15.0
ds004444,sub-012,ses-01,gate_b_allowed,7.0
ds004444,sub-012,ses-01,gate_b_allowed,6.0
ds004444,sub-012,ses-01,gate_b_allowed,15.5
ds004444,sub-012,ses-01,gate_b_allowed,12.0
ds004444,sub-012,ses-01,gate_b_allowed,5.5
ds004444,sub-012,ses-01,gate_b_allowed,12.5
ds004444,sub-012,ses-01,gate_c_allowed,15.0
ds004444,sub-012,ses-01,gate_c_allowed,10.0
ds004444,sub-012,ses-01,gate_c_allowed,6.0
ds004444,sub-012,ses-01,gate_c_allowed,13.5
ds004444,sub-012,ses-01,gate_c_allowed,16.5
ds004444,sub-012,ses-01,gate_c_allowed,42.5
ds004444,sub-012,ses-16,gate_a_requested,6.0
ds004444,sub-012,ses-16,gate_a_requested,5.5
ds004444,sub-012,ses-16,gate_a_requested,10.5
ds004444,sub-012,ses-16,gate_a_requested,13.5
ds004444,sub-012,ses-16,gate_a_requested,13.0
ds004444,sub-012,ses-16,gate_a_requested,6.5
ds004444,sub-012,ses-16,gate_b_allowed,6.0
ds004444,sub-012,ses-16,gate_b_allowed,5.5
ds004444,sub-012,ses-16,gate_b_allowed,13.5
ds004444,sub-012,ses-16,gate_b_allowed,13.5
ds004444,sub-012,ses-16,gate_b_allowed,5.5
ds004444,sub-012,ses-16,gate_b_allowed,13.0
ds004444,sub-012,ses-16,gate_b_allowed,6.5
ds004444,sub-012,ses-16,gate_c_allowed,6.0
ds004444,sub-012,ses-16,gate_c_allowed,7.5
ds004444,sub-012,ses-16,gate_c_allowed,15.0
ds004444,sub-012,ses-16,gate_c_allowed,19.5
ds004444,sub-012,ses-16,gate_c_allowed,17.5
ds004444,sub-012,ses-16,gate_c_allowed,8.0
ds004444,sub-012,ses-16,gate_c_allowed,28.0
ds004444,sub-013,ses-01,gate_a_requested,6.5
ds004444,sub-013,ses-01,gate_a_requested,6.5
ds004444,sub-013,ses-01,gate_a_requested,14.0
ds004444,sub-013,ses-01,gate_a_requested,7.0
ds004444,sub-013,ses-01,gate_a_requested,7.5
ds004444,sub-013,ses-01,gate_a_requested,7.5
ds004444,sub-013,ses-01,gate_b_allowed,6.5
ds004444,sub-013,ses-01,gate_b_allowed,6.5
ds004444,sub-013,ses-01,gate_b_allowed,14.0
ds004444,sub-013,ses-01,gate_b_allowed,7.0
ds004444,sub-013,ses-01,gate_b_allowed,7.5
ds004444,sub-013,ses-01,gate_b_allowed,7.5
ds004444,sub-013,ses-01,gate_b_allowed,15.5
ds004444,sub-013,ses-01,gate_b_allowed,7.5
ds004444,sub-013,ses-01,gate_c_allowed,6.5
ds004444,sub-013,ses-01,gate_c_allowed,6.5
ds004444,sub-013,ses-01,gate_c_allowed,14.0
ds004444,sub-013,ses-01,gate_c_allowed,7.5
ds004444,sub-013,ses-01,gate_c_allowed,7.5
ds004444,sub-013,ses-01,gate_c_allowed,23.5
ds004444,sub-013,ses-01,gate_c_allowed,9.0
ds004444,sub-013,ses-16,gate_a_requested,10.5
ds004444,sub-013,ses-16,gate_a_requested,12.5
ds004444,sub-013,ses-16,gate_a_requested,12.0
ds004444,sub-013,ses-16,gate_a_requested,7.0
ds004444,sub-013,ses-16,gate_a_requested,11.0
ds004444,sub-013,ses-16,gate_a_requested,10.5
ds004444,sub-013,ses-16,gate_a_requested,12.0
ds004444,sub-013,ses-16,gate_a_requested,14.5
ds004444,sub-013,ses-16,gate_b_allowed,10.5
ds004444,sub-013,ses-16,gate_b_allowed,12.5
ds004444,sub-013,ses-16,gate_b_allowed,12.0
ds004444,sub-013,ses-16,gate_b_allowed,7.0
ds004444,sub-013,ses-16,gate_b_allowed,11.0
ds004444,sub-013,ses-16,gate_b_allowed,11.0
ds004444,sub-013,ses-16,gate_b_allowed,12.0
ds004444,sub-013,ses-16,gate_b_allowed,16.5
ds004444,sub-013,ses-16,gate_c_allowed,10.5
ds004444,sub-013,ses-16,gate_c_allowed,12.5
ds004444,sub-013,ses-16,gate_c_allowed,21.5
ds004444,sub-013,ses-16,gate_c_allowed,11.0
ds004444,sub-013,ses-16,gate_c_allowed,11.0
ds004444,sub-013,ses-16,gate_c_allowed,12.0
ds004444,sub-013,ses-16,gate_c_allowed,22.0
ds004444,sub-014,ses-01,gate_a_requested,9.0
ds004444,sub-014,ses-01,gate_a_requested,5.5
ds004444,sub-014,ses-01,gate_a_requested,16.0
ds004444,sub-014,ses-01,gate_a_requested,6.0
ds004444,sub-014,ses-01,gate_a_requested,7.0
ds004444,sub-014,ses-01,gate_a_requested,5.5
ds004444,sub-014,ses-01,gate_b_allowed,10.0
ds004444,sub-014,ses-01,gate_b_allowed,22.0
ds004444,sub-014,ses-01,gate_b_allowed,6.0
ds004444,sub-014,ses-01,gate_b_allowed,7.0
ds004444,sub-014,ses-01,gate_b_allowed,6.0
ds004444,sub-014,ses-01,gate_b_allowed,5.5
ds004444,sub-014,ses-01,gate_c_allowed,10.0
ds004444,sub-014,ses-01,gate_c_allowed,29.5
ds004444,sub-014,ses-01,gate_c_allowed,6.0
ds004444,sub-014,ses-01,gate_c_allowed,19.0
ds004444,sub-014,ses-01,gate_c_allowed,5.5
ds004444,sub-014,ses-01,gate_c_allowed,10.0
ds004444,sub-014,ses-01,gate_c_allowed,9.0
ds004444,sub-014,ses-01,gate_c_allowed,7.5
ds004444,sub-014,ses-16,gate_a_requested,6.0
ds004444,sub-014,ses-16,gate_a_requested,11.5
ds004444,sub-014,ses-16,gate_a_requested,13.0
ds004444,sub-014,ses-16,gate_a_requested,9.5
ds004444,sub-014,ses-16,gate_a_requested,29.0
ds004444,sub-014,ses-16,gate_a_requested,7.0
ds004444,sub-014,ses-16,gate_b_allowed,6.0
ds004444,sub-014,ses-16,gate_b_allowed,11.5
ds004444,sub-014,ses-16,gate_b_allowed,13.0
ds004444,sub-014,ses-16,gate_b_allowed,9.5
ds004444,sub-014,ses-16,gate_b_allowed,8.5
ds004444,sub-014,ses-16,gate_b_allowed,29.0
ds004444,sub-014,ses-16,gate_b_allowed,9.0
ds004444,sub-014,ses-16,gate_c_allowed,6.0
ds004444,sub-014,ses-16,gate_c_allowed,11.5
ds004444,sub-014,ses-16,gate_c_allowed,23.0
ds004444,sub-014,ses-16,gate_c_allowed,12.5
ds004444,sub-014,ses-16,gate_c_allowed,31.0
ds004444,sub-014,ses-16,gate_c_allowed,15.0
ds004444,sub-015,ses-01,gate_b_allowed,7.5
ds004444,sub-015,ses-01,gate_b_allowed,6.0
ds004444,sub-015,ses-01,gate_b_allowed,18.5
ds004444,sub-015,ses-01,gate_b_allowed,10.5
ds004444,sub-015,ses-01,gate_b_allowed,6.5
ds004444,sub-015,ses-01,gate_c_allowed,17.0
ds004444,sub-015,ses-01,gate_c_allowed,11.5
ds004444,sub-015,ses-01,gate_c_allowed,44.0
ds004444,sub-015,ses-01,gate_c_allowed,8.0
ds004444,sub-015,ses-01,gate_c_allowed,5.5
ds004444,sub-015,ses-01,gate_c_allowed,7.0
ds004444,sub-015,ses-01,gate_c_allowed,15.0
ds004444,sub-015,ses-16,gate_a_requested,5.5
ds004444,sub-015,ses-16,gate_b_allowed,5.5
ds004444,sub-015,ses-16,gate_b_allowed,8.0
ds004444,sub-015,ses-16,gate_c_allowed,14.0
ds004444,sub-015,ses-16,gate_c_allowed,5.5
ds004444,sub-015,ses-16,gate_c_allowed,6.5
ds004444,sub-015,ses-16,gate_c_allowed,11.0
ds004444,sub-015,ses-16,gate_c_allowed,13.5
ds004444,sub-015,ses-16,gate_c_allowed,12.5
ds004444,sub-015,ses-16,gate_c_allowed,15.0
ds004444,sub-016,ses-01,gate_a_requested,6.5
ds004444,sub-016,ses-01,gate_a_requested,14.0
ds004444,sub-016,ses-01,gate_a_requested,6.0
ds004444,sub-016,ses-01,gate_a_requested,12.0
ds004444,sub-016,ses-01,gate_a_requested,15.5
ds004444,sub-016,ses-01,gate_a_requested,6.5
ds004444,sub-016,ses-01,gate_b_allowed,6.5
ds004444,sub-016,ses-01,gate_b_allowed,5.5
ds004444,sub-016,ses-01,gate_b_allowed,14.0
ds004444,sub-016,ses-01,gate_b_allowed,6.0
ds004444,sub-016,ses-01,gate_b_allowed,12.0
ds004444,sub-016,ses-01,gate_b_allowed,17.5
ds004444,sub-016,ses-01,gate_b_allowed,8.5
ds004444,sub-016,ses-01,gate_c_allowed,6.5
ds004444,sub-016,ses-01,gate_c_allowed,15.5
ds004444,sub-016,ses-01,gate_c_allowed,14.0
ds004444,sub-016,ses-01,gate_c_allowed,6.0
ds004444,sub-016,ses-01,gate_c_allowed,12.0
ds004444,sub-016,ses-01,gate_c_allowed,17.5
ds004444,sub-016,ses-01,gate_c_allowed,10.5
ds004444,sub-016,ses-01,gate_c_allowed,7.0
ds004444,sub-016,ses-16,gate_a_requested,6.0
ds004444,sub-016,ses-16,gate_a_requested,6.0
ds004444,sub-016,ses-16,gate_a_requested,7.0
ds004444,sub-016,ses-16,gate_a_requested,11.5
ds004444,sub-016,ses-16,gate_a_requested,5.5
ds004444,sub-016,ses-16,gate_b_allowed,10.5
ds004444,sub-016,ses-16,gate_b_allowed,6.0
ds004444,sub-016,ses-16,gate_b_allowed,10.0
ds004444,sub-016,ses-16,gate_b_allowed,7.5
ds004444,sub-016,ses-16,gate_b_allowed,11.5
ds004444,sub-016,ses-16,gate_b_allowed,6.5
ds004444,sub-016,ses-16,gate_b_allowed,5.5
ds004444,sub-016,ses-16,gate_b_allowed,8.5
ds004444,sub-016,ses-16,gate_c_allowed,10.5
ds004444,sub-016,ses-16,gate_c_allowed,6.5
ds004444,sub-016,ses-16,gate_c_allowed,29.0
ds004444,sub-016,ses-16,gate_c_allowed,15.5
ds004444,sub-016,ses-16,gate_c_allowed,22.0
ds004444,sub-016,ses-16,gate_c_allowed,10.5
ds004444,sub-016,ses-16,gate_c_allowed,18.0
ds004444,sub-017,ses-01,gate_a_requested,8.5
ds004444,sub-017,ses-01,gate_a_requested,9.5
ds004444,sub-017,ses-01,gate_a_requested,13.0
ds004444,sub-017,ses-01,gate_a_requested,8.5
ds004444,sub-017,ses-01,gate_a_requested,5.5
ds004444,sub-017,ses-01,gate_b_allowed,8.5
ds004444,sub-017,ses-01,gate_b_allowed,9.5
ds004444,sub-017,ses-01,gate_b_allowed,20.0
ds004444,sub-017,ses-01,gate_b_allowed,12.0
ds004444,sub-017,ses-01,gate_b_allowed,5.5
ds004444,sub-017,ses-01,gate_b_allowed,5.5
ds004444,sub-017,ses-01,gate_c_allowed,11.0
ds004444,sub-017,ses-01,gate_c_allowed,9.5
ds004444,sub-017,ses-01,gate_c_allowed,26.5
ds004444,sub-017,ses-01,gate_c_allowed,27.5
ds004444,sub-017,ses-01,gate_c_allowed,8.5
ds004444,sub-017,ses-01,gate_c_allowed,9.5
ds004444,sub-017,ses-16,gate_b_allowed,7.5
ds004444,sub-017,ses-16,gate_b_allowed,8.5
ds004444,sub-017,ses-16,gate_b_allowed,6.0
ds004444,sub-017,ses-16,gate_b_allowed,6.5
ds004444,sub-017,ses-16,gate_c_allowed,15.0
ds004444,sub-017,ses-16,gate_c_allowed,18.5
ds004444,sub-017,ses-16,gate_c_allowed,9.0
ds004444,sub-017,ses-16,gate_c_allowed,27.5
ds004444,sub-017,ses-16,gate_c_allowed,12.5
ds004444,sub-017,ses-16,gate_c_allowed,26.5
ds004444,sub-018,ses-01,gate_a_requested,6.5
ds004444,sub-018,ses-01,gate_a_requested,5.5
ds004444,sub-018,ses-01,gate_a_requested,5.5
ds004444,sub-018,ses-01,gate_a_requested,6.0
ds004444,sub-018,ses-01,gate_b_allowed,6.5
ds004444,sub-018,ses-01,gate_b_allowed,5.5
ds004444,sub-018,ses-01,gate_b_allowed,5.5
ds004444,sub-018,ses-01,gate_b_allowed,6.0
ds004444,sub-018,ses-01,gate_c_allowed,5.5
ds004444,sub-018,ses-01,gate_c_allowed,12.5
ds004444,sub-018,ses-01,gate_c_allowed,13.5
ds004444,sub-018,ses-01,gate_c_allowed,6.0
ds004444,sub-018,ses-01,gate_c_allowed,5.5
ds004444,sub-018,ses-01,gate_c_allowed,6.5
ds004444,sub-018,ses-01,gate_c_allowed,12.0
ds004444,sub-018,ses-01,gate_c_allowed,10.0
ds004444,sub-018,ses-01,gate_c_allowed,11.0
ds004444,sub-018,ses-01,gate_c_allowed,6.0
ds004444,sub-018,ses-01,gate_c_allowed,6.0
ds004444,sub-018,ses-16,gate_a_requested,7.0
ds004444,sub-018,ses-16,gate_a_requested,8.0
ds004444,sub-018,ses-16,gate_a_requested,11.0
ds004444,sub-018,ses-16,gate_a_requested,5.5
ds004444,sub-018,ses-16,gate_a_requested,7.0
ds004444,sub-018,ses-16,gate_b_allowed,7.0
ds004444,sub-018,ses-16,gate_b_allowed,8.0
ds004444,sub-018,ses-16,gate_b_allowed,14.0
ds004444,sub-018,ses-16,gate_b_allowed,5.5
ds004444,sub-018,ses-16,gate_b_allowed,9.0
ds004444,sub-018,ses-16,gate_b_allowed,8.0
ds004444,sub-018,ses-16,gate_b_allowed,8.5
ds004444,sub-018,ses-16,gate_c_allowed,8.5
ds004444,sub-018,ses-16,gate_c_allowed,9.0
ds004444,sub-018,ses-16,gate_c_allowed,14.0
ds004444,sub-018,ses-16,gate_c_allowed,9.0
ds004444,sub-018,ses-16,gate_c_allowed,9.0
ds004444,sub-018,ses-16,gate_c_allowed,8.0
ds004444,sub-018,ses-16,gate_c_allowed,8.5
ds004444,sub-018,ses-16,gate_c_allowed,8.5
ds004444,sub-019,ses-01,gate_a_requested,6.5
ds004444,sub-019,ses-01,gate_a_requested,6.0
ds004444,sub-019,ses-01,gate_a_requested,7.0
ds004444,sub-019,ses-01,gate_a_requested,7.0
ds004444,sub-019,ses-01,gate_a_requested,11.5
ds004444,sub-019,ses-01,gate_a_requested,9.0
ds004444,sub-019,ses-01,gate_b_allowed,6.5
ds004444,sub-019,ses-01,gate_b_allowed,6.0
ds004444,sub-019,ses-01,gate_b_allowed,7.5
ds004444,sub-019,ses-01,gate_b_allowed,5.5
ds004444,sub-019,ses-01,gate_b_allowed,9.5
ds004444,sub-019,ses-01,gate_b_allowed,15.5
ds004444,sub-019,ses-01,gate_b_allowed,8.0
ds004444,sub-019,ses-01,gate_b_allowed,9.0
ds004444,sub-019,ses-01,gate_c_allowed,6.5
ds004444,sub-019,ses-01,gate_c_allowed,6.0
ds004444,sub-019,ses-01,gate_c_allowed,9.5
ds004444,sub-019,ses-01,gate_c_allowed,6.0
ds004444,sub-019,ses-01,gate_c_allowed,13.5
ds004444,sub-019,ses-01,gate_c_allowed,15.5
ds004444,sub-019,ses-01,gate_c_allowed,7.5
ds004444,sub-019,ses-01,gate_c_allowed,12.5
ds004444,sub-019,ses-01,gate_c_allowed,14.0
ds004444,sub-019,ses-16,gate_a_requested,7.0
ds004444,sub-019,ses-16,gate_a_requested,7.5
ds004444,sub-019,ses-16,gate_a_requested,6.0
ds004444,sub-019,ses-16,gate_a_requested,5.5
ds004444,sub-019,ses-16,gate_a_requested,14.5
ds004444,sub-019,ses-16,gate_a_requested,8.0
ds004444,sub-019,ses-16,gate_a_requested,11.0
ds004444,sub-019,ses-16,gate_b_allowed,7.0
ds004444,sub-019,ses-16,gate_b_allowed,7.5
ds004444,sub-019,ses-16,gate_b_allowed,6.0
ds004444,sub-019,ses-16,gate_b_allowed,5.5
ds004444,sub-019,ses-16,gate_b_allowed,5.5
ds004444,sub-019,ses-16,gate_b_allowed,14.5
ds004444,sub-019,ses-16,gate_b_allowed,8.0
ds004444,sub-019,ses-16,gate_b_allowed,5.5
ds004444,sub-019,ses-16,gate_b_allowed,19.5
ds004444,sub-019,ses-16,gate_c_allowed,7.0
ds004444,sub-019,ses-16,gate_c_allowed,20.0
ds004444,sub-019,ses-16,gate_c_allowed,6.0
ds004444,sub-019,ses-16,gate_c_allowed,19.0
ds004444,sub-019,ses-16,gate_c_allowed,27.0
ds004444,sub-019,ses-16,gate_c_allowed,25.5
ds004444,sub-020,ses-01,gate_a_requested,6.0
ds004444,sub-020,ses-01,gate_a_requested,6.5
ds004444,sub-020,ses-01,gate_a_requested,10.5
ds004444,sub-020,ses-01,gate_a_requested,11.0
ds004444,sub-020,ses-01,gate_a_requested,7.0
ds004444,sub-020,ses-01,gate_b_allowed,6.0
ds004444,sub-020,ses-01,gate_b_allowed,6.5
ds004444,sub-020,ses-01,gate_b_allowed,6.0
ds004444,sub-020,ses-01,gate_b_allowed,10.5
ds004444,sub-020,ses-01,gate_b_allowed,11.0
ds004444,sub-020,ses-01,gate_b_allowed,7.0
ds004444,sub-020,ses-01,gate_b_allowed,7.5
ds004444,sub-020,ses-01,gate_c_allowed,9.0
ds004444,sub-020,ses-01,gate_c_allowed,6.0
ds004444,sub-020,ses-01,gate_c_allowed,6.5
ds004444,sub-020,ses-01,gate_c_allowed,10.5
ds004444,sub-020,ses-01,gate_c_allowed,10.5
ds004444,sub-020,ses-01,gate_c_allowed,11.0
ds004444,sub-020,ses-01,gate_c_allowed,12.5
ds004444,sub-020,ses-01,gate_c_allowed,10.5
ds004444,sub-020,ses-01,gate_c_allowed,17.5
ds004444,sub-020,ses-08,gate_a_requested,26.5
ds004444,sub-020,ses-08,gate_a_requested,9.0
ds004444,sub-020,ses-08,gate_a_requested,7.5
ds004444,sub-020,ses-08,gate_a_requested,10.5
ds004444,sub-020,ses-08,gate_a_requested,9.5
ds004444,sub-020,ses-08,gate_a_requested,6.0
ds004444,sub-020,ses-08,gate_a_requested,6.0
ds004444,sub-020,ses-08,gate_b_allowed,26.5
ds004444,sub-020,ses-08,gate_b_allowed,9.0
ds004444,sub-020,ses-08,gate_b_allowed,7.5
ds004444,sub-020,ses-08,gate_b_allowed,16.0
ds004444,sub-020,ses-08,gate_b_allowed,10.0
ds004444,sub-020,ses-08,gate_b_allowed,6.0
ds004444,sub-020,ses-08,gate_b_allowed,6.0
ds004444,sub-020,ses-08,gate_c_allowed,26.5
ds004444,sub-020,ses-08,gate_c_allowed,9.5
ds004444,sub-020,ses-08,gate_c_allowed,12.5
ds004444,sub-020,ses-08,gate_c_allowed,9.0
ds004444,sub-020,ses-08,gate_c_allowed,16.0
ds004444,sub-020,ses-08,gate_c_allowed,10.0
ds004444,sub-020,ses-08,gate_c_allowed,6.0
ds004444,sub-020,ses-08,gate_c_allowed,6.0
ds004444,sub-021,ses-01,gate_a_requested,10.5
ds004444,sub-021,ses-01,gate_a_requested,8.5
ds004444,sub-021,ses-01,gate_b_allowed,12.5
ds004444,sub-021,ses-01,gate_b_allowed,5.5
ds004444,sub-021,ses-01,gate_b_allowed,9.0
ds004444,sub-021,ses-01,gate_c_allowed,17.0
ds004444,sub-021,ses-01,gate_c_allowed,11.0
ds004444,sub-021,ses-01,gate_c_allowed,9.5
ds004444,sub-021,ses-01,gate_c_allowed,9.0
ds004444,sub-021,ses-01,gate_c_allowed,23.0
ds004444,sub-021,ses-01,gate_c_allowed,7.5
ds004444,sub-021,ses-01,gate_c_allowed,11.5
ds004444,sub-021,ses-01,gate_c_allowed,6.0
ds004444,sub-021,ses-16,gate_a_requested,12.0
ds004444,sub-021,ses-16,gate_a_requested,15.5
ds004444,sub-021,ses-16,gate_a_requested,12.0
ds004444,sub-021,ses-16,gate_a_requested,12.0
ds004444,sub-021,ses-16,gate_a_requested,5.5
ds004444,sub-021,ses-16,gate_b_allowed,15.0
ds004444,sub-021,ses-16,gate_b_allowed,15.5
ds004444,sub-021,ses-16,gate_b_allowed,5.5
ds004444,sub-021,ses-16,gate_b_allowed,12.0
ds004444,sub-021,ses-16,gate_b_allowed,8.0
ds004444,sub-021,ses-16,gate_b_allowed,16.0
ds004444,sub-021,ses-16,gate_b_allowed,6.0
ds004444,sub-021,ses-16,gate_b_allowed,5.5
ds004444,sub-021,ses-16,gate_c_allowed,31.0
ds004444,sub-021,ses-16,gate_c_allowed,9.0
ds004444,sub-021,ses-16,gate_c_allowed,17.0
ds004444,sub-021,ses-16,gate_c_allowed,8.0
ds004444,sub-021,ses-16,gate_c_allowed,16.5
ds004444,sub-021,ses-16,gate_c_allowed,8.0
ds004444,sub-021,ses-16,gate_c_allowed,13.5
ds004444,sub-022,ses-01,gate_a_requested,12.5
ds004444,sub-022,ses-01,gate_a_requested,5.5
ds004444,sub-022,ses-01,gate_a_requested,12.0
ds004444,sub-022,ses-01,gate_a_requested,6.5
ds004444,sub-022,ses-01,gate_a_requested,13.0
ds004444,sub-022,ses-01,gate_a_requested,5.5
ds004444,sub-022,ses-01,gate_a_requested,7.0
ds004444,sub-022,ses-01,gate_a_requested,5.5
ds004444,sub-022,ses-01,gate_b_allowed,13.0
ds004444,sub-022,ses-01,gate_b_allowed,5.5
ds004444,sub-022,ses-01,gate_b_allowed,12.5
ds004444,sub-022,ses-01,gate_b_allowed,6.5
ds004444,sub-022,ses-01,gate_b_allowed,13.0
ds004444,sub-022,ses-01,gate_b_allowed,5.5
ds004444,sub-022,ses-01,gate_b_allowed,6.5
ds004444,sub-022,ses-01,gate_b_allowed,7.0
ds004444,sub-022,ses-01,gate_b_allowed,5.5
ds004444,sub-022,ses-01,gate_c_allowed,14.0
ds004444,sub-022,ses-01,gate_c_allowed,5.5
ds004444,sub-022,ses-01,gate_c_allowed,23.5
ds004444,sub-022,ses-01,gate_c_allowed,14.0
ds004444,sub-022,ses-01,gate_c_allowed,11.5
ds004444,sub-022,ses-01,gate_c_allowed,7.0
ds004444,sub-022,ses-01,gate_c_allowed,14.0
ds004444,sub-022,ses-01,gate_c_allowed,6.5
ds004444,sub-022,ses-16,gate_a_requested,10.0
ds004444,sub-022,ses-16,gate_a_requested,11.0
ds004444,sub-022,ses-16,gate_a_requested,6.5
ds004444,sub-022,ses-16,gate_a_requested,12.0
ds004444,sub-022,ses-16,gate_a_requested,17.5
ds004444,sub-022,ses-16,gate_a_requested,11.0
ds004444,sub-022,ses-16,gate_a_requested,16.0
ds004444,sub-022,ses-16,gate_a_requested,6.0
ds004444,sub-022,ses-16,gate_b_allowed,15.0
ds004444,sub-022,ses-16,gate_b_allowed,11.0
ds004444,sub-022,ses-16,gate_b_allowed,11.5
ds004444,sub-022,ses-16,gate_b_allowed,31.0
ds004444,sub-022,ses-16,gate_b_allowed,15.5
ds004444,sub-022,ses-16,gate_b_allowed,18.5
ds004444,sub-022,ses-16,gate_b_allowed,6.0
ds004444,sub-022,ses-16,gate_c_allowed,15.0
ds004444,sub-022,ses-16,gate_c_allowed,26.0
ds004444,sub-022,ses-16,gate_c_allowed,32.0
ds004444,sub-022,ses-16,gate_c_allowed,42.0
ds004444,sub-023,ses-01,gate_a_requested,21.5
ds004444,sub-023,ses-01,gate_a_requested,18.0
ds004444,sub-023,ses-01,gate_a_requested,5.5
ds004444,sub-023,ses-01,gate_a_requested,10.5
ds004444,sub-023,ses-01,gate_a_requested,18.0
ds004444,sub-023,ses-01,gate_a_requested,7.5
ds004444,sub-023,ses-01,gate_a_requested,8.0
ds004444,sub-023,ses-01,gate_a_requested,16.5
ds004444,sub-023,ses-01,gate_b_allowed,21.5
ds004444,sub-023,ses-01,gate_b_allowed,18.0
ds004444,sub-023,ses-01,gate_b_allowed,5.5
ds004444,sub-023,ses-01,gate_b_allowed,10.5
ds004444,sub-023,ses-01,gate_b_allowed,18.0
ds004444,sub-023,ses-01,gate_b_allowed,7.5
ds004444,sub-023,ses-01,gate_b_allowed,29.0
ds004444,sub-023,ses-01,gate_c_allowed,47.0
ds004444,sub-023,ses-01,gate_c_allowed,13.0
ds004444,sub-023,ses-01,gate_c_allowed,56.0
ds004444,sub-023,ses-16,gate_a_requested,17.0
ds004444,sub-023,ses-16,gate_a_requested,23.0
ds004444,sub-023,ses-16,gate_a_requested,5.5
ds004444,sub-023,ses-16,gate_a_requested,9.0
ds004444,sub-023,ses-16,gate_a_requested,10.5
ds004444,sub-023,ses-16,gate_a_requested,41.0
ds004444,sub-023,ses-16,gate_b_allowed,17.0
ds004444,sub-023,ses-16,gate_b_allowed,23.0
ds004444,sub-023,ses-16,gate_b_allowed,5.5
ds004444,sub-023,ses-16,gate_b_allowed,9.0
ds004444,sub-023,ses-16,gate_b_allowed,10.5
ds004444,sub-023,ses-16,gate_b_allowed,41.0
ds004444,sub-023,ses-16,gate_c_allowed,17.0
ds004444,sub-023,ses-16,gate_c_allowed,23.0
ds004444,sub-023,ses-16,gate_c_allowed,5.5
ds004444,sub-023,ses-16,gate_c_allowed,14.0
ds004444,sub-023,ses-16,gate_c_allowed,52.0
ds004444,sub-024,ses-01,gate_a_requested,6.0
ds004444,sub-024,ses-01,gate_a_requested,14.0
ds004444,sub-024,ses-01,gate_b_allowed,6.0
ds004444,sub-024,ses-01,gate_b_allowed,6.0
ds004444,sub-024,ses-01,gate_b_allowed,5.5
ds004444,sub-024,ses-01,gate_b_allowed,5.5
ds004444,sub-024,ses-01,gate_b_allowed,5.5
ds004444,sub-024,ses-01,gate_b_allowed,14.0
ds004444,sub-024,ses-01,gate_c_allowed,6.0
ds004444,sub-024,ses-01,gate_c_allowed,23.0
ds004444,sub-024,ses-01,gate_c_allowed,8.0
ds004444,sub-024,ses-01,gate_c_allowed,8.0
ds004444,sub-024,ses-01,gate_c_allowed,5.5
ds004444,sub-024,ses-01,gate_c_allowed,17.0
ds004444,sub-024,ses-01,gate_c_allowed,9.0
ds004444,sub-024,ses-01,gate_c_allowed,6.5
ds004444,sub-024,ses-16,gate_a_requested,6.0
ds004444,sub-024,ses-16,gate_a_requested,7.0
ds004444,sub-024,ses-16,gate_a_requested,6.0
ds004444,sub-024,ses-16,gate_a_requested,16.0
ds004444,sub-024,ses-16,gate_a_requested,5.5
ds004444,sub-024,ses-16,gate_a_requested,6.5
ds004444,sub-024,ses-16,gate_a_requested,12.5
ds004444,sub-024,ses-16,gate_b_allowed,6.0
ds004444,sub-024,ses-16,gate_b_allowed,7.5
ds004444,sub-024,ses-16,gate_b_allowed,6.0
ds004444,sub-024,ses-16,gate_b_allowed,16.0
ds004444,sub-024,ses-16,gate_b_allowed,15.0
ds004444,sub-024,ses-16,gate_b_allowed,12.5
ds004444,sub-024,ses-16,gate_c_allowed,6.0
ds004444,sub-024,ses-16,gate_c_allowed,7.5
ds004444,sub-024,ses-16,gate_c_allowed,8.0
ds004444,sub-024,ses-16,gate_c_allowed,18.5
ds004444,sub-024,ses-16,gate_c_allowed,15.5
ds004444,sub-024,ses-16,gate_c_allowed,7.5
ds004444,sub-024,ses-16,gate_c_allowed,12.5
ds004444,sub-024,ses-16,gate_c_allowed,12.5
ds004444,sub-025,ses-01,gate_a_requested,17.5
ds004444,sub-025,ses-01,gate_a_requested,9.0
ds004444,sub-025,ses-01,gate_a_requested,9.5
ds004444,sub-025,ses-01,gate_a_requested,6.5
ds004444,sub-025,ses-01,gate_a_requested,6.5
ds004444,sub-025,ses-01,gate_a_requested,12.5
ds004444,sub-025,ses-01,gate_b_allowed,17.5
ds004444,sub-025,ses-01,gate_b_allowed,19.0
ds004444,sub-025,ses-01,gate_b_allowed,5.5
ds004444,sub-025,ses-01,gate_b_allowed,6.5
ds004444,sub-025,ses-01,gate_b_allowed,12.0
ds004444,sub-025,ses-01,gate_b_allowed,16.0
ds004444,sub-025,ses-01,gate_c_allowed,17.5
ds004444,sub-025,ses-01,gate_c_allowed,19.0
ds004444,sub-025,ses-01,gate_c_allowed,7.0
ds004444,sub-025,ses-01,gate_c_allowed,5.5
ds004444,sub-025,ses-01,gate_c_allowed,9.0
ds004444,sub-025,ses-01,gate_c_allowed,12.0
ds004444,sub-025,ses-01,gate_c_allowed,16.5
ds004444,sub-025,ses-16,gate_a_requested,6.5
ds004444,sub-025,ses-16,gate_a_requested,17.0
ds004444,sub-025,ses-16,gate_a_requested,6.5
ds004444,sub-025,ses-16,gate_a_requested,6.5
ds004444,sub-025,ses-16,gate_a_requested,6.5
ds004444,sub-025,ses-16,gate_b_allowed,6.5
ds004444,sub-025,ses-16,gate_b_allowed,17.0
ds004444,sub-025,ses-16,gate_b_allowed,6.5
ds004444,sub-025,ses-16,gate_b_allowed,5.5
ds004444,sub-025,ses-16,gate_b_allowed,5.5
ds004444,sub-025,ses-16,gate_b_allowed,6.5
ds004444,sub-025,ses-16,gate_b_allowed,7.5
ds004444,sub-025,ses-16,gate_c_allowed,6.5
ds004444,sub-025,ses-16,gate_c_allowed,17.0
ds004444,sub-025,ses-16,gate_c_allowed,6.5
ds004444,sub-025,ses-16,gate_c_allowed,9.5
ds004444,sub-025,ses-16,gate_c_allowed,5.5
ds004444,sub-025,ses-16,gate_c_allowed,8.5
ds004444,sub-025,ses-16,gate_c_allowed,9.5
ds004444,sub-025,ses-16,gate_c_allowed,7.5
ds004444,sub-026,ses-01,gate_a_requested,15.0
ds004444,sub-026,ses-01,gate_a_requested,6.5
ds004444,sub-026,ses-01,gate_a_requested,5.5
ds004444,sub-026,ses-01,gate_a_requested,6.5
ds004444,sub-026,ses-01,gate_b_allowed,5.5
ds004444,sub-026,ses-01,gate_b_allowed,20.0
ds004444,sub-026,ses-01,gate_b_allowed,12.0
ds004444,sub-026,ses-01,gate_b_allowed,5.5
ds004444,sub-026,ses-01,gate_b_allowed,5.5
ds004444,sub-026,ses-01,gate_b_allowed,6.5
ds004444,sub-026,ses-01,gate_b_allowed,6.5
ds004444,sub-026,ses-01,gate_c_allowed,9.0
ds004444,sub-026,ses-01,gate_c_allowed,36.0
ds004444,sub-026,ses-01,gate_c_allowed,8.5
ds004444,sub-026,ses-01,gate_c_allowed,5.5
ds004444,sub-026,ses-01,gate_c_allowed,5.5
ds004444,sub-026,ses-01,gate_c_allowed,11.5
ds004444,sub-026,ses-01,gate_c_allowed,7.0
ds004444,sub-026,ses-01,gate_c_allowed,7.5
ds004444,sub-026,ses-01,gate_c_allowed,8.5
ds004444,sub-026,ses-16,gate_a_requested,8.0
ds004444,sub-026,ses-16,gate_a_requested,10.5
ds004444,sub-026,ses-16,gate_a_requested,13.0
ds004444,sub-026,ses-16,gate_b_allowed,8.0
ds004444,sub-026,ses-16,gate_b_allowed,10.5
ds004444,sub-026,ses-16,gate_b_allowed,7.0
ds004444,sub-026,ses-16,gate_b_allowed,8.0
ds004444,sub-026,ses-16,gate_b_allowed,13.0
ds004444,sub-026,ses-16,gate_b_allowed,7.0
ds004444,sub-026,ses-16,gate_b_allowed,6.0
ds004444,sub-026,ses-16,gate_c_allowed,12.5
ds004444,sub-026,ses-16,gate_c_allowed,14.5
ds004444,sub-026,ses-16,gate_c_allowed,12.0
ds004444,sub-026,ses-16,gate_c_allowed,7.0
ds004444,sub-026,ses-16,gate_c_allowed,6.0
ds004444,sub-026,ses-16,gate_c_allowed,8.0
ds004444,sub-026,ses-16,gate_c_allowed,16.0
ds004444,sub-026,ses-16,gate_c_allowed,18.0
ds004444,sub-027,ses-01,gate_a_requested,6.0
ds004444,sub-027,ses-01,gate_b_allowed,6.0
ds004444,sub-027,ses-01,gate_b_allowed,6.0
ds004444,sub-027,ses-01,gate_b_allowed,8.0
ds004444,sub-027,ses-01,gate_b_allowed,5.5
ds004444,sub-027,ses-01,gate_c_allowed,6.0
ds004444,sub-027,ses-01,gate_c_allowed,19.5
ds004444,sub-027,ses-01,gate_c_allowed,7.0
ds004444,sub-027,ses-01,gate_c_allowed,6.0
ds004444,sub-027,ses-01,gate_c_allowed,11.0
ds004444,sub-027,ses-01,gate_c_allowed,23.0
ds004444,sub-027,ses-01,gate_c_allowed,6.5
ds004444,sub-027,ses-01,gate_c_allowed,10.0
ds004444,sub-027,ses-16,gate_a_requested,6.0
ds004444,sub-027,ses-16,gate_b_allowed,7.0
ds004444,sub-027,ses-16,gate_b_allowed,6.5
ds004444,sub-027,ses-16,gate_b_allowed,5.5
ds004444,sub-027,ses-16,gate_b_allowed,6.0
ds004444,sub-027,ses-16,gate_b_allowed,6.0
ds004444,sub-027,ses-16,gate_b_allowed,5.5
ds004444,sub-027,ses-16,gate_c_allowed,5.5
ds004444,sub-027,ses-16,gate_c_allowed,10.5
ds004444,sub-027,ses-16,gate_c_allowed,15.5
ds004444,sub-027,ses-16,gate_c_allowed,16.5
ds004444,sub-027,ses-16,gate_c_allowed,6.0
ds004444,sub-027,ses-16,gate_c_allowed,6.0
ds004444,sub-027,ses-16,gate_c_allowed,9.0
ds004444,sub-027,ses-16,gate_c_allowed,5.5
ds004444,sub-028,ses-01,gate_a_requested,5.5
ds004444,sub-028,ses-01,gate_a_requested,10.5
ds004444,sub-028,ses-01,gate_a_requested,10.0
ds004444,sub-028,ses-01,gate_a_requested,7.0
ds004444,sub-028,ses-01,gate_a_requested,9.5
ds004444,sub-028,ses-01,gate_a_requested,6.0
ds004444,sub-028,ses-01,gate_b_allowed,11.0
ds004444,sub-028,ses-01,gate_b_allowed,10.5
ds004444,sub-028,ses-01,gate_b_allowed,10.0
ds004444,sub-028,ses-01,gate_b_allowed,5.5
ds004444,sub-028,ses-01,gate_b_allowed,7.0
ds004444,sub-028,ses-01,gate_b_allowed,9.5
ds004444,sub-028,ses-01,gate_b_allowed,7.0
ds004444,sub-028,ses-01,gate_c_allowed,11.0
ds004444,sub-028,ses-01,gate_c_allowed,28.5
ds004444,sub-028,ses-01,gate_c_allowed,10.0
ds004444,sub-028,ses-01,gate_c_allowed,7.0
ds004444,sub-028,ses-01,gate_c_allowed,13.5
ds004444,sub-028,ses-01,gate_c_allowed,8.5
ds004444,sub-028,ses-01,gate_c_allowed,5.5
ds004444,sub-028,ses-16,gate_a_requested,14.0
ds004444,sub-028,ses-16,gate_a_requested,6.0
ds004444,sub-028,ses-16,gate_a_requested,6.0
ds004444,sub-028,ses-16,gate_a_requested,6.5
ds004444,sub-028,ses-16,gate_a_requested,9.0
ds004444,sub-028,ses-16,gate_b_allowed,20.5
ds004444,sub-028,ses-16,gate_b_allowed,6.5
ds004444,sub-028,ses-16,gate_b_allowed,6.0
ds004444,sub-028,ses-16,gate_b_allowed,6.5
ds004444,sub-028,ses-16,gate_b_allowed,8.0
ds004444,sub-028,ses-16,gate_b_allowed,9.0
ds004444,sub-028,ses-16,gate_c_allowed,6.0
ds004444,sub-028,ses-16,gate_c_allowed,20.5
ds004444,sub-028,ses-16,gate_c_allowed,12.5
ds004444,sub-028,ses-16,gate_c_allowed,36.5
ds004444,sub-028,ses-16,gate_c_allowed,5.5
ds004444,sub-028,ses-16,gate_c_allowed,12.5
ds004444,sub-029,ses-01,gate_a_requested,20.0
ds004444,sub-029,ses-01,gate_a_requested,37.5
ds004444,sub-029,ses-01,gate_a_requested,54.5
ds004444,sub-029,ses-01,gate_b_allowed,118.0
ds004444,sub-029,ses-01,gate_c_allowed,119.0
ds004444,sub-029,ses-16,gate_a_requested,24.0
ds004444,sub-029,ses-16,gate_a_requested,41.0
ds004444,sub-029,ses-16,gate_a_requested,25.0
ds004444,sub-029,ses-16,gate_a_requested,11.5
ds004444,sub-029,ses-16,gate_a_requested,7.5
ds004444,sub-029,ses-16,gate_b_allowed,24.0
ds004444,sub-029,ses-16,gate_b_allowed,41.0
ds004444,sub-029,ses-16,gate_b_allowed,25.0
ds004444,sub-029,ses-16,gate_b_allowed,16.0
ds004444,sub-029,ses-16,gate_b_allowed,7.5
ds004444,sub-029,ses-16,gate_c_allowed,24.0
ds004444,sub-029,ses-16,gate_c_allowed,45.5
ds004444,sub-029,ses-16,gate_c_allowed,41.5
ds004444,sub-029,ses-16,gate_c_allowed,7.5
ds004444,sub-030,ses-01,gate_a_requested,5.5
ds004444,sub-030,ses-01,gate_a_requested,7.5
ds004444,sub-030,ses-01,gate_a_requested,6.5
ds004444,sub-030,ses-01,gate_a_requested,11.0
ds004444,sub-030,ses-01,gate_b_allowed,8.5
ds004444,sub-030,ses-01,gate_b_allowed,7.5
ds004444,sub-030,ses-01,gate_b_allowed,6.5
ds004444,sub-030,ses-01,gate_b_allowed,11.0
ds004444,sub-030,ses-01,gate_c_allowed,14.5
ds004444,sub-030,ses-01,gate_c_allowed,8.0
ds004444,sub-030,ses-01,gate_c_allowed,6.5
ds004444,sub-030,ses-01,gate_c_allowed,25.5
ds004444,sub-030,ses-16,gate_a_requested,9.0
ds004444,sub-030,ses-16,gate_a_requested,6.5
ds004444,sub-030,ses-16,gate_a_requested,8.5
ds004444,sub-030,ses-16,gate_a_requested,12.0
ds004444,sub-030,ses-16,gate_a_requested,10.0
ds004444,sub-030,ses-16,gate_a_requested,6.5
ds004444,sub-030,ses-16,gate_a_requested,5.5
ds004444,sub-030,ses-16,gate_a_requested,12.5
ds004444,sub-030,ses-16,gate_a_requested,6.5
ds004444,sub-030,ses-16,gate_a_requested,7.5
ds004444,sub-030,ses-16,gate_b_allowed,9.0
ds004444,sub-030,ses-16,gate_b_allowed,6.5
ds004444,sub-030,ses-16,gate_b_allowed,8.5
ds004444,sub-030,ses-16,gate_b_allowed,12.0
ds004444,sub-030,ses-16,gate_b_allowed,10.0
ds004444,sub-030,ses-16,gate_b_allowed,6.5
ds004444,sub-030,ses-16,gate_b_allowed,7.5
ds004444,sub-030,ses-16,gate_b_allowed,13.5
ds004444,sub-030,ses-16,gate_b_allowed,6.5
ds004444,sub-030,ses-16,gate_b_allowed,7.5
ds004444,sub-030,ses-16,gate_c_allowed,18.0
ds004444,sub-030,ses-16,gate_c_allowed,6.5
ds004444,sub-030,ses-16,gate_c_allowed,8.5
ds004444,sub-030,ses-16,gate_c_allowed,12.0
ds004444,sub-030,ses-16,gate_c_allowed,10.0
ds004444,sub-030,ses-16,gate_c_allowed,6.5
ds004444,sub-030,ses-16,gate_c_allowed,7.5
ds004444,sub-030,ses-16,gate_c_allowed,13.5
ds004444,sub-030,ses-16,gate_c_allowed,18.0
ds004446,sub-004,ses-01,gate_a_requested,6.5
ds004446,sub-004,ses-01,gate_a_requested,12.5
ds004446,sub-004,ses-01,gate_a_requested,6.0
ds004446,sub-004,ses-01,gate_b_allowed,6.5
ds004446,sub-004,ses-01,gate_b_allowed,12.5
ds004446,sub-004,ses-01,gate_b_allowed,7.0
ds004446,sub-004,ses-01,gate_b_allowed,5.5
ds004446,sub-004,ses-01,gate_b_allowed,6.5
ds004446,sub-004,ses-01,gate_b_allowed,8.5
ds004446,sub-004,ses-01,gate_b_allowed,5.5
ds004446,sub-004,ses-01,gate_c_allowed,10.0
ds004446,sub-004,ses-01,gate_c_allowed,12.5
ds004446,sub-004,ses-01,gate_c_allowed,6.0
ds004446,sub-004,ses-01,gate_c_allowed,10.0
ds004446,sub-004,ses-01,gate_c_allowed,5.5
ds004446,sub-004,ses-01,gate_c_allowed,8.5
ds004446,sub-004,ses-01,gate_c_allowed,6.5
ds004446,sub-004,ses-01,gate_c_allowed,19.0
ds004446,sub-004,ses-01,gate_c_allowed,9.0
ds004446,sub-004,ses-01,gate_c_allowed,6.5
ds004446,sub-004,ses-08,gate_a_requested,10.5
ds004446,sub-004,ses-08,gate_a_requested,10.0
ds004446,sub-004,ses-08,gate_a_requested,7.5
ds004446,sub-004,ses-08,gate_a_requested,12.0
ds004446,sub-004,ses-08,gate_a_requested,17.0
ds004446,sub-004,ses-08,gate_a_requested,8.5
ds004446,sub-004,ses-08,gate_a_requested,7.5
ds004446,sub-004,ses-08,gate_a_requested,6.5
ds004446,sub-004,ses-08,gate_b_allowed,11.0
ds004446,sub-004,ses-08,gate_b_allowed,10.0
ds004446,sub-004,ses-08,gate_b_allowed,7.5
ds004446,sub-004,ses-08,gate_b_allowed,12.0
ds004446,sub-004,ses-08,gate_b_allowed,17.0
ds004446,sub-004,ses-08,gate_b_allowed,8.5
ds004446,sub-004,ses-08,gate_b_allowed,10.0
ds004446,sub-004,ses-08,gate_b_allowed,6.0
ds004446,sub-004,ses-08,gate_b_allowed,6.5
ds004446,sub-004,ses-08,gate_c_allowed,21.5
ds004446,sub-004,ses-08,gate_c_allowed,5.5
ds004446,sub-004,ses-08,gate_c_allowed,7.5
ds004446,sub-004,ses-08,gate_c_allowed,14.5
ds004446,sub-004,ses-08,gate_c_allowed,6.0
ds004446,sub-004,ses-08,gate_c_allowed,20.0
ds004446,sub-004,ses-08,gate_c_allowed,8.5
ds004446,sub-004,ses-08,gate_c_allowed,30.0
ds004446,sub-005,ses-01,gate_a_requested,8.5
ds004446,sub-005,ses-01,gate_a_requested,6.5
ds004446,sub-005,ses-01,gate_a_requested,7.0
ds004446,sub-005,ses-01,gate_a_requested,6.0
ds004446,sub-005,ses-01,gate_b_allowed,7.0
ds004446,sub-005,ses-01,gate_b_allowed,20.5
ds004446,sub-005,ses-01,gate_b_allowed,7.5
ds004446,sub-005,ses-01,gate_b_allowed,8.5
ds004446,sub-005,ses-01,gate_b_allowed,12.0
ds004446,sub-005,ses-01,gate_b_allowed,6.0
ds004446,sub-005,ses-01,gate_c_allowed,28.0
ds004446,sub-005,ses-01,gate_c_allowed,25.0
ds004446,sub-005,ses-01,gate_c_allowed,8.5
ds004446,sub-005,ses-01,gate_c_allowed,7.0
ds004446,sub-005,ses-01,gate_c_allowed,18.0
ds004446,sub-005,ses-01,gate_c_allowed,5.5
ds004446,sub-005,ses-01,gate_c_allowed,7.0
ds004446,sub-005,ses-01,gate_c_allowed,15.0
ds004446,sub-005,ses-01,gate_c_allowed,16.0
ds004446,sub-005,ses-08,gate_a_requested,9.0
ds004446,sub-005,ses-08,gate_a_requested,5.5
ds004446,sub-005,ses-08,gate_a_requested,12.5
ds004446,sub-005,ses-08,gate_a_requested,8.0
ds004446,sub-005,ses-08,gate_a_requested,6.0
ds004446,sub-005,ses-08,gate_a_requested,5.5
ds004446,sub-005,ses-08,gate_b_allowed,9.0
ds004446,sub-005,ses-08,gate_b_allowed,5.5
ds004446,sub-005,ses-08,gate_b_allowed,12.5
ds004446,sub-005,ses-08,gate_b_allowed,8.0
ds004446,sub-005,ses-08,gate_b_allowed,6.0
ds004446,sub-005,ses-08,gate_b_allowed,5.5
ds004446,sub-005,ses-08,gate_c_allowed,9.0
ds004446,sub-005,ses-08,gate_c_allowed,5.5
ds004446,sub-005,ses-08,gate_c_allowed,12.5
ds004446,sub-005,ses-08,gate_c_allowed,10.0
ds004446,sub-005,ses-08,gate_c_allowed,8.0
ds004446,sub-005,ses-08,gate_c_allowed,6.0
ds004446,sub-005,ses-08,gate_c_allowed,5.5
ds004446,sub-005,ses-08,gate_c_allowed,12.0
ds004446,sub-012,ses-01,gate_a_requested,5.5
ds004446,sub-012,ses-01,gate_a_requested,5.5
ds004446,sub-012,ses-01,gate_a_requested,9.0
ds004446,sub-012,ses-01,gate_a_requested,7.0
ds004446,sub-012,ses-01,gate_a_requested,6.5
ds004446,sub-012,ses-01,gate_b_allowed,5.5
ds004446,sub-012,ses-01,gate_b_allowed,8.5
ds004446,sub-012,ses-01,gate_b_allowed,9.5
ds004446,sub-012,ses-01,gate_b_allowed,9.0
ds004446,sub-012,ses-01,gate_b_allowed,7.0
ds004446,sub-012,ses-01,gate_b_allowed,5.5
ds004446,sub-012,ses-01,gate_b_allowed,7.0
ds004446,sub-012,ses-01,gate_c_allowed,14.5
ds004446,sub-012,ses-01,gate_c_allowed,9.5
ds004446,sub-012,ses-01,gate_c_allowed,9.0
ds004446,sub-012,ses-01,gate_c_allowed,13.0
ds004446,sub-012,ses-01,gate_c_allowed,5.5
ds004446,sub-012,ses-01,gate_c_allowed,6.5
ds004446,sub-012,ses-01,gate_c_allowed,11.0
ds004446,sub-012,ses-01,gate_c_allowed,8.0
ds004446,sub-012,ses-08,gate_a_requested,7.5
ds004446,sub-012,ses-08,gate_a_requested,19.0
ds004446,sub-012,ses-08,gate_a_requested,12.0
ds004446,sub-012,ses-08,gate_a_requested,11.5
ds004446,sub-012,ses-08,gate_a_requested,6.0
ds004446,sub-012,ses-08,gate_a_requested,6.5
ds004446,sub-012,ses-08,gate_a_requested,6.0
ds004446,sub-012,ses-08,gate_a_requested,9.0
ds004446,sub-012,ses-08,gate_b_allowed,7.5
ds004446,sub-012,ses-08,gate_b_allowed,19.0
ds004446,sub-012,ses-08,gate_b_allowed,13.0
ds004446,sub-012,ses-08,gate_b_allowed,11.5
ds004446,sub-012,ses-08,gate_b_allowed,11.5
ds004446,sub-012,ses-08,gate_b_allowed,24.0
ds004446,sub-012,ses-08,gate_c_allowed,7.5
ds004446,sub-012,ses-08,gate_c_allowed,5.5
ds004446,sub-012,ses-08,gate_c_allowed,19.0
ds004446,sub-012,ses-08,gate_c_allowed,7.5
ds004446,sub-012,ses-08,gate_c_allowed,13.5
ds004446,sub-012,ses-08,gate_c_allowed,22.5
ds004446,sub-012,ses-08,gate_c_allowed,14.0
ds004446,sub-012,ses-08,gate_c_allowed,24.0
ds004446,sub-013,ses-01,gate_a_requested,12.5
ds004446,sub-013,ses-01,gate_a_requested,8.5
ds004446,sub-013,ses-01,gate_a_requested,14.0
ds004446,sub-013,ses-01,gate_a_requested,6.5
ds004446,sub-013,ses-01,gate_a_requested,5.5
ds004446,sub-013,ses-01,gate_b_allowed,12.5
ds004446,sub-013,ses-01,gate_b_allowed,10.5
ds004446,sub-013,ses-01,gate_b_allowed,14.0
ds004446,sub-013,ses-01,gate_b_allowed,6.5
ds004446,sub-013,ses-01,gate_b_allowed,13.5
ds004446,sub-013,ses-01,gate_b_allowed,9.0
ds004446,sub-013,ses-01,gate_c_allowed,12.5
ds004446,sub-013,ses-01,gate_c_allowed,10.5
ds004446,sub-013,ses-01,gate_c_allowed,17.0
ds004446,sub-013,ses-01,gate_c_allowed,6.5
ds004446,sub-013,ses-01,gate_c_allowed,7.0
ds004446,sub-013,ses-01,gate_c_allowed,9.5
ds004446,sub-013,ses-01,gate_c_allowed,5.5
ds004446,sub-013,ses-01,gate_c_allowed,15.0
ds004446,sub-013,ses-01,gate_c_allowed,6.5
ds004446,sub-013,ses-01,gate_c_allowed,9.0
ds004446,sub-013,ses-08,gate_a_requested,10.0
ds004446,sub-013,ses-08,gate_a_requested,13.0
ds004446,sub-013,ses-08,gate_a_requested,15.5
ds004446,sub-013,ses-08,gate_a_requested,8.0
ds004446,sub-013,ses-08,gate_a_requested,12.0
ds004446,sub-013,ses-08,gate_a_requested,6.5
ds004446,sub-013,ses-08,gate_a_requested,9.0
ds004446,sub-013,ses-08,gate_a_requested,7.0
ds004446,sub-013,ses-08,gate_a_requested,6.5
ds004446,sub-013,ses-08,gate_b_allowed,10.0
ds004446,sub-013,ses-08,gate_b_allowed,13.0
ds004446,sub-013,ses-08,gate_b_allowed,17.0
ds004446,sub-013,ses-08,gate_b_allowed,8.0
ds004446,sub-013,ses-08,gate_b_allowed,30.0
ds004446,sub-013,ses-08,gate_b_allowed,5.5
ds004446,sub-013,ses-08,gate_b_allowed,7.0
ds004446,sub-013,ses-08,gate_b_allowed,6.5
ds004446,sub-013,ses-08,gate_c_allowed,10.0
ds004446,sub-013,ses-08,gate_c_allowed,13.0
ds004446,sub-013,ses-08,gate_c_allowed,17.0
ds004446,sub-013,ses-08,gate_c_allowed,41.0
ds004446,sub-013,ses-08,gate_c_allowed,5.5
ds004446,sub-013,ses-08,gate_c_allowed,7.0
ds004446,sub-013,ses-08,gate_c_allowed,12.0
ds004446,sub-018,ses-01,gate_a_requested,17.5
ds004446,sub-018,ses-01,gate_a_requested,12.5
ds004446,sub-018,ses-01,gate_a_requested,8.5
ds004446,sub-018,ses-01,gate_a_requested,5.5
ds004446,sub-018,ses-01,gate_a_requested,6.0
ds004446,sub-018,ses-01,gate_a_requested,26.5
ds004446,sub-018,ses-01,gate_a_requested,6.5
ds004446,sub-018,ses-01,gate_b_allowed,17.5
ds004446,sub-018,ses-01,gate_b_allowed,17.0
ds004446,sub-018,ses-01,gate_b_allowed,8.5
ds004446,sub-018,ses-01,gate_b_allowed,6.5
ds004446,sub-018,ses-01,gate_b_allowed,6.0
ds004446,sub-018,ses-01,gate_b_allowed,26.5
ds004446,sub-018,ses-01,gate_b_allowed,8.0
ds004446,sub-018,ses-01,gate_c_allowed,26.0
ds004446,sub-018,ses-01,gate_c_allowed,17.0
ds004446,sub-018,ses-01,gate_c_allowed,8.5
ds004446,sub-018,ses-01,gate_c_allowed,10.5
ds004446,sub-018,ses-01,gate_c_allowed,6.5
ds004446,sub-018,ses-01,gate_c_allowed,30.0
ds004446,sub-018,ses-01,gate_c_allowed,7.0
ds004446,sub-018,ses-01,gate_c_allowed,8.0
ds004446,sub-018,ses-08,gate_a_requested,10.0
ds004446,sub-018,ses-08,gate_a_requested,7.0
ds004446,sub-018,ses-08,gate_a_requested,6.5
ds004446,sub-018,ses-08,gate_a_requested,8.0
ds004446,sub-018,ses-08,gate_a_requested,6.0
ds004446,sub-018,ses-08,gate_a_requested,7.5
ds004446,sub-018,ses-08,gate_b_allowed,10.0
ds004446,sub-018,ses-08,gate_b_allowed,9.5
ds004446,sub-018,ses-08,gate_b_allowed,7.0
ds004446,sub-018,ses-08,gate_b_allowed,6.5
ds004446,sub-018,ses-08,gate_b_allowed,8.0
ds004446,sub-018,ses-08,gate_b_allowed,8.5
ds004446,sub-018,ses-08,gate_b_allowed,12.0
ds004446,sub-018,ses-08,gate_c_allowed,10.0
ds004446,sub-018,ses-08,gate_c_allowed,8.5
ds004446,sub-018,ses-08,gate_c_allowed,6.0
ds004446,sub-018,ses-08,gate_c_allowed,9.5
ds004446,sub-018,ses-08,gate_c_allowed,7.5
ds004446,sub-018,ses-08,gate_c_allowed,15.5
ds004446,sub-018,ses-08,gate_c_allowed,12.5
ds004446,sub-018,ses-08,gate_c_allowed,10.0
ds004446,sub-018,ses-08,gate_c_allowed,12.0
