method,calibration,metric,value
R0,local_p75,acceptance_proportion,0.4791666666666667
R0,local_p75,accepted_windows_per_min,57.5
R0,local_p75,longest_no_acceptance_s,7.5
R0,local_p75,transitions_per_min,49.0
R1,local_p75,acceptance_proportion,0.8875
R1,local_p75,accepted_windows_per_min,106.5
R1,local_p75,longest_no_acceptance_s,1.5
R1,local_p75,transitions_per_min,17.0
R2,local_p75,acceptance_proportion,0.8958333333333334
R2,local_p75,accepted_windows_per_min,107.5
R2,local_p75,longest_no_acceptance_s,2.0
R2,local_p75,transitions_per_min,17.0
R0,local_p75,acceptance_proportion,0.4666666666666667
R0,local_p75,accepted_windows_per_min,56.0
R0,local_p75,longest_no_acceptance_s,4.5
R0,local_p75,transitions_per_min,57.0
R1,local_p75,acceptance_proportion,0.8125
R1,local_p75,accepted_windows_per_min,97.5
R1,local_p75,longest_no_acceptance_s,2.0
R1,local_p75,transitions_per_min,33.0
R2,local_p75,acceptance_proportion,0.8
R2,local_p75,accepted_windows_per_min,96.0
R2,local_p75,longest_no_acceptance_s,2.0
R2,local_p75,transitions_per_min,32.0
R0,local_p75,acceptance_proportion,0.8291666666666667
R0,local_p75,accepted_windows_per_min,99.5
R0,local_p75,longest_no_acceptance_s,2.5
R0,local_p75,transitions_per_min,26.5
R1,local_p75,acceptance_proportion,0.9875
R1,local_p75,accepted_windows_per_min,118.5
R1,local_p75,longest_no_acceptance_s,1.0
R1,local_p75,transitions_per_min,2.0
R2,local_p75,acceptance_proportion,0.9875
R2,local_p75,accepted_windows_per_min,118.5
R2,local_p75,longest_no_acceptance_s,1.0
R2,local_p75,transitions_per_min,2.0
R0,local_p75,acceptance_proportion,0.7666666666666667
R0,local_p75,accepted_windows_per_min,92.0
R0,local_p75,longest_no_acceptance_s,2.5
R0,local_p75,transitions_per_min,39.5
R1,local_p75,acceptance_proportion,0.9833333333333333
R1,local_p75,accepted_windows_per_min,118.0
R1,local_p75,longest_no_acceptance_s,0.5
R1,local_p75,transitions_per_min,4.0
R2,local_p75,acceptance_proportion,0.9875
R2,local_p75,accepted_windows_per_min,118.5
R2,local_p75,longest_no_acceptance_s,0.5
R2,local_p75,transitions_per_min,3.0
R0,local_p75,acceptance_proportion,0.5166666666666667
R0,local_p75,accepted_windows_per_min,62.00000000000001
R0,local_p75,longest_no_acceptance_s,3.5
R0,local_p75,transitions_per_min,55.5
R1,local_p75,acceptance_proportion,0.8916666666666667
R1,local_p75,accepted_windows_per_min,107.0
R1,local_p75,longest_no_acceptance_s,1.5
R1,local_p75,transitions_per_min,19.0
R2,local_p75,acceptance_proportion,0.9
R2,local_p75,accepted_windows_per_min,108.0
R2,local_p75,longest_no_acceptance_s,1.0
R2,local_p75,transitions_per_min,19.0
R0,local_p75,acceptance_proportion,0.4583333333333333
R0,local_p75,accepted_windows_per_min,55.0
R0,local_p75,longest_no_acceptance_s,4.5
R0,local_p75,transitions_per_min,50.5
R1,local_p75,acceptance_proportion,0.8416666666666667
R1,local_p75,accepted_windows_per_min,101.0
R1,local_p75,longest_no_acceptance_s,1.0
R1,local_p75,transitions_per_min,26.5
R2,local_p75,acceptance_proportion,0.8458333333333333
R2,local_p75,accepted_windows_per_min,101.5
R2,local_p75,longest_no_acceptance_s,1.5
R2,local_p75,transitions_per_min,26.5
R0,local_p75,acceptance_proportion,0.7041666666666667
R0,local_p75,accepted_windows_per_min,84.5
R0,local_p75,longest_no_acceptance_s,3.5
R0,local_p75,transitions_per_min,46.0
R1,local_p75,acceptance_proportion,0.9625
R1,local_p75,accepted_windows_per_min,115.5
R1,local_p75,longest_no_acceptance_s,0.5
R1,local_p75,transitions_per_min,9.0
R2,local_p75,acceptance_proportion,0.9625
R2,local_p75,accepted_windows_per_min,115.5
R2,local_p75,longest_no_acceptance_s,0.5
R2,local_p75,transitions_per_min,9.0
R0,local_p75,acceptance_proportion,0.5083333333333333
R0,local_p75,accepted_windows_per_min,61.0
R0,local_p75,longest_no_acceptance_s,4.0
R0,local_p75,transitions_per_min,54.0
R1,local_p75,acceptance_proportion,0.9458333333333333
R1,local_p75,accepted_windows_per_min,113.5
R1,local_p75,longest_no_acceptance_s,0.5
R1,local_p75,transitions_per_min,13.0
R2,local_p75,acceptance_proportion,0.9166666666666666
R2,local_p75,accepted_windows_per_min,110.0
R2,local_p75,longest_no_acceptance_s,1.0
R2,local_p75,transitions_per_min,18.0
R0,local_p75,acceptance_proportion,0.6958333333333333
R0,local_p75,accepted_windows_per_min,83.5
R0,local_p75,longest_no_acceptance_s,3.5
R0,local_p75,transitions_per_min,40.5
R1,local_p75,acceptance_proportion,0.8958333333333334
R1,local_p75,accepted_windows_per_min,107.5
R1,local_p75,longest_no_acceptance_s,3.5
R1,local_p75,transitions_per_min,13.0
R2,local_p75,acceptance_proportion,0.9125
R2,local_p75,accepted_windows_per_min,109.5
R2,local_p75,longest_no_acceptance_s,1.5
R2,local_p75,transitions_per_min,12.0
R0,local_p75,acceptance_proportion,0.4166666666666667
R0,local_p75,accepted_windows_per_min,50.0
R0,local_p75,longest_no_acceptance_s,9.0
R0,local_p75,transitions_per_min,40.0
R1,local_p75,acceptance_proportion,0.7958333333333333
R1,local_p75,accepted_windows_per_min,95.5
R1,local_p75,longest_no_acceptance_s,5.0
R1,local_p75,transitions_per_min,27.0
R2,local_p75,acceptance_proportion,0.8
R2,local_p75,accepted_windows_per_min,96.0
R2,local_p75,longest_no_acceptance_s,3.0
R2,local_p75,transitions_per_min,24.0
R0,local_p75,acceptance_proportion,0.7416666666666667
R0,local_p75,accepted_windows_per_min,89.0
R0,local_p75,longest_no_acceptance_s,2.0
R0,local_p75,transitions_per_min,47.0
R1,local_p75,acceptance_proportion,1.0
R1,local_p75,accepted_windows_per_min,120.0
R1,local_p75,longest_no_acceptance_s,0.0
R1,local_p75,transitions_per_min,0.0
R2,local_p75,acceptance_proportion,1.0
R2,local_p75,accepted_windows_per_min,120.0
R2,local_p75,longest_no_acceptance_s,0.0
R2,local_p75,transitions_per_min,0.0
R0,local_p75,acceptance_proportion,0.8833333333333333
R0,local_p75,accepted_windows_per_min,106.0
R0,local_p75,longest_no_acceptance_s,1.5
R0,local_p75,transitions_per_min,24.0
R1,local_p75,acceptance_proportion,0.9833333333333333
R1,local_p75,accepted_windows_per_min,118.0
R1,local_p75,longest_no_acceptance_s,0.5
R1,local_p75,transitions_per_min,4.0
R2,local_p75,acceptance_proportion,0.9875
R2,local_p75,accepted_windows_per_min,118.5
R2,local_p75,longest_no_acceptance_s,0.5
R2,local_p75,transitions_per_min,3.0
R0,local_p75,acceptance_proportion,0.6833333333333333
R0,local_p75,accepted_windows_per_min,82.0
R0,local_p75,longest_no_acceptance_s,3.0
R0,local_p75,transitions_per_min,51.0
R1,local_p75,acceptance_proportion,1.0
R1,local_p75,accepted_windows_per_min,120.0
R1,local_p75,longest_no_acceptance_s,0.0
R1,local_p75,transitions_per_min,0.0
R2,local_p75,acceptance_proportion,1.0
R2,local_p75,accepted_windows_per_min,120.0
R2,local_p75,longest_no_acceptance_s,0.0
R2,local_p75,transitions_per_min,0.0
R0,local_p75,acceptance_proportion,0.7291666666666666
R0,local_p75,accepted_windows_per_min,87.5
R0,local_p75,longest_no_acceptance_s,3.0
R0,local_p75,transitions_per_min,45.0
R1,local_p75,acceptance_proportion,0.9916666666666667
R1,local_p75,accepted_windows_per_min,119.0
R1,local_p75,longest_no_acceptance_s,0.5
R1,local_p75,transitions_per_min,2.0
R2,local_p75,acceptance_proportion,0.9916666666666667
R2,local_p75,accepted_windows_per_min,119.0
R2,local_p75,longest_no_acceptance_s,0.5
R2,local_p75,transitions_per_min,2.0
R0,local_p75,acceptance_proportion,0.4625
R0,local_p75,accepted_windows_per_min,55.5
R0,local_p75,longest_no_acceptance_s,4.5
R0,local_p75,transitions_per_min,52.5
R1,local_p75,acceptance_proportion,0.8666666666666667
R1,local_p75,accepted_windows_per_min,104.0
R1,local_p75,longest_no_acceptance_s,2.0
R1,local_p75,transitions_per_min,24.0
R2,local_p75,acceptance_proportion,0.8708333333333333
R2,local_p75,accepted_windows_per_min,104.5
R2,local_p75,longest_no_acceptance_s,2.0
R2,local_p75,transitions_per_min,24.0
R0,local_p75,acceptance_proportion,0.4708333333333333
R0,local_p75,accepted_windows_per_min,56.5
R0,local_p75,longest_no_acceptance_s,4.5
R0,local_p75,transitions_per_min,56.0
R1,local_p75,acceptance_proportion,0.8125
R1,local_p75,accepted_windows_per_min,97.5
R1,local_p75,longest_no_acceptance_s,2.5
R1,local_p75,transitions_per_min,24.0
R2,local_p75,acceptance_proportion,0.8208333333333333
R2,local_p75,accepted_windows_per_min,98.5
R2,local_p75,longest_no_acceptance_s,2.5
R2,local_p75,transitions_per_min,25.0
R0,local_p75,acceptance_proportion,0.7666666666666667
R0,local_p75,accepted_windows_per_min,92.0
R0,local_p75,longest_no_acceptance_s,2.0
R0,local_p75,transitions_per_min,41.5
R1,local_p75,acceptance_proportion,0.975
R1,local_p75,accepted_windows_per_min,117.0
R1,local_p75,longest_no_acceptance_s,1.0
R1,local_p75,transitions_per_min,5.0
R2,local_p75,acceptance_proportion,0.9791666666666666
R2,local_p75,accepted_windows_per_min,117.5
R2,local_p75,longest_no_acceptance_s,1.0
R2,local_p75,transitions_per_min,4.0
R0,local_p75,acceptance_proportion,0.8875
R0,local_p75,accepted_windows_per_min,106.5
R0,local_p75,longest_no_acceptance_s,1.0
R0,local_p75,transitions_per_min,24.0
R1,local_p75,acceptance_proportion,0.9916666666666667
R1,local_p75,accepted_windows_per_min,119.0
R1,local_p75,longest_no_acceptance_s,0.5
R1,local_p75,transitions_per_min,2.0
R2,local_p75,acceptance_proportion,0.9958333333333333
R2,local_p75,accepted_windows_per_min,119.5
R2,local_p75,longest_no_acceptance_s,0.5
R2,local_p75,transitions_per_min,1.0
R0,local_p75,acceptance_proportion,0.5333333333333333
R0,local_p75,accepted_windows_per_min,64.0
R0,local_p75,longest_no_acceptance_s,7.5
R0,local_p75,transitions_per_min,39.0
R1,local_p75,acceptance_proportion,0.7833333333333333
R1,local_p75,accepted_windows_per_min,94.0
R1,local_p75,longest_no_acceptance_s,2.5
R1,local_p75,transitions_per_min,26.5
R2,local_p75,acceptance_proportion,0.7833333333333333
R2,local_p75,accepted_windows_per_min,94.0
R2,local_p75,longest_no_acceptance_s,3.0
R2,local_p75,transitions_per_min,25.5
R0,local_p75,acceptance_proportion,0.5541666666666667
R0,local_p75,accepted_windows_per_min,66.5
R0,local_p75,longest_no_acceptance_s,7.5
R0,local_p75,transitions_per_min,38.0
R1,local_p75,acceptance_proportion,0.8458333333333333
R1,local_p75,accepted_windows_per_min,101.5
R1,local_p75,longest_no_acceptance_s,3.0
R1,local_p75,transitions_per_min,16.0
R2,local_p75,acceptance_proportion,0.85
R2,local_p75,accepted_windows_per_min,102.0
R2,local_p75,longest_no_acceptance_s,3.0
R2,local_p75,transitions_per_min,17.0
R0,local_p75,acceptance_proportion,0.5291666666666667
R0,local_p75,accepted_windows_per_min,63.5
R0,local_p75,longest_no_acceptance_s,3.0
R0,local_p75,transitions_per_min,55.5
R1,local_p75,acceptance_proportion,0.9833333333333333
R1,local_p75,accepted_windows_per_min,118.0
R1,local_p75,longest_no_acceptance_s,0.5
R1,local_p75,transitions_per_min,4.0
R2,local_p75,acceptance_proportion,0.9916666666666667
R2,local_p75,accepted_windows_per_min,119.0
R2,local_p75,longest_no_acceptance_s,0.5
R2,local_p75,transitions_per_min,2.0
R0,local_p75,acceptance_proportion,0.6916666666666667
R0,local_p75,accepted_windows_per_min,83.0
R0,local_p75,longest_no_acceptance_s,2.5
R0,local_p75,transitions_per_min,49.0
R1,local_p75,acceptance_proportion,0.9666666666666667
R1,local_p75,accepted_windows_per_min,116.0
R1,local_p75,longest_no_acceptance_s,1.0
R1,local_p75,transitions_per_min,7.0
R2,local_p75,acceptance_proportion,0.9666666666666667
R2,local_p75,accepted_windows_per_min,116.0
R2,local_p75,longest_no_acceptance_s,1.0
R2,local_p75,transitions_per_min,7.0
R0,local_p75,acceptance_proportion,0.4041666666666667
R0,local_p75,accepted_windows_per_min,48.5
R0,local_p75,longest_no_acceptance_s,5.0
R0,local_p75,transitions_per_min,55.5
R1,local_p75,acceptance_proportion,0.8416666666666667
R1,local_p75,accepted_windows_per_min,101.0
R1,local_p75,longest_no_acceptance_s,2.5
R1,local_p75,transitions_per_min,24.0
R2,local_p75,acceptance_proportion,0.8458333333333333
R2,local_p75,accepted_windows_per_min,101.5
R2,local_p75,longest_no_acceptance_s,2.5
R2,local_p75,transitions_per_min,24.0
R0,local_p75,acceptance_proportion,0.575
R0,local_p75,accepted_windows_per_min,69.0
R0,local_p75,longest_no_acceptance_s,5.0
R0,local_p75,transitions_per_min,43.0
R1,local_p75,acceptance_proportion,0.8541666666666666
R1,local_p75,accepted_windows_per_min,102.5
R1,local_p75,longest_no_acceptance_s,2.0
R1,local_p75,transitions_per_min,22.0
R2,local_p75,acceptance_proportion,0.8625
R2,local_p75,accepted_windows_per_min,103.5
R2,local_p75,longest_no_acceptance_s,2.0
R2,local_p75,transitions_per_min,23.0
R0,local_p75,acceptance_proportion,0.7208333333333333
R0,local_p75,accepted_windows_per_min,86.5
R0,local_p75,longest_no_acceptance_s,2.5
R0,local_p75,transitions_per_min,47.0
R1,local_p75,acceptance_proportion,0.9041666666666667
R1,local_p75,accepted_windows_per_min,108.5
R1,local_p75,longest_no_acceptance_s,1.5
R1,local_p75,transitions_per_min,16.0
R2,local_p75,acceptance_proportion,0.9166666666666666
R2,local_p75,accepted_windows_per_min,110.0
R2,local_p75,longest_no_acceptance_s,1.5
R2,local_p75,transitions_per_min,14.0
R0,local_p75,acceptance_proportion,0.7208333333333333
R0,local_p75,accepted_windows_per_min,86.5
R0,local_p75,longest_no_acceptance_s,1.5
R0,local_p75,transitions_per_min,48.5
R1,local_p75,acceptance_proportion,0.9791666666666666
R1,local_p75,accepted_windows_per_min,117.5
R1,local_p75,longest_no_acceptance_s,0.5
R1,local_p75,transitions_per_min,5.0
R2,local_p75,acceptance_proportion,0.9708333333333333
R2,local_p75,accepted_windows_per_min,116.5
R2,local_p75,longest_no_acceptance_s,0.5
R2,local_p75,transitions_per_min,7.0
R0,local_p75,acceptance_proportion,0.5375
R0,local_p75,accepted_windows_per_min,64.5
R0,local_p75,longest_no_acceptance_s,5.0
R0,local_p75,transitions_per_min,50.0
R1,local_p75,acceptance_proportion,0.9291666666666667
R1,local_p75,accepted_windows_per_min,111.5
R1,local_p75,longest_no_acceptance_s,2.0
R1,local_p75,transitions_per_min,14.0
R2,local_p75,acceptance_proportion,0.9291666666666667
R2,local_p75,accepted_windows_per_min,111.5
R2,local_p75,longest_no_acceptance_s,2.0
R2,local_p75,transitions_per_min,14.0
R0,local_p75,acceptance_proportion,0.5958333333333333
R0,local_p75,accepted_windows_per_min,71.5
R0,local_p75,longest_no_acceptance_s,4.5
R0,local_p75,transitions_per_min,50.5
R1,local_p75,acceptance_proportion,0.975
R1,local_p75,accepted_windows_per_min,117.0
R1,local_p75,longest_no_acceptance_s,0.5
R1,local_p75,transitions_per_min,5.5
R2,local_p75,acceptance_proportion,0.975
R2,local_p75,accepted_windows_per_min,117.0
R2,local_p75,longest_no_acceptance_s,0.5
R2,local_p75,transitions_per_min,5.5
R0,local_p75,acceptance_proportion,0.35833333333333334
R0,local_p75,accepted_windows_per_min,43.0
R0,local_p75,longest_no_acceptance_s,11.0
R0,local_p75,transitions_per_min,47.0
R1,local_p75,acceptance_proportion,0.7
R1,local_p75,accepted_windows_per_min,84.0
R1,local_p75,longest_no_acceptance_s,2.5
R1,local_p75,transitions_per_min,31.000000000000004
R2,local_p75,acceptance_proportion,0.6958333333333333
R2,local_p75,accepted_windows_per_min,83.5
R2,local_p75,longest_no_acceptance_s,2.5
R2,local_p75,transitions_per_min,32.0
R0,local_p75,acceptance_proportion,0.325
R0,local_p75,accepted_windows_per_min,39.0
R0,local_p75,longest_no_acceptance_s,7.5
R0,local_p75,transitions_per_min,48.0
R1,local_p75,acceptance_proportion,0.7875
R1,local_p75,accepted_windows_per_min,94.5
R1,local_p75,longest_no_acceptance_s,2.5
R1,local_p75,transitions_per_min,26.0
R2,local_p75,acceptance_proportion,0.7583333333333333
R2,local_p75,accepted_windows_per_min,91.0
R2,local_p75,longest_no_acceptance_s,2.5
R2,local_p75,transitions_per_min,25.0
R0,local_p75,acceptance_proportion,0.6166666666666667
R0,local_p75,accepted_windows_per_min,74.0
R0,local_p75,longest_no_acceptance_s,3.5
R0,local_p75,transitions_per_min,49.5
R1,local_p75,acceptance_proportion,0.9416666666666667
R1,local_p75,accepted_windows_per_min,113.0
R1,local_p75,longest_no_acceptance_s,1.0
R1,local_p75,transitions_per_min,11.0
R2,local_p75,acceptance_proportion,0.9333333333333333
R2,local_p75,accepted_windows_per_min,112.0
R2,local_p75,longest_no_acceptance_s,1.0
R2,local_p75,transitions_per_min,13.0
R0,local_p75,acceptance_proportion,0.5083333333333333
R0,local_p75,accepted_windows_per_min,61.0
R0,local_p75,longest_no_acceptance_s,4.5
R0,local_p75,transitions_per_min,55.0
R1,local_p75,acceptance_proportion,0.8666666666666667
R1,local_p75,accepted_windows_per_min,104.0
R1,local_p75,longest_no_acceptance_s,2.0
R1,local_p75,transitions_per_min,22.0
R2,local_p75,acceptance_proportion,0.8666666666666667
R2,local_p75,accepted_windows_per_min,104.0
R2,local_p75,longest_no_acceptance_s,1.5
R2,local_p75,transitions_per_min,22.0
R0,local_p75,acceptance_proportion,0.425
R0,local_p75,accepted_windows_per_min,51.0
R0,local_p75,longest_no_acceptance_s,7.0
R0,local_p75,transitions_per_min,49.0
R1,local_p75,acceptance_proportion,0.7666666666666667
R1,local_p75,accepted_windows_per_min,92.0
R1,local_p75,longest_no_acceptance_s,5.0
R1,local_p75,transitions_per_min,22.0
R2,local_p75,acceptance_proportion,0.7875
R2,local_p75,accepted_windows_per_min,94.5
R2,local_p75,longest_no_acceptance_s,5.0
R2,local_p75,transitions_per_min,19.0
R0,local_p75,acceptance_proportion,0.22083333333333333
R0,local_p75,accepted_windows_per_min,26.5
R0,local_p75,longest_no_acceptance_s,24.0
R0,local_p75,transitions_per_min,22.0
R1,local_p75,acceptance_proportion,0.48333333333333334
R1,local_p75,accepted_windows_per_min,58.0
R1,local_p75,longest_no_acceptance_s,8.0
R1,local_p75,transitions_per_min,32.5
R2,local_p75,acceptance_proportion,0.4791666666666667
R2,local_p75,accepted_windows_per_min,57.5
R2,local_p75,longest_no_acceptance_s,8.0
R2,local_p75,transitions_per_min,32.5
R0,local_p75,acceptance_proportion,0.4166666666666667
R0,local_p75,accepted_windows_per_min,50.0
R0,local_p75,longest_no_acceptance_s,5.0
R0,local_p75,transitions_per_min,54.5
R1,local_p75,acceptance_proportion,0.85
R1,local_p75,accepted_windows_per_min,102.0
R1,local_p75,longest_no_acceptance_s,1.0
R1,local_p75,transitions_per_min,30.0
R2,local_p75,acceptance_proportion,0.8625
R2,local_p75,accepted_windows_per_min,103.5
R2,local_p75,longest_no_acceptance_s,1.0
R2,local_p75,transitions_per_min,29.0
R0,local_p75,acceptance_proportion,0.5166666666666667
R0,local_p75,accepted_windows_per_min,62.00000000000001
R0,local_p75,longest_no_acceptance_s,6.0
R0,local_p75,transitions_per_min,50.5
R1,local_p75,acceptance_proportion,0.925
R1,local_p75,accepted_windows_per_min,111.0
R1,local_p75,longest_no_acceptance_s,1.0
R1,local_p75,transitions_per_min,14.0
R2,local_p75,acceptance_proportion,0.9375
R2,local_p75,accepted_windows_per_min,112.5
R2,local_p75,longest_no_acceptance_s,1.0
R2,local_p75,transitions_per_min,13.0
R0,local_p75,acceptance_proportion,0.6333333333333333
R0,local_p75,accepted_windows_per_min,76.0
R0,local_p75,longest_no_acceptance_s,6.0
R0,local_p75,transitions_per_min,41.5
R1,local_p75,acceptance_proportion,0.9208333333333333
R1,local_p75,accepted_windows_per_min,110.5
R1,local_p75,longest_no_acceptance_s,2.0
R1,local_p75,transitions_per_min,13.5
R2,local_p75,acceptance_proportion,0.9125
R2,local_p75,accepted_windows_per_min,109.5
R2,local_p75,longest_no_acceptance_s,2.0
R2,local_p75,transitions_per_min,13.5
R0,local_p75,acceptance_proportion,0.6
R0,local_p75,accepted_windows_per_min,72.0
R0,local_p75,longest_no_acceptance_s,3.5
R0,local_p75,transitions_per_min,47.5
R1,local_p75,acceptance_proportion,0.9333333333333333
R1,local_p75,accepted_windows_per_min,112.0
R1,local_p75,longest_no_acceptance_s,1.5
R1,local_p75,transitions_per_min,12.0
R2,local_p75,acceptance_proportion,0.9416666666666667
R2,local_p75,accepted_windows_per_min,113.0
R2,local_p75,longest_no_acceptance_s,2.0
R2,local_p75,transitions_per_min,10.0
R0,local_p75,acceptance_proportion,0.6083333333333333
R0,local_p75,accepted_windows_per_min,73.0
R0,local_p75,longest_no_acceptance_s,7.0
R0,local_p75,transitions_per_min,42.0
R1,local_p75,acceptance_proportion,0.9416666666666667
R1,local_p75,accepted_windows_per_min,113.0
R1,local_p75,longest_no_acceptance_s,1.5
R1,local_p75,transitions_per_min,10.0
R2,local_p75,acceptance_proportion,0.925
R2,local_p75,accepted_windows_per_min,111.0
R2,local_p75,longest_no_acceptance_s,1.5
R2,local_p75,transitions_per_min,13.0
R0,local_p75,acceptance_proportion,0.5333333333333333
R0,local_p75,accepted_windows_per_min,64.0
R0,local_p75,longest_no_acceptance_s,4.0
R0,local_p75,transitions_per_min,51.0
R1,local_p75,acceptance_proportion,0.8958333333333334
R1,local_p75,accepted_windows_per_min,107.5
R1,local_p75,longest_no_acceptance_s,1.5
R1,local_p75,transitions_per_min,17.0
R2,local_p75,acceptance_proportion,0.8833333333333333
R2,local_p75,accepted_windows_per_min,106.0
R2,local_p75,longest_no_acceptance_s,1.5
R2,local_p75,transitions_per_min,18.0
R0,local_p75,acceptance_proportion,0.5125
R0,local_p75,accepted_windows_per_min,61.49999999999999
R0,local_p75,longest_no_acceptance_s,3.5
R0,local_p75,transitions_per_min,50.0
R1,local_p75,acceptance_proportion,0.8333333333333334
R1,local_p75,accepted_windows_per_min,100.0
R1,local_p75,longest_no_acceptance_s,2.5
R1,local_p75,transitions_per_min,27.0
R2,local_p75,acceptance_proportion,0.8125
R2,local_p75,accepted_windows_per_min,97.5
R2,local_p75,longest_no_acceptance_s,2.5
R2,local_p75,transitions_per_min,28.0
R0,local_p75,acceptance_proportion,0.43333333333333335
R0,local_p75,accepted_windows_per_min,52.0
R0,local_p75,longest_no_acceptance_s,4.5
R0,local_p75,transitions_per_min,55.0
R1,local_p75,acceptance_proportion,0.9333333333333333
R1,local_p75,accepted_windows_per_min,112.0
R1,local_p75,longest_no_acceptance_s,1.0
R1,local_p75,transitions_per_min,15.0
R2,local_p75,acceptance_proportion,0.9375
R2,local_p75,accepted_windows_per_min,112.5
R2,local_p75,longest_no_acceptance_s,1.0
R2,local_p75,transitions_per_min,13.0
R0,local_p75,acceptance_proportion,0.6083333333333333
R0,local_p75,accepted_windows_per_min,73.0
R0,local_p75,longest_no_acceptance_s,4.0
R0,local_p75,transitions_per_min,54.5
R1,local_p75,acceptance_proportion,0.9833333333333333
R1,local_p75,accepted_windows_per_min,118.0
R1,local_p75,longest_no_acceptance_s,0.5
R1,local_p75,transitions_per_min,4.0
R2,local_p75,acceptance_proportion,0.9833333333333333
R2,local_p75,accepted_windows_per_min,118.0
R2,local_p75,longest_no_acceptance_s,0.5
R2,local_p75,transitions_per_min,4.0
R0,local_p75,acceptance_proportion,0.6875
R0,local_p75,accepted_windows_per_min,82.5
R0,local_p75,longest_no_acceptance_s,2.0
R0,local_p75,transitions_per_min,47.5
R1,local_p75,acceptance_proportion,0.9833333333333333
R1,local_p75,accepted_windows_per_min,118.0
R1,local_p75,longest_no_acceptance_s,1.0
R1,local_p75,transitions_per_min,3.0
R2,local_p75,acceptance_proportion,0.9833333333333333
R2,local_p75,accepted_windows_per_min,118.0
R2,local_p75,longest_no_acceptance_s,1.0
R2,local_p75,transitions_per_min,3.0
R0,local_p75,acceptance_proportion,0.625
R0,local_p75,accepted_windows_per_min,75.0
R0,local_p75,longest_no_acceptance_s,6.0
R0,local_p75,transitions_per_min,37.0
R1,local_p75,acceptance_proportion,0.8958333333333334
R1,local_p75,accepted_windows_per_min,107.5
R1,local_p75,longest_no_acceptance_s,6.0
R1,local_p75,transitions_per_min,10.0
R2,local_p75,acceptance_proportion,0.8916666666666667
R2,local_p75,accepted_windows_per_min,107.0
R2,local_p75,longest_no_acceptance_s,6.0
R2,local_p75,transitions_per_min,11.0
R0,local_p75,acceptance_proportion,0.775
R0,local_p75,accepted_windows_per_min,93.0
R0,local_p75,longest_no_acceptance_s,3.0
R0,local_p75,transitions_per_min,32.0
R1,local_p75,acceptance_proportion,0.9875
R1,local_p75,accepted_windows_per_min,118.5
R1,local_p75,longest_no_acceptance_s,1.0
R1,local_p75,transitions_per_min,2.0
R2,local_p75,acceptance_proportion,0.9916666666666667
R2,local_p75,accepted_windows_per_min,119.0
R2,local_p75,longest_no_acceptance_s,1.0
R2,local_p75,transitions_per_min,1.0
R0,local_p75,acceptance_proportion,0.5583333333333333
R0,local_p75,accepted_windows_per_min,67.0
R0,local_p75,longest_no_acceptance_s,3.0
R0,local_p75,transitions_per_min,57.5
R1,local_p75,acceptance_proportion,0.9291666666666667
R1,local_p75,accepted_windows_per_min,111.5
R1,local_p75,longest_no_acceptance_s,1.5
R1,local_p75,transitions_per_min,13.0
R2,local_p75,acceptance_proportion,0.9458333333333333
R2,local_p75,accepted_windows_per_min,113.5
R2,local_p75,longest_no_acceptance_s,1.0
R2,local_p75,transitions_per_min,11.0
R0,local_p75,acceptance_proportion,0.6791666666666667
R0,local_p75,accepted_windows_per_min,81.5
R0,local_p75,longest_no_acceptance_s,6.5
R0,local_p75,transitions_per_min,35.0
R1,local_p75,acceptance_proportion,0.9333333333333333
R1,local_p75,accepted_windows_per_min,112.0
R1,local_p75,longest_no_acceptance_s,3.5
R1,local_p75,transitions_per_min,7.0
R2,local_p75,acceptance_proportion,0.9333333333333333
R2,local_p75,accepted_windows_per_min,112.0
R2,local_p75,longest_no_acceptance_s,3.5
R2,local_p75,transitions_per_min,7.0
R0,local_p75,acceptance_proportion,0.6083333333333333
R0,local_p75,accepted_windows_per_min,73.0
R0,local_p75,longest_no_acceptance_s,2.5
R0,local_p75,transitions_per_min,47.5
R1,local_p75,acceptance_proportion,0.9541666666666667
R1,local_p75,accepted_windows_per_min,114.5
R1,local_p75,longest_no_acceptance_s,1.5
R1,local_p75,transitions_per_min,7.5
R2,local_p75,acceptance_proportion,0.9583333333333334
R2,local_p75,accepted_windows_per_min,115.0
R2,local_p75,longest_no_acceptance_s,1.5
R2,local_p75,transitions_per_min,6.5
R0,local_p75,acceptance_proportion,0.7791666666666667
R0,local_p75,accepted_windows_per_min,93.5
R0,local_p75,longest_no_acceptance_s,2.5
R0,local_p75,transitions_per_min,34.0
R1,local_p75,acceptance_proportion,0.9875
R1,local_p75,accepted_windows_per_min,118.5
R1,local_p75,longest_no_acceptance_s,0.5
R1,local_p75,transitions_per_min,3.0
R2,local_p75,acceptance_proportion,0.9916666666666667
R2,local_p75,accepted_windows_per_min,119.0
R2,local_p75,longest_no_acceptance_s,0.5
R2,local_p75,transitions_per_min,2.0
R0,local_p75,acceptance_proportion,0.4666666666666667
R0,local_p75,accepted_windows_per_min,56.0
R0,local_p75,longest_no_acceptance_s,3.5
R0,local_p75,transitions_per_min,57.5
R1,local_p75,acceptance_proportion,0.8583333333333333
R1,local_p75,accepted_windows_per_min,103.0
R1,local_p75,longest_no_acceptance_s,1.5
R1,local_p75,transitions_per_min,24.0
R2,local_p75,acceptance_proportion,0.8708333333333333
R2,local_p75,accepted_windows_per_min,104.5
R2,local_p75,longest_no_acceptance_s,1.5
R2,local_p75,transitions_per_min,22.0
R0,local_p75,acceptance_proportion,0.5958333333333333
R0,local_p75,accepted_windows_per_min,71.5
R0,local_p75,longest_no_acceptance_s,4.0
R0,local_p75,transitions_per_min,57.5
R1,local_p75,acceptance_proportion,0.9333333333333333
R1,local_p75,accepted_windows_per_min,112.0
R1,local_p75,longest_no_acceptance_s,1.0
R1,local_p75,transitions_per_min,12.0
R2,local_p75,acceptance_proportion,0.9333333333333333
R2,local_p75,accepted_windows_per_min,112.0
R2,local_p75,longest_no_acceptance_s,1.0
R2,local_p75,transitions_per_min,11.0
R0,local_p75,acceptance_proportion,0.49583333333333335
R0,local_p75,accepted_windows_per_min,59.5
R0,local_p75,longest_no_acceptance_s,4.5
R0,local_p75,transitions_per_min,47.5
R1,local_p75,acceptance_proportion,0.8625
R1,local_p75,accepted_windows_per_min,103.5
R1,local_p75,longest_no_acceptance_s,2.0
R1,local_p75,transitions_per_min,22.0
R2,local_p75,acceptance_proportion,0.8458333333333333
R2,local_p75,accepted_windows_per_min,101.5
R2,local_p75,longest_no_acceptance_s,2.0
R2,local_p75,transitions_per_min,25.0
R0,local_p75,acceptance_proportion,0.39166666666666666
R0,local_p75,accepted_windows_per_min,47.0
R0,local_p75,longest_no_acceptance_s,8.5
R0,local_p75,transitions_per_min,52.5
R1,local_p75,acceptance_proportion,0.7625
R1,local_p75,accepted_windows_per_min,91.5
R1,local_p75,longest_no_acceptance_s,2.5
R1,local_p75,transitions_per_min,37.5
R2,local_p75,acceptance_proportion,0.7833333333333333
R2,local_p75,accepted_windows_per_min,94.0
R2,local_p75,longest_no_acceptance_s,3.0
R2,local_p75,transitions_per_min,34.0
R0,local_p75,acceptance_proportion,0.65
R0,local_p75,accepted_windows_per_min,78.0
R0,local_p75,longest_no_acceptance_s,2.5
R0,local_p75,transitions_per_min,52.5
R1,local_p75,acceptance_proportion,0.9
R1,local_p75,accepted_windows_per_min,108.0
R1,local_p75,longest_no_acceptance_s,1.5
R1,local_p75,transitions_per_min,18.0
R2,local_p75,acceptance_proportion,0.9041666666666667
R2,local_p75,accepted_windows_per_min,108.5
R2,local_p75,longest_no_acceptance_s,1.5
R2,local_p75,transitions_per_min,18.0
R0,local_p75,acceptance_proportion,0.5916666666666667
R0,local_p75,accepted_windows_per_min,71.0
R0,local_p75,longest_no_acceptance_s,9.5
R0,local_p75,transitions_per_min,45.0
R1,local_p75,acceptance_proportion,0.9041666666666667
R1,local_p75,accepted_windows_per_min,108.5
R1,local_p75,longest_no_acceptance_s,2.5
R1,local_p75,transitions_per_min,12.0
R2,local_p75,acceptance_proportion,0.9
R2,local_p75,accepted_windows_per_min,108.0
R2,local_p75,longest_no_acceptance_s,2.5
R2,local_p75,transitions_per_min,13.0
R0,local_p75,acceptance_proportion,0.8875
R0,local_p75,accepted_windows_per_min,106.5
R0,local_p75,longest_no_acceptance_s,3.0
R0,local_p75,transitions_per_min,18.0
R1,local_p75,acceptance_proportion,1.0
R1,local_p75,accepted_windows_per_min,120.0
R1,local_p75,longest_no_acceptance_s,0.0
R1,local_p75,transitions_per_min,0.0
R2,local_p75,acceptance_proportion,1.0
R2,local_p75,accepted_windows_per_min,120.0
R2,local_p75,longest_no_acceptance_s,0.0
R2,local_p75,transitions_per_min,0.0
R0,local_p75,acceptance_proportion,0.8708333333333333
R0,local_p75,accepted_windows_per_min,104.5
R0,local_p75,longest_no_acceptance_s,1.0
R0,local_p75,transitions_per_min,22.0
R1,local_p75,acceptance_proportion,0.9791666666666666
R1,local_p75,accepted_windows_per_min,117.5
R1,local_p75,longest_no_acceptance_s,1.0
R1,local_p75,transitions_per_min,4.0
R2,local_p75,acceptance_proportion,0.9833333333333333
R2,local_p75,accepted_windows_per_min,118.0
R2,local_p75,longest_no_acceptance_s,1.0
R2,local_p75,transitions_per_min,3.0
R0,local_p75,acceptance_proportion,0.6
R0,local_p75,accepted_windows_per_min,72.0
R0,local_p75,longest_no_acceptance_s,3.0
R0,local_p75,transitions_per_min,55.0
R1,local_p75,acceptance_proportion,0.95
R1,local_p75,accepted_windows_per_min,114.0
R1,local_p75,longest_no_acceptance_s,1.0
R1,local_p75,transitions_per_min,9.5
R2,local_p75,acceptance_proportion,0.9583333333333334
R2,local_p75,accepted_windows_per_min,115.0
R2,local_p75,longest_no_acceptance_s,1.0
R2,local_p75,transitions_per_min,8.5
R0,local_p75,acceptance_proportion,0.8
R0,local_p75,accepted_windows_per_min,96.0
R0,local_p75,longest_no_acceptance_s,2.5
R0,local_p75,transitions_per_min,34.0
R1,local_p75,acceptance_proportion,0.9916666666666667
R1,local_p75,accepted_windows_per_min,119.0
R1,local_p75,longest_no_acceptance_s,1.0
R1,local_p75,transitions_per_min,1.0
R2,local_p75,acceptance_proportion,0.9916666666666667
R2,local_p75,accepted_windows_per_min,119.0
R2,local_p75,longest_no_acceptance_s,1.0
R2,local_p75,transitions_per_min,1.0
R0,local_p75,acceptance_proportion,0.5571428571428572
R0,local_p75,accepted_windows_per_min,66.85714285714286
R0,local_p75,longest_no_acceptance_s,4.0
R0,local_p75,transitions_per_min,55.285714285714285
R1,local_p75,acceptance_proportion,0.8535714285714285
R1,local_p75,accepted_windows_per_min,102.42857142857143
R1,local_p75,longest_no_acceptance_s,1.0
R1,local_p75,transitions_per_min,30.0
R2,local_p75,acceptance_proportion,0.8714285714285714
R2,local_p75,accepted_windows_per_min,104.57142857142857
R2,local_p75,longest_no_acceptance_s,1.0
R2,local_p75,transitions_per_min,26.57142857142857
R0,local_p75,acceptance_proportion,0.7464285714285714
R0,local_p75,accepted_windows_per_min,89.57142857142857
R0,local_p75,longest_no_acceptance_s,2.0
R0,local_p75,transitions_per_min,42.85714285714286
R1,local_p75,acceptance_proportion,0.9428571428571428
R1,local_p75,accepted_windows_per_min,113.14285714285714
R1,local_p75,longest_no_acceptance_s,1.5
R1,local_p75,transitions_per_min,8.571428571428571
R2,local_p75,acceptance_proportion,0.9357142857142857
R2,local_p75,accepted_windows_per_min,112.28571428571429
R2,local_p75,longest_no_acceptance_s,1.5
R2,local_p75,transitions_per_min,9.428571428571429
R0,local_p75,acceptance_proportion,0.6714285714285714
R0,local_p75,accepted_windows_per_min,80.57142857142857
R0,local_p75,longest_no_acceptance_s,3.0
R0,local_p75,transitions_per_min,49.285714285714285
R1,local_p75,acceptance_proportion,0.8964285714285715
R1,local_p75,accepted_windows_per_min,107.57142857142857
R1,local_p75,longest_no_acceptance_s,1.0
R1,local_p75,transitions_per_min,23.142857142857142
R2,local_p75,acceptance_proportion,0.8964285714285715
R2,local_p75,accepted_windows_per_min,107.57142857142857
R2,local_p75,longest_no_acceptance_s,1.0
R2,local_p75,transitions_per_min,22.285714285714285
R0,local_p75,acceptance_proportion,0.8357142857142857
R0,local_p75,accepted_windows_per_min,100.28571428571429
R0,local_p75,longest_no_acceptance_s,2.0
R0,local_p75,transitions_per_min,30.0
R1,local_p75,acceptance_proportion,0.9857142857142858
R1,local_p75,accepted_windows_per_min,118.28571428571429
R1,local_p75,longest_no_acceptance_s,0.5
R1,local_p75,transitions_per_min,3.4285714285714284
R2,local_p75,acceptance_proportion,0.9892857142857143
R2,local_p75,accepted_windows_per_min,118.71428571428572
R2,local_p75,longest_no_acceptance_s,0.5
R2,local_p75,transitions_per_min,2.5714285714285716
R0,local_p75,acceptance_proportion,0.6071428571428571
R0,local_p75,accepted_windows_per_min,72.85714285714285
R0,local_p75,longest_no_acceptance_s,5.0
R0,local_p75,transitions_per_min,42.0
R1,local_p75,acceptance_proportion,0.9607142857142857
R1,local_p75,accepted_windows_per_min,115.28571428571429
R1,local_p75,longest_no_acceptance_s,1.5
R1,local_p75,transitions_per_min,7.7142857142857135
R2,local_p75,acceptance_proportion,0.9607142857142857
R2,local_p75,accepted_windows_per_min,115.28571428571429
R2,local_p75,longest_no_acceptance_s,1.0
R2,local_p75,transitions_per_min,8.571428571428571
R0,local_p75,acceptance_proportion,0.7285714285714285
R0,local_p75,accepted_windows_per_min,87.42857142857143
R0,local_p75,longest_no_acceptance_s,3.5
R0,local_p75,transitions_per_min,42.42857142857143
R1,local_p75,acceptance_proportion,0.9714285714285714
R1,local_p75,accepted_windows_per_min,116.57142857142857
R1,local_p75,longest_no_acceptance_s,0.5
R1,local_p75,transitions_per_min,6.857142857142857
R2,local_p75,acceptance_proportion,0.9678571428571429
R2,local_p75,accepted_windows_per_min,116.14285714285714
R2,local_p75,longest_no_acceptance_s,0.5
R2,local_p75,transitions_per_min,7.7142857142857135
R0,local_p75,acceptance_proportion,0.5
R0,local_p75,accepted_windows_per_min,60.0
R0,local_p75,longest_no_acceptance_s,4.0
R0,local_p75,transitions_per_min,57.42857142857143
R1,local_p75,acceptance_proportion,0.925
R1,local_p75,accepted_windows_per_min,111.0
R1,local_p75,longest_no_acceptance_s,2.0
R1,local_p75,transitions_per_min,11.571428571428571
R2,local_p75,acceptance_proportion,0.9428571428571428
R2,local_p75,accepted_windows_per_min,113.14285714285714
R2,local_p75,longest_no_acceptance_s,2.0
R2,local_p75,transitions_per_min,9.0
R0,local_p75,acceptance_proportion,0.6392857142857142
R0,local_p75,accepted_windows_per_min,76.71428571428571
R0,local_p75,longest_no_acceptance_s,3.0
R0,local_p75,transitions_per_min,52.714285714285715
R1,local_p75,acceptance_proportion,0.9892857142857143
R1,local_p75,accepted_windows_per_min,118.71428571428572
R1,local_p75,longest_no_acceptance_s,0.5
R1,local_p75,transitions_per_min,2.5714285714285716
R2,local_p75,acceptance_proportion,0.9892857142857143
R2,local_p75,accepted_windows_per_min,118.71428571428572
R2,local_p75,longest_no_acceptance_s,0.5
R2,local_p75,transitions_per_min,2.5714285714285716
R0,local_p75,acceptance_proportion,0.7
R0,local_p75,accepted_windows_per_min,84.0
R0,local_p75,longest_no_acceptance_s,3.0
R0,local_p75,transitions_per_min,47.14285714285714
R1,local_p75,acceptance_proportion,0.9642857142857143
R1,local_p75,accepted_windows_per_min,115.71428571428572
R1,local_p75,longest_no_acceptance_s,1.5
R1,local_p75,transitions_per_min,6.857142857142857
R2,local_p75,acceptance_proportion,0.9714285714285714
R2,local_p75,accepted_windows_per_min,116.57142857142857
R2,local_p75,longest_no_acceptance_s,1.5
R2,local_p75,transitions_per_min,5.142857142857143
R0,local_p75,acceptance_proportion,0.6142857142857143
R0,local_p75,accepted_windows_per_min,73.71428571428572
R0,local_p75,longest_no_acceptance_s,7.5
R0,local_p75,transitions_per_min,45.42857142857143
R1,local_p75,acceptance_proportion,0.9357142857142857
R1,local_p75,accepted_windows_per_min,112.28571428571429
R1,local_p75,longest_no_acceptance_s,3.0
R1,local_p75,transitions_per_min,8.571428571428571
R2,local_p75,acceptance_proportion,0.9321428571428572
R2,local_p75,accepted_windows_per_min,111.85714285714286
R2,local_p75,longest_no_acceptance_s,3.5
R2,local_p75,transitions_per_min,8.571428571428571
R0,local_p75,acceptance_proportion,0.5423728813559322
R0,local_p75,accepted_windows_per_min,65.08474576271186
R0,local_p75,longest_no_acceptance_s,2.0
R0,local_p75,transitions_per_min,49.83050847457627
R1,local_p75,acceptance_proportion,0.9661016949152542
R1,local_p75,accepted_windows_per_min,115.9322033898305
R1,local_p75,longest_no_acceptance_s,0.5
R1,local_p75,transitions_per_min,8.135593220338983
R2,local_p75,acceptance_proportion,0.9576271186440678
R2,local_p75,accepted_windows_per_min,114.91525423728814
R2,local_p75,longest_no_acceptance_s,1.0
R2,local_p75,transitions_per_min,8.135593220338983
R0,local_p75,acceptance_proportion,0.575
R0,local_p75,accepted_windows_per_min,69.0
R0,local_p75,longest_no_acceptance_s,3.5
R0,local_p75,transitions_per_min,45.0
R1,local_p75,acceptance_proportion,0.85
R1,local_p75,accepted_windows_per_min,102.0
R1,local_p75,longest_no_acceptance_s,1.5
R1,local_p75,transitions_per_min,27.0
R2,local_p75,acceptance_proportion,0.85
R2,local_p75,accepted_windows_per_min,102.0
R2,local_p75,longest_no_acceptance_s,1.5
R2,local_p75,transitions_per_min,26.0
R0,local_p75,acceptance_proportion,0.4152542372881356
R0,local_p75,accepted_windows_per_min,49.83050847457627
R0,local_p75,longest_no_acceptance_s,3.5
R0,local_p75,transitions_per_min,51.86440677966102
R1,local_p75,acceptance_proportion,0.847457627118644
R1,local_p75,accepted_windows_per_min,101.69491525423729
R1,local_p75,longest_no_acceptance_s,1.0
R1,local_p75,transitions_per_min,24.40677966101695
R2,local_p75,acceptance_proportion,0.8135593220338984
R2,local_p75,accepted_windows_per_min,97.6271186440678
R2,local_p75,longest_no_acceptance_s,1.0
R2,local_p75,transitions_per_min,28.474576271186443
R0,local_p75,acceptance_proportion,0.575
R0,local_p75,accepted_windows_per_min,69.0
R0,local_p75,longest_no_acceptance_s,3.5
R0,local_p75,transitions_per_min,45.0
R1,local_p75,acceptance_proportion,0.85
R1,local_p75,accepted_windows_per_min,102.0
R1,local_p75,longest_no_acceptance_s,1.5
R1,local_p75,transitions_per_min,27.0
R2,local_p75,acceptance_proportion,0.85
R2,local_p75,accepted_windows_per_min,102.0
R2,local_p75,longest_no_acceptance_s,1.5
R2,local_p75,transitions_per_min,26.0
R0,local_p75,acceptance_proportion,0.875
R0,local_p75,accepted_windows_per_min,105.0
R0,local_p75,longest_no_acceptance_s,1.0
R0,local_p75,transitions_per_min,26.0
R1,local_p75,acceptance_proportion,0.9583333333333334
R1,local_p75,accepted_windows_per_min,115.0
R1,local_p75,longest_no_acceptance_s,1.0
R1,local_p75,transitions_per_min,8.0
R2,local_p75,acceptance_proportion,0.9583333333333334
R2,local_p75,accepted_windows_per_min,115.0
R2,local_p75,longest_no_acceptance_s,1.0
R2,local_p75,transitions_per_min,8.0
R0,local_p75,acceptance_proportion,0.65
R0,local_p75,accepted_windows_per_min,78.0
R0,local_p75,longest_no_acceptance_s,2.0
R0,local_p75,transitions_per_min,56.0
R1,local_p75,acceptance_proportion,0.9416666666666667
R1,local_p75,accepted_windows_per_min,113.0
R1,local_p75,longest_no_acceptance_s,1.0
R1,local_p75,transitions_per_min,12.0
R2,local_p75,acceptance_proportion,0.9416666666666667
R2,local_p75,accepted_windows_per_min,113.0
R2,local_p75,longest_no_acceptance_s,1.0
R2,local_p75,transitions_per_min,12.0
R0,local_p75,acceptance_proportion,0.6896551724137931
R0,local_p75,accepted_windows_per_min,82.75862068965517
R0,local_p75,longest_no_acceptance_s,2.0
R0,local_p75,transitions_per_min,51.72413793103448
R1,local_p75,acceptance_proportion,0.9568965517241379
R1,local_p75,accepted_windows_per_min,114.82758620689654
R1,local_p75,longest_no_acceptance_s,0.5
R1,local_p75,transitions_per_min,10.344827586206897
R2,local_p75,acceptance_proportion,0.9568965517241379
R2,local_p75,accepted_windows_per_min,114.82758620689654
R2,local_p75,longest_no_acceptance_s,0.5
R2,local_p75,transitions_per_min,10.344827586206897
R0,local_p75,acceptance_proportion,0.775
R0,local_p75,accepted_windows_per_min,93.0
R0,local_p75,longest_no_acceptance_s,1.5
R0,local_p75,transitions_per_min,39.0
R1,local_p75,acceptance_proportion,0.9916666666666667
R1,local_p75,accepted_windows_per_min,119.0
R1,local_p75,longest_no_acceptance_s,0.5
R1,local_p75,transitions_per_min,2.0
R2,local_p75,acceptance_proportion,0.9833333333333333
R2,local_p75,accepted_windows_per_min,118.0
R2,local_p75,longest_no_acceptance_s,0.5
R2,local_p75,transitions_per_min,4.0
R0,local_p75,acceptance_proportion,0.5344827586206896
R0,local_p75,accepted_windows_per_min,64.13793103448275
R0,local_p75,longest_no_acceptance_s,5.5
R0,local_p75,transitions_per_min,55.86206896551724
R1,local_p75,acceptance_proportion,0.8706896551724138
R1,local_p75,accepted_windows_per_min,104.48275862068965
R1,local_p75,longest_no_acceptance_s,1.5
R1,local_p75,transitions_per_min,22.75862068965517
R2,local_p75,acceptance_proportion,0.8793103448275862
R2,local_p75,accepted_windows_per_min,105.51724137931035
R2,local_p75,longest_no_acceptance_s,1.5
R2,local_p75,transitions_per_min,20.689655172413794
R0,local_p75,acceptance_proportion,0.6916666666666667
R0,local_p75,accepted_windows_per_min,83.0
R0,local_p75,longest_no_acceptance_s,3.0
R0,local_p75,transitions_per_min,34.0
R1,local_p75,acceptance_proportion,0.9833333333333333
R1,local_p75,accepted_windows_per_min,118.0
R1,local_p75,longest_no_acceptance_s,1.0
R1,local_p75,transitions_per_min,2.0
R2,local_p75,acceptance_proportion,0.9583333333333334
R2,local_p75,accepted_windows_per_min,115.0
R2,local_p75,longest_no_acceptance_s,1.0
R2,local_p75,transitions_per_min,8.0
R0,local_p75,acceptance_proportion,0.9224137931034483
R0,local_p75,accepted_windows_per_min,110.6896551724138
R0,local_p75,longest_no_acceptance_s,0.5
R0,local_p75,transitions_per_min,18.620689655172413
R1,local_p75,acceptance_proportion,1.0
R1,local_p75,accepted_windows_per_min,120.0
R1,local_p75,longest_no_acceptance_s,0.0
R1,local_p75,transitions_per_min,0.0
R2,local_p75,acceptance_proportion,1.0
R2,local_p75,accepted_windows_per_min,120.0
R2,local_p75,longest_no_acceptance_s,0.0
R2,local_p75,transitions_per_min,0.0
R0,local_p75,acceptance_proportion,0.8416666666666667
R0,local_p75,accepted_windows_per_min,101.0
R0,local_p75,longest_no_acceptance_s,1.5
R0,local_p75,transitions_per_min,24.0
R1,local_p75,acceptance_proportion,0.9833333333333333
R1,local_p75,accepted_windows_per_min,118.0
R1,local_p75,longest_no_acceptance_s,0.5
R1,local_p75,transitions_per_min,4.0
R2,local_p75,acceptance_proportion,0.9833333333333333
R2,local_p75,accepted_windows_per_min,118.0
R2,local_p75,longest_no_acceptance_s,0.5
R2,local_p75,transitions_per_min,4.0
R0,local_p75,acceptance_proportion,0.8083333333333333
R0,local_p75,accepted_windows_per_min,97.0
R0,local_p75,longest_no_acceptance_s,1.5
R0,local_p75,transitions_per_min,38.0
R1,local_p75,acceptance_proportion,0.9916666666666667
R1,local_p75,accepted_windows_per_min,119.0
R1,local_p75,longest_no_acceptance_s,0.5
R1,local_p75,transitions_per_min,2.0
R2,local_p75,acceptance_proportion,1.0
R2,local_p75,accepted_windows_per_min,120.0
R2,local_p75,longest_no_acceptance_s,0.0
R2,local_p75,transitions_per_min,0.0
R0,local_p75,acceptance_proportion,0.7166666666666667
R0,local_p75,accepted_windows_per_min,86.0
R0,local_p75,longest_no_acceptance_s,1.5
R0,local_p75,transitions_per_min,46.0
R1,local_p75,acceptance_proportion,0.9583333333333334
R1,local_p75,accepted_windows_per_min,115.0
R1,local_p75,longest_no_acceptance_s,0.5
R1,local_p75,transitions_per_min,10.0
R2,local_p75,acceptance_proportion,0.95
R2,local_p75,accepted_windows_per_min,114.0
R2,local_p75,longest_no_acceptance_s,0.5
R2,local_p75,transitions_per_min,12.0
R0,local_p75,acceptance_proportion,0.5258620689655172
R0,local_p75,accepted_windows_per_min,63.10344827586207
R0,local_p75,longest_no_acceptance_s,3.5
R0,local_p75,transitions_per_min,55.86206896551724
R1,local_p75,acceptance_proportion,0.8793103448275862
R1,local_p75,accepted_windows_per_min,105.51724137931035
R1,local_p75,longest_no_acceptance_s,1.0
R1,local_p75,transitions_per_min,20.689655172413794
R2,local_p75,acceptance_proportion,0.8879310344827587
R2,local_p75,accepted_windows_per_min,106.55172413793105
R2,local_p75,longest_no_acceptance_s,1.0
R2,local_p75,transitions_per_min,22.75862068965517
R0,local_p75,acceptance_proportion,0.5666666666666667
R0,local_p75,accepted_windows_per_min,68.0
R0,local_p75,longest_no_acceptance_s,3.5
R0,local_p75,transitions_per_min,55.0
R1,local_p75,acceptance_proportion,0.925
R1,local_p75,accepted_windows_per_min,111.0
R1,local_p75,longest_no_acceptance_s,1.0
R1,local_p75,transitions_per_min,12.0
R2,local_p75,acceptance_proportion,0.9333333333333333
R2,local_p75,accepted_windows_per_min,112.0
R2,local_p75,longest_no_acceptance_s,1.0
R2,local_p75,transitions_per_min,14.0
R0,local_p75,acceptance_proportion,0.5847457627118644
R0,local_p75,accepted_windows_per_min,70.16949152542372
R0,local_p75,longest_no_acceptance_s,2.5
R0,local_p75,transitions_per_min,47.79661016949152
R1,local_p75,acceptance_proportion,0.9830508474576272
R1,local_p75,accepted_windows_per_min,117.96610169491527
R1,local_p75,longest_no_acceptance_s,0.5
R1,local_p75,transitions_per_min,4.067796610169491
R2,local_p75,acceptance_proportion,0.9830508474576272
R2,local_p75,accepted_windows_per_min,117.96610169491527
R2,local_p75,longest_no_acceptance_s,0.5
R2,local_p75,transitions_per_min,4.067796610169491
R0,local_p75,acceptance_proportion,0.725
R0,local_p75,accepted_windows_per_min,87.0
R0,local_p75,longest_no_acceptance_s,2.0
R0,local_p75,transitions_per_min,41.0
R1,local_p75,acceptance_proportion,0.8916666666666667
R1,local_p75,accepted_windows_per_min,107.0
R1,local_p75,longest_no_acceptance_s,1.0
R1,local_p75,transitions_per_min,21.0
R2,local_p75,acceptance_proportion,0.875
R2,local_p75,accepted_windows_per_min,105.0
R2,local_p75,longest_no_acceptance_s,1.0
R2,local_p75,transitions_per_min,23.0
R0,local_p75,acceptance_proportion,0.8017241379310345
R0,local_p75,accepted_windows_per_min,96.20689655172414
R0,local_p75,longest_no_acceptance_s,3.5
R0,local_p75,transitions_per_min,25.86206896551724
R1,local_p75,acceptance_proportion,0.9913793103448276
R1,local_p75,accepted_windows_per_min,118.96551724137932
R1,local_p75,longest_no_acceptance_s,0.5
R1,local_p75,transitions_per_min,2.0689655172413794
R2,local_p75,acceptance_proportion,0.9913793103448276
R2,local_p75,accepted_windows_per_min,118.96551724137932
R2,local_p75,longest_no_acceptance_s,0.5
R2,local_p75,transitions_per_min,2.0689655172413794
R0,local_p75,acceptance_proportion,0.55
R0,local_p75,accepted_windows_per_min,66.0
R0,local_p75,longest_no_acceptance_s,4.0
R0,local_p75,transitions_per_min,56.0
R1,local_p75,acceptance_proportion,0.8833333333333333
R1,local_p75,accepted_windows_per_min,106.0
R1,local_p75,longest_no_acceptance_s,3.5
R1,local_p75,transitions_per_min,16.0
R2,local_p75,acceptance_proportion,0.925
R2,local_p75,accepted_windows_per_min,111.0
R2,local_p75,longest_no_acceptance_s,3.0
R2,local_p75,transitions_per_min,8.0
R0,local_p75,acceptance_proportion,0.5862068965517241
R0,local_p75,accepted_windows_per_min,70.34482758620689
R0,local_p75,longest_no_acceptance_s,2.5
R0,local_p75,transitions_per_min,55.86206896551724
R1,local_p75,acceptance_proportion,0.9741379310344828
R1,local_p75,accepted_windows_per_min,116.89655172413794
R1,local_p75,longest_no_acceptance_s,1.0
R1,local_p75,transitions_per_min,4.137931034482759
R2,local_p75,acceptance_proportion,0.9741379310344828
R2,local_p75,accepted_windows_per_min,116.89655172413794
R2,local_p75,longest_no_acceptance_s,1.0
R2,local_p75,transitions_per_min,4.137931034482759
R0,local_p75,acceptance_proportion,0.575
R0,local_p75,accepted_windows_per_min,69.0
R0,local_p75,longest_no_acceptance_s,3.0
R0,local_p75,transitions_per_min,60.0
R1,local_p75,acceptance_proportion,0.9583333333333334
R1,local_p75,accepted_windows_per_min,115.0
R1,local_p75,longest_no_acceptance_s,1.0
R1,local_p75,transitions_per_min,8.0
R2,local_p75,acceptance_proportion,0.9416666666666667
R2,local_p75,accepted_windows_per_min,113.0
R2,local_p75,longest_no_acceptance_s,1.0
R2,local_p75,transitions_per_min,12.0
R0,local_p75,acceptance_proportion,0.7672413793103449
R0,local_p75,accepted_windows_per_min,92.06896551724138
R0,local_p75,longest_no_acceptance_s,2.0
R0,local_p75,transitions_per_min,36.206896551724135
R1,local_p75,acceptance_proportion,0.9655172413793104
R1,local_p75,accepted_windows_per_min,115.86206896551725
R1,local_p75,longest_no_acceptance_s,1.5
R1,local_p75,transitions_per_min,4.137931034482759
R2,local_p75,acceptance_proportion,0.9655172413793104
R2,local_p75,accepted_windows_per_min,115.86206896551725
R2,local_p75,longest_no_acceptance_s,1.5
R2,local_p75,transitions_per_min,4.137931034482759
R0,local_p75,acceptance_proportion,0.575
R0,local_p75,accepted_windows_per_min,69.0
R0,local_p75,longest_no_acceptance_s,3.0
R0,local_p75,transitions_per_min,60.0
R1,local_p75,acceptance_proportion,0.9583333333333334
R1,local_p75,accepted_windows_per_min,115.0
R1,local_p75,longest_no_acceptance_s,1.0
R1,local_p75,transitions_per_min,8.0
R2,local_p75,acceptance_proportion,0.9416666666666667
R2,local_p75,accepted_windows_per_min,113.0
R2,local_p75,longest_no_acceptance_s,1.0
R2,local_p75,transitions_per_min,12.0
R0,local_p75,acceptance_proportion,0.6379310344827587
R0,local_p75,accepted_windows_per_min,76.55172413793105
R0,local_p75,longest_no_acceptance_s,2.0
R0,local_p75,transitions_per_min,47.58620689655173
R1,local_p75,acceptance_proportion,0.9741379310344828
R1,local_p75,accepted_windows_per_min,116.89655172413794
R1,local_p75,longest_no_acceptance_s,0.5
R1,local_p75,transitions_per_min,5.172413793103448
R2,local_p75,acceptance_proportion,0.9741379310344828
R2,local_p75,accepted_windows_per_min,116.89655172413794
R2,local_p75,longest_no_acceptance_s,0.5
R2,local_p75,transitions_per_min,5.172413793103448
R0,local_p75,acceptance_proportion,0.55
R0,local_p75,accepted_windows_per_min,66.0
R0,local_p75,longest_no_acceptance_s,2.0
R0,local_p75,transitions_per_min,61.0
R1,local_p75,acceptance_proportion,0.9416666666666667
R1,local_p75,accepted_windows_per_min,113.0
R1,local_p75,longest_no_acceptance_s,1.0
R1,local_p75,transitions_per_min,12.0
R2,local_p75,acceptance_proportion,0.95
R2,local_p75,accepted_windows_per_min,114.0
R2,local_p75,longest_no_acceptance_s,0.5
R2,local_p75,transitions_per_min,12.0
R0,local_p75,acceptance_proportion,0.6982758620689655
R0,local_p75,accepted_windows_per_min,83.79310344827586
R0,local_p75,longest_no_acceptance_s,1.5
R0,local_p75,transitions_per_min,50.689655172413794
R1,local_p75,acceptance_proportion,0.9913793103448276
R1,local_p75,accepted_windows_per_min,118.96551724137932
R1,local_p75,longest_no_acceptance_s,0.5
R1,local_p75,transitions_per_min,2.0689655172413794
R2,local_p75,acceptance_proportion,0.9913793103448276
R2,local_p75,accepted_windows_per_min,118.96551724137932
R2,local_p75,longest_no_acceptance_s,0.5
R2,local_p75,transitions_per_min,2.0689655172413794
R0,local_p75,acceptance_proportion,0.6166666666666667
R0,local_p75,accepted_windows_per_min,74.0
R0,local_p75,longest_no_acceptance_s,3.5
R0,local_p75,transitions_per_min,43.0
R1,local_p75,acceptance_proportion,0.9583333333333334
R1,local_p75,accepted_windows_per_min,115.0
R1,local_p75,longest_no_acceptance_s,0.5
R1,local_p75,transitions_per_min,10.0
R2,local_p75,acceptance_proportion,0.9333333333333333
R2,local_p75,accepted_windows_per_min,112.0
R2,local_p75,longest_no_acceptance_s,0.5
R2,local_p75,transitions_per_min,16.0
R0,local_p75,acceptance_proportion,0.75
R0,local_p75,accepted_windows_per_min,90.0
R0,local_p75,longest_no_acceptance_s,2.0
R0,local_p75,transitions_per_min,39.310344827586206
R1,local_p75,acceptance_proportion,0.9913793103448276
R1,local_p75,accepted_windows_per_min,118.96551724137932
R1,local_p75,longest_no_acceptance_s,0.5
R1,local_p75,transitions_per_min,2.0689655172413794
R2,local_p75,acceptance_proportion,0.9913793103448276
R2,local_p75,accepted_windows_per_min,118.96551724137932
R2,local_p75,longest_no_acceptance_s,0.5
R2,local_p75,transitions_per_min,2.0689655172413794
R0,local_p75,acceptance_proportion,0.5833333333333334
R0,local_p75,accepted_windows_per_min,70.0
R0,local_p75,longest_no_acceptance_s,4.0
R0,local_p75,transitions_per_min,51.0
R1,local_p75,acceptance_proportion,0.925
R1,local_p75,accepted_windows_per_min,111.0
R1,local_p75,longest_no_acceptance_s,2.0
R1,local_p75,transitions_per_min,12.0
R2,local_p75,acceptance_proportion,0.9416666666666667
R2,local_p75,accepted_windows_per_min,113.0
R2,local_p75,longest_no_acceptance_s,1.0
R2,local_p75,transitions_per_min,10.0
R0,local_p75,acceptance_proportion,0.6379310344827587
R0,local_p75,accepted_windows_per_min,76.55172413793105
R0,local_p75,longest_no_acceptance_s,3.5
R0,local_p75,transitions_per_min,45.51724137931034
R1,local_p75,acceptance_proportion,0.8879310344827587
R1,local_p75,accepted_windows_per_min,106.55172413793105
R1,local_p75,longest_no_acceptance_s,2.0
R1,local_p75,transitions_per_min,14.482758620689657
R2,local_p75,acceptance_proportion,0.896551724137931
R2,local_p75,accepted_windows_per_min,107.58620689655173
R2,local_p75,longest_no_acceptance_s,2.0
R2,local_p75,transitions_per_min,12.413793103448276
R0,local_p75,acceptance_proportion,0.525
R0,local_p75,accepted_windows_per_min,63.0
R0,local_p75,longest_no_acceptance_s,4.5
R0,local_p75,transitions_per_min,46.0
R1,local_p75,acceptance_proportion,0.8583333333333333
R1,local_p75,accepted_windows_per_min,103.0
R1,local_p75,longest_no_acceptance_s,1.5
R1,local_p75,transitions_per_min,22.0
R2,local_p75,acceptance_proportion,0.875
R2,local_p75,accepted_windows_per_min,105.0
R2,local_p75,longest_no_acceptance_s,1.5
R2,local_p75,transitions_per_min,22.0
R0,local_p75,acceptance_proportion,0.47413793103448276
R0,local_p75,accepted_windows_per_min,56.89655172413793
R0,local_p75,longest_no_acceptance_s,3.0
R0,local_p75,transitions_per_min,57.931034482758626
R1,local_p75,acceptance_proportion,0.8189655172413793
R1,local_p75,accepted_windows_per_min,98.27586206896552
R1,local_p75,longest_no_acceptance_s,1.5
R1,local_p75,transitions_per_min,31.03448275862069
R2,local_p75,acceptance_proportion,0.8103448275862069
R2,local_p75,accepted_windows_per_min,97.24137931034483
R2,local_p75,longest_no_acceptance_s,1.5
R2,local_p75,transitions_per_min,36.206896551724135
R0,local_p75,acceptance_proportion,0.35
R0,local_p75,accepted_windows_per_min,42.0
R0,local_p75,longest_no_acceptance_s,7.0
R0,local_p75,transitions_per_min,50.0
R1,local_p75,acceptance_proportion,0.8583333333333333
R1,local_p75,accepted_windows_per_min,103.0
R1,local_p75,longest_no_acceptance_s,2.0
R1,local_p75,transitions_per_min,24.0
R2,local_p75,acceptance_proportion,0.8333333333333334
R2,local_p75,accepted_windows_per_min,100.0
R2,local_p75,longest_no_acceptance_s,2.0
R2,local_p75,transitions_per_min,28.0
R0,local_p75,acceptance_proportion,0.6379310344827587
R0,local_p75,accepted_windows_per_min,76.55172413793105
R0,local_p75,longest_no_acceptance_s,2.5
R0,local_p75,transitions_per_min,51.72413793103448
R1,local_p75,acceptance_proportion,0.9396551724137931
R1,local_p75,accepted_windows_per_min,112.75862068965517
R1,local_p75,longest_no_acceptance_s,1.0
R1,local_p75,transitions_per_min,12.413793103448276
R2,local_p75,acceptance_proportion,0.9482758620689655
R2,local_p75,accepted_windows_per_min,113.79310344827586
R2,local_p75,longest_no_acceptance_s,0.5
R2,local_p75,transitions_per_min,12.413793103448276
R0,local_p75,acceptance_proportion,0.825
R0,local_p75,accepted_windows_per_min,99.0
R0,local_p75,longest_no_acceptance_s,1.0
R0,local_p75,transitions_per_min,38.0
R1,local_p75,acceptance_proportion,0.9916666666666667
R1,local_p75,accepted_windows_per_min,119.0
R1,local_p75,longest_no_acceptance_s,0.5
R1,local_p75,transitions_per_min,2.0
R2,local_p75,acceptance_proportion,0.9916666666666667
R2,local_p75,accepted_windows_per_min,119.0
R2,local_p75,longest_no_acceptance_s,0.5
R2,local_p75,transitions_per_min,2.0
R0,local_p75,acceptance_proportion,0.8448275862068966
R0,local_p75,accepted_windows_per_min,101.37931034482759
R0,local_p75,longest_no_acceptance_s,1.5
R0,local_p75,transitions_per_min,24.82758620689655
R1,local_p75,acceptance_proportion,1.0
R1,local_p75,accepted_windows_per_min,120.0
R1,local_p75,longest_no_acceptance_s,0.0
R1,local_p75,transitions_per_min,0.0
R2,local_p75,acceptance_proportion,1.0
R2,local_p75,accepted_windows_per_min,120.0
R2,local_p75,longest_no_acceptance_s,0.0
R2,local_p75,transitions_per_min,0.0
R0,local_p75,acceptance_proportion,0.5333333333333333
R0,local_p75,accepted_windows_per_min,64.0
R0,local_p75,longest_no_acceptance_s,3.0
R0,local_p75,transitions_per_min,46.0
R1,local_p75,acceptance_proportion,0.8416666666666667
R1,local_p75,accepted_windows_per_min,101.0
R1,local_p75,longest_no_acceptance_s,2.5
R1,local_p75,transitions_per_min,20.0
R2,local_p75,acceptance_proportion,0.85
R2,local_p75,accepted_windows_per_min,102.0
R2,local_p75,longest_no_acceptance_s,2.5
R2,local_p75,transitions_per_min,20.0
R0,local_p75,acceptance_proportion,0.6666666666666666
R0,local_p75,accepted_windows_per_min,80.0
R0,local_p75,longest_no_acceptance_s,2.0
R0,local_p75,transitions_per_min,48.0
R1,local_p75,acceptance_proportion,0.9833333333333333
R1,local_p75,accepted_windows_per_min,118.0
R1,local_p75,longest_no_acceptance_s,0.5
R1,local_p75,transitions_per_min,4.0
R2,local_p75,acceptance_proportion,0.9833333333333333
R2,local_p75,accepted_windows_per_min,118.0
R2,local_p75,longest_no_acceptance_s,0.5
R2,local_p75,transitions_per_min,4.0
R0,local_p75,acceptance_proportion,0.5833333333333334
R0,local_p75,accepted_windows_per_min,70.0
R0,local_p75,longest_no_acceptance_s,2.5
R0,local_p75,transitions_per_min,58.0
R1,local_p75,acceptance_proportion,0.95
R1,local_p75,accepted_windows_per_min,114.0
R1,local_p75,longest_no_acceptance_s,1.0
R1,local_p75,transitions_per_min,10.0
R2,local_p75,acceptance_proportion,0.9333333333333333
R2,local_p75,accepted_windows_per_min,112.0
R2,local_p75,longest_no_acceptance_s,1.0
R2,local_p75,transitions_per_min,14.0
R0,local_p75,acceptance_proportion,0.7333333333333333
R0,local_p75,accepted_windows_per_min,88.0
R0,local_p75,longest_no_acceptance_s,1.5
R0,local_p75,transitions_per_min,41.0
R1,local_p75,acceptance_proportion,1.0
R1,local_p75,accepted_windows_per_min,120.0
R1,local_p75,longest_no_acceptance_s,0.0
R1,local_p75,transitions_per_min,0.0
R2,local_p75,acceptance_proportion,1.0
R2,local_p75,accepted_windows_per_min,120.0
R2,local_p75,longest_no_acceptance_s,0.0
R2,local_p75,transitions_per_min,0.0
R0,local_p75,acceptance_proportion,0.925
R0,local_p75,accepted_windows_per_min,111.0
R0,local_p75,longest_no_acceptance_s,1.0
R0,local_p75,transitions_per_min,16.0
R1,local_p75,acceptance_proportion,1.0
R1,local_p75,accepted_windows_per_min,120.0
R1,local_p75,longest_no_acceptance_s,0.0
R1,local_p75,transitions_per_min,0.0
R2,local_p75,acceptance_proportion,1.0
R2,local_p75,accepted_windows_per_min,120.0
R2,local_p75,longest_no_acceptance_s,0.0
R2,local_p75,transitions_per_min,0.0
R0,local_p75,acceptance_proportion,0.5666666666666667
R0,local_p75,accepted_windows_per_min,68.0
R0,local_p75,longest_no_acceptance_s,2.5
R0,local_p75,transitions_per_min,48.0
R1,local_p75,acceptance_proportion,0.925
R1,local_p75,accepted_windows_per_min,111.0
R1,local_p75,longest_no_acceptance_s,1.0
R1,local_p75,transitions_per_min,13.0
R2,local_p75,acceptance_proportion,0.9083333333333333
R2,local_p75,accepted_windows_per_min,109.0
R2,local_p75,longest_no_acceptance_s,1.0
R2,local_p75,transitions_per_min,15.0
R0,local_p75,acceptance_proportion,0.65
R0,local_p75,accepted_windows_per_min,78.0
R0,local_p75,longest_no_acceptance_s,2.0
R0,local_p75,transitions_per_min,49.0
R1,local_p75,acceptance_proportion,0.925
R1,local_p75,accepted_windows_per_min,111.0
R1,local_p75,longest_no_acceptance_s,1.0
R1,local_p75,transitions_per_min,16.0
R2,local_p75,acceptance_proportion,0.95
R2,local_p75,accepted_windows_per_min,114.0
R2,local_p75,longest_no_acceptance_s,1.0
R2,local_p75,transitions_per_min,10.0
R1,matched_availability,acceptance_proportion,0.5847457627118644
R1,matched_availability,transitions_per_min,40.67796610169491
R1,matched_availability,acceptance_proportion,0.55
R1,matched_availability,transitions_per_min,49.0
R1,matched_availability,acceptance_proportion,0.4152542372881356
R1,matched_availability,transitions_per_min,49.83050847457627
R1,matched_availability,acceptance_proportion,0.55
R1,matched_availability,transitions_per_min,49.0
R1,matched_availability,acceptance_proportion,0.7416666666666667
R1,matched_availability,transitions_per_min,32.0
R1,matched_availability,acceptance_proportion,0.6
R1,matched_availability,transitions_per_min,61.0
R1,matched_availability,acceptance_proportion,0.6982758620689655
R1,matched_availability,transitions_per_min,40.3448275862069
R1,matched_availability,acceptance_proportion,0.7583333333333333
R1,matched_availability,transitions_per_min,27.0
R1,matched_availability,acceptance_proportion,0.5344827586206896
R1,matched_availability,transitions_per_min,34.13793103448276
R1,matched_availability,acceptance_proportion,0.725
R1,matched_availability,transitions_per_min,35.0
R1,matched_availability,acceptance_proportion,0.9482758620689656
R1,matched_availability,transitions_per_min,12.413793103448276
R1,matched_availability,acceptance_proportion,0.825
R1,matched_availability,transitions_per_min,30.0
R1,matched_availability,acceptance_proportion,0.7666666666666667
R1,matched_availability,transitions_per_min,34.0
R1,matched_availability,acceptance_proportion,0.725
R1,matched_availability,transitions_per_min,34.0
R1,matched_availability,acceptance_proportion,0.5086206896551724
R1,matched_availability,transitions_per_min,51.72413793103448
R1,matched_availability,acceptance_proportion,0.4583333333333333
R1,matched_availability,transitions_per_min,45.0
R1,matched_availability,acceptance_proportion,0.6610169491525424
R1,matched_availability,transitions_per_min,34.57627118644068
R1,matched_availability,acceptance_proportion,0.55
R1,matched_availability,transitions_per_min,41.0
R1,matched_availability,acceptance_proportion,0.7758620689655172
R1,matched_availability,transitions_per_min,21.724137931034484
R1,matched_availability,acceptance_proportion,0.55
R1,matched_availability,transitions_per_min,42.0
R1,matched_availability,acceptance_proportion,0.6810344827586207
R1,matched_availability,transitions_per_min,49.6551724137931
R1,matched_availability,acceptance_proportion,0.575
R1,matched_availability,transitions_per_min,52.0
R1,matched_availability,acceptance_proportion,0.7241379310344828
R1,matched_availability,transitions_per_min,37.241379310344826
R1,matched_availability,acceptance_proportion,0.575
R1,matched_availability,transitions_per_min,52.0
R1,matched_availability,acceptance_proportion,0.6637931034482759
R1,matched_availability,transitions_per_min,43.44827586206897
R1,matched_availability,acceptance_proportion,0.5666666666666667
R1,matched_availability,transitions_per_min,68.0
R1,matched_availability,acceptance_proportion,0.8017241379310345
R1,matched_availability,transitions_per_min,32.068965517241374
R1,matched_availability,acceptance_proportion,0.6666666666666666
R1,matched_availability,transitions_per_min,39.0
R1,matched_availability,acceptance_proportion,0.6637931034482759
R1,matched_availability,transitions_per_min,39.310344827586206
R1,matched_availability,acceptance_proportion,0.5083333333333333
R1,matched_availability,transitions_per_min,49.0
R1,matched_availability,acceptance_proportion,0.5862068965517241
R1,matched_availability,transitions_per_min,41.37931034482759
R1,matched_availability,acceptance_proportion,0.4333333333333333
R1,matched_availability,transitions_per_min,43.0
R1,matched_availability,acceptance_proportion,0.4655172413793103
R1,matched_availability,transitions_per_min,45.51724137931034
R1,matched_availability,acceptance_proportion,0.3
R1,matched_availability,transitions_per_min,43.0
R1,matched_availability,acceptance_proportion,0.6896551724137931
R1,matched_availability,transitions_per_min,47.58620689655173
R1,matched_availability,acceptance_proportion,0.8916666666666667
R1,matched_availability,transitions_per_min,21.0
R1,matched_availability,acceptance_proportion,0.7758620689655172
R1,matched_availability,transitions_per_min,27.93103448275862
R1,matched_availability,acceptance_proportion,0.475
R1,matched_availability,transitions_per_min,21.0
R1,matched_availability,acceptance_proportion,0.65
R1,matched_availability,transitions_per_min,50.0
R1,matched_availability,acceptance_proportion,0.525
R1,matched_availability,transitions_per_min,45.0
R1,matched_availability,acceptance_proportion,0.8583333333333333
R1,matched_availability,transitions_per_min,28.0
R1,matched_availability,acceptance_proportion,0.8833333333333333
R1,matched_availability,transitions_per_min,20.0
R1,matched_availability,acceptance_proportion,0.5333333333333333
R1,matched_availability,transitions_per_min,41.0
R1,matched_availability,acceptance_proportion,0.6083333333333333
R1,matched_availability,transitions_per_min,50.0
R2,matched_availability,acceptance_proportion,0.559322033898305
R2,matched_availability,transitions_per_min,48.8135593220339
R2,matched_availability,acceptance_proportion,0.5666666666666667
R2,matched_availability,transitions_per_min,43.0
R2,matched_availability,acceptance_proportion,0.4152542372881356
R2,matched_availability,transitions_per_min,55.932203389830505
R2,matched_availability,acceptance_proportion,0.5666666666666667
R2,matched_availability,transitions_per_min,43.0
R2,matched_availability,acceptance_proportion,0.7666666666666667
R2,matched_availability,transitions_per_min,34.0
R2,matched_availability,acceptance_proportion,0.6166666666666667
R2,matched_availability,transitions_per_min,59.0
R2,matched_availability,acceptance_proportion,0.7155172413793104
R2,matched_availability,transitions_per_min,36.206896551724135
R2,matched_availability,acceptance_proportion,0.75
R2,matched_availability,transitions_per_min,29.0
R2,matched_availability,acceptance_proportion,0.5431034482758621
R2,matched_availability,transitions_per_min,41.37931034482759
R2,matched_availability,acceptance_proportion,0.7083333333333334
R2,matched_availability,transitions_per_min,37.0
R2,matched_availability,acceptance_proportion,0.9482758620689656
R2,matched_availability,transitions_per_min,12.413793103448276
R2,matched_availability,acceptance_proportion,0.8333333333333334
R2,matched_availability,transitions_per_min,24.0
R2,matched_availability,acceptance_proportion,0.7833333333333333
R2,matched_availability,transitions_per_min,32.0
R2,matched_availability,acceptance_proportion,0.7416666666666667
R2,matched_availability,transitions_per_min,38.0
R2,matched_availability,acceptance_proportion,0.5
R2,matched_availability,transitions_per_min,55.86206896551724
R2,matched_availability,acceptance_proportion,0.525
R2,matched_availability,transitions_per_min,47.0
R2,matched_availability,acceptance_proportion,0.6610169491525424
R2,matched_availability,transitions_per_min,40.67796610169491
R2,matched_availability,acceptance_proportion,0.6
R2,matched_availability,transitions_per_min,47.0
R2,matched_availability,acceptance_proportion,0.7758620689655172
R2,matched_availability,transitions_per_min,25.86206896551724
R2,matched_availability,acceptance_proportion,0.525
R2,matched_availability,transitions_per_min,48.0
R2,matched_availability,acceptance_proportion,0.6637931034482759
R2,matched_availability,transitions_per_min,53.793103448275865
R2,matched_availability,acceptance_proportion,0.575
R2,matched_availability,transitions_per_min,52.0
R2,matched_availability,acceptance_proportion,0.7586206896551724
R2,matched_availability,transitions_per_min,37.241379310344826
R2,matched_availability,acceptance_proportion,0.575
R2,matched_availability,transitions_per_min,52.0
R2,matched_availability,acceptance_proportion,0.6551724137931034
R2,matched_availability,transitions_per_min,43.44827586206897
R2,matched_availability,acceptance_proportion,0.5333333333333333
R2,matched_availability,transitions_per_min,64.0
R2,matched_availability,acceptance_proportion,0.8017241379310345
R2,matched_availability,transitions_per_min,32.068965517241374
R2,matched_availability,acceptance_proportion,0.6333333333333333
R2,matched_availability,transitions_per_min,41.0
R2,matched_availability,acceptance_proportion,0.7068965517241379
R2,matched_availability,transitions_per_min,37.241379310344826
R2,matched_availability,acceptance_proportion,0.5333333333333333
R2,matched_availability,transitions_per_min,51.0
R2,matched_availability,acceptance_proportion,0.5862068965517241
R2,matched_availability,transitions_per_min,45.51724137931034
R2,matched_availability,acceptance_proportion,0.4583333333333333
R2,matched_availability,transitions_per_min,41.0
R2,matched_availability,acceptance_proportion,0.4396551724137931
R2,matched_availability,transitions_per_min,45.51724137931034
R2,matched_availability,acceptance_proportion,0.3083333333333333
R2,matched_availability,transitions_per_min,41.0
R2,matched_availability,acceptance_proportion,0.6896551724137931
R2,matched_availability,transitions_per_min,45.51724137931034
R2,matched_availability,acceptance_proportion,0.9
R2,matched_availability,transitions_per_min,20.0
R2,matched_availability,acceptance_proportion,0.8103448275862069
R2,matched_availability,transitions_per_min,25.86206896551724
R2,matched_availability,acceptance_proportion,0.4833333333333333
R2,matched_availability,transitions_per_min,27.0
R2,matched_availability,acceptance_proportion,0.6416666666666667
R2,matched_availability,transitions_per_min,50.0
R2,matched_availability,acceptance_proportion,0.5083333333333333
R2,matched_availability,transitions_per_min,53.0
R2,matched_availability,acceptance_proportion,0.85
R2,matched_availability,transitions_per_min,28.0
R2,matched_availability,acceptance_proportion,0.8833333333333333
R2,matched_availability,transitions_per_min,20.0
R2,matched_availability,acceptance_proportion,0.5333333333333333
R2,matched_availability,transitions_per_min,50.0
R2,matched_availability,acceptance_proportion,0.5833333333333334
R2,matched_availability,transitions_per_min,52.0
R0,matched_availability,acceptance_proportion,0.5423728813559322
R0,matched_availability,transitions_per_min,49.83050847457627
R0,matched_availability,acceptance_proportion,0.575
R0,matched_availability,transitions_per_min,45.0
R0,matched_availability,acceptance_proportion,0.4152542372881356
R0,matched_availability,transitions_per_min,51.86440677966102
R0,matched_availability,acceptance_proportion,0.575
R0,matched_availability,transitions_per_min,45.0
R0,matched_availability,acceptance_proportion,0.875
R0,matched_availability,transitions_per_min,26.0
R0,matched_availability,acceptance_proportion,0.65
R0,matched_availability,transitions_per_min,56.0
R0,matched_availability,acceptance_proportion,0.6896551724137931
R0,matched_availability,transitions_per_min,51.72413793103448
R0,matched_availability,acceptance_proportion,0.775
R0,matched_availability,transitions_per_min,39.0
R0,matched_availability,acceptance_proportion,0.5344827586206896
R0,matched_availability,transitions_per_min,55.86206896551724
R0,matched_availability,acceptance_proportion,0.6916666666666667
R0,matched_availability,transitions_per_min,34.0
R0,matched_availability,acceptance_proportion,0.9224137931034484
R0,matched_availability,transitions_per_min,18.620689655172413
R0,matched_availability,acceptance_proportion,0.8416666666666667
R0,matched_availability,transitions_per_min,24.0
R0,matched_availability,acceptance_proportion,0.8083333333333333
R0,matched_availability,transitions_per_min,38.0
R0,matched_availability,acceptance_proportion,0.7166666666666667
R0,matched_availability,transitions_per_min,46.0
R0,matched_availability,acceptance_proportion,0.5258620689655172
R0,matched_availability,transitions_per_min,55.86206896551724
R0,matched_availability,acceptance_proportion,0.5666666666666667
R0,matched_availability,transitions_per_min,55.0
R0,matched_availability,acceptance_proportion,0.5847457627118644
R0,matched_availability,transitions_per_min,47.79661016949152
R0,matched_availability,acceptance_proportion,0.725
R0,matched_availability,transitions_per_min,41.0
R0,matched_availability,acceptance_proportion,0.8017241379310345
R0,matched_availability,transitions_per_min,25.86206896551724
R0,matched_availability,acceptance_proportion,0.55
R0,matched_availability,transitions_per_min,56.0
R0,matched_availability,acceptance_proportion,0.5862068965517241
R0,matched_availability,transitions_per_min,55.86206896551724
R0,matched_availability,acceptance_proportion,0.575
R0,matched_availability,transitions_per_min,60.0
R0,matched_availability,acceptance_proportion,0.7672413793103449
R0,matched_availability,transitions_per_min,36.206896551724135
R0,matched_availability,acceptance_proportion,0.575
R0,matched_availability,transitions_per_min,60.0
R0,matched_availability,acceptance_proportion,0.6379310344827587
R0,matched_availability,transitions_per_min,47.58620689655173
R0,matched_availability,acceptance_proportion,0.55
R0,matched_availability,transitions_per_min,61.0
R0,matched_availability,acceptance_proportion,0.6982758620689655
R0,matched_availability,transitions_per_min,50.689655172413794
R0,matched_availability,acceptance_proportion,0.6166666666666667
R0,matched_availability,transitions_per_min,43.0
R0,matched_availability,acceptance_proportion,0.75
R0,matched_availability,transitions_per_min,39.310344827586206
R0,matched_availability,acceptance_proportion,0.5833333333333334
R0,matched_availability,transitions_per_min,51.0
R0,matched_availability,acceptance_proportion,0.6379310344827587
R0,matched_availability,transitions_per_min,45.51724137931034
R0,matched_availability,acceptance_proportion,0.525
R0,matched_availability,transitions_per_min,46.0
R0,matched_availability,acceptance_proportion,0.4741379310344827
R0,matched_availability,transitions_per_min,57.93103448275863
R0,matched_availability,acceptance_proportion,0.35
R0,matched_availability,transitions_per_min,50.0
R0,matched_availability,acceptance_proportion,0.6379310344827587
R0,matched_availability,transitions_per_min,51.72413793103448
R0,matched_availability,acceptance_proportion,0.825
R0,matched_availability,transitions_per_min,38.0
R0,matched_availability,acceptance_proportion,0.8448275862068966
R0,matched_availability,transitions_per_min,24.82758620689655
R0,matched_availability,acceptance_proportion,0.5333333333333333
R0,matched_availability,transitions_per_min,46.0
R0,matched_availability,acceptance_proportion,0.6666666666666666
R0,matched_availability,transitions_per_min,48.0
R0,matched_availability,acceptance_proportion,0.5833333333333334
R0,matched_availability,transitions_per_min,58.0
R0,matched_availability,acceptance_proportion,0.7333333333333333
R0,matched_availability,transitions_per_min,41.0
R0,matched_availability,acceptance_proportion,0.925
R0,matched_availability,transitions_per_min,16.0
R0,matched_availability,acceptance_proportion,0.5666666666666667
R0,matched_availability,transitions_per_min,48.0
R0,matched_availability,acceptance_proportion,0.65
R0,matched_availability,transitions_per_min,49.0
R1,matched_availability,acceptance_proportion,0.4541666666666666
R1,matched_availability,transitions_per_min,47.0
R1,matched_availability,acceptance_proportion,0.3958333333333333
R1,matched_availability,transitions_per_min,50.5
R1,matched_availability,acceptance_proportion,0.825
R1,matched_availability,transitions_per_min,27.0
R1,matched_availability,acceptance_proportion,0.8083333333333333
R1,matched_availability,transitions_per_min,26.5
R1,matched_availability,acceptance_proportion,0.4958333333333333
R1,matched_availability,transitions_per_min,53.0
R1,matched_availability,acceptance_proportion,0.4416666666666666
R1,matched_availability,transitions_per_min,37.5
R1,matched_availability,acceptance_proportion,0.7041666666666667
R1,matched_availability,transitions_per_min,48.0
R1,matched_availability,acceptance_proportion,0.5583333333333333
R1,matched_availability,transitions_per_min,47.5
R1,matched_availability,acceptance_proportion,0.575
R1,matched_availability,transitions_per_min,29.5
R1,matched_availability,acceptance_proportion,0.3958333333333333
R1,matched_availability,transitions_per_min,29.5
R1,matched_availability,acceptance_proportion,0.7291666666666666
R1,matched_availability,transitions_per_min,42.5
R1,matched_availability,acceptance_proportion,0.8333333333333334
R1,matched_availability,transitions_per_min,33.0
R1,matched_availability,acceptance_proportion,0.6916666666666667
R1,matched_availability,transitions_per_min,46.0
R1,matched_availability,acceptance_proportion,0.8083333333333333
R1,matched_availability,transitions_per_min,31.000000000000004
R1,matched_availability,acceptance_proportion,0.4375
R1,matched_availability,transitions_per_min,49.0
R1,matched_availability,acceptance_proportion,0.4458333333333333
R1,matched_availability,transitions_per_min,45.5
R1,matched_availability,acceptance_proportion,0.7833333333333333
R1,matched_availability,transitions_per_min,30.5
R1,matched_availability,acceptance_proportion,0.825
R1,matched_availability,transitions_per_min,28.0
R1,matched_availability,acceptance_proportion,0.4166666666666667
R1,matched_availability,transitions_per_min,36.5
R1,matched_availability,acceptance_proportion,0.4041666666666667
R1,matched_availability,transitions_per_min,32.0
R1,matched_availability,acceptance_proportion,0.75
R1,matched_availability,transitions_per_min,36.0
R1,matched_availability,acceptance_proportion,0.75
R1,matched_availability,transitions_per_min,34.5
R1,matched_availability,acceptance_proportion,0.5083333333333333
R1,matched_availability,transitions_per_min,38.5
R1,matched_availability,acceptance_proportion,0.525
R1,matched_availability,transitions_per_min,37.0
R1,matched_availability,acceptance_proportion,0.6916666666666667
R1,matched_availability,transitions_per_min,31.5
R1,matched_availability,acceptance_proportion,0.7375
R1,matched_availability,transitions_per_min,38.5
R1,matched_availability,acceptance_proportion,0.5583333333333333
R1,matched_availability,transitions_per_min,47.0
R1,matched_availability,acceptance_proportion,0.7125
R1,matched_availability,transitions_per_min,42.5
R1,matched_availability,acceptance_proportion,0.325
R1,matched_availability,transitions_per_min,38.0
R1,matched_availability,acceptance_proportion,0.3125
R1,matched_availability,transitions_per_min,39.0
R1,matched_availability,acceptance_proportion,0.6291666666666667
R1,matched_availability,transitions_per_min,39.5
R1,matched_availability,acceptance_proportion,0.4666666666666667
R1,matched_availability,transitions_per_min,50.0
R1,matched_availability,acceptance_proportion,0.375
R1,matched_availability,transitions_per_min,38.0
R1,matched_availability,acceptance_proportion,0.1666666666666666
R1,matched_availability,transitions_per_min,11.0
R1,matched_availability,acceptance_proportion,0.4083333333333333
R1,matched_availability,transitions_per_min,59.0
R1,matched_availability,acceptance_proportion,0.5708333333333333
R1,matched_availability,transitions_per_min,43.5
R1,matched_availability,acceptance_proportion,0.5875
R1,matched_availability,transitions_per_min,42.5
R1,matched_availability,acceptance_proportion,0.6166666666666667
R1,matched_availability,transitions_per_min,35.0
R1,matched_availability,acceptance_proportion,0.5833333333333334
R1,matched_availability,transitions_per_min,38.0
R1,matched_availability,acceptance_proportion,0.6083333333333333
R1,matched_availability,transitions_per_min,36.0
R1,matched_availability,acceptance_proportion,0.5416666666666666
R1,matched_availability,transitions_per_min,43.0
R1,matched_availability,acceptance_proportion,0.6416666666666667
R1,matched_availability,transitions_per_min,44.0
R1,matched_availability,acceptance_proportion,0.7125
R1,matched_availability,transitions_per_min,45.0
R1,matched_availability,acceptance_proportion,0.7041666666666667
R1,matched_availability,transitions_per_min,44.5
R1,matched_availability,acceptance_proportion,0.6458333333333334
R1,matched_availability,transitions_per_min,29.0
R1,matched_availability,acceptance_proportion,0.7958333333333333
R1,matched_availability,transitions_per_min,31.000000000000004
R1,matched_availability,acceptance_proportion,0.6
R1,matched_availability,transitions_per_min,53.5
R1,matched_availability,acceptance_proportion,0.6958333333333333
R1,matched_availability,transitions_per_min,35.0
R1,matched_availability,acceptance_proportion,0.625
R1,matched_availability,transitions_per_min,44.5
R1,matched_availability,acceptance_proportion,0.7708333333333334
R1,matched_availability,transitions_per_min,28.0
R1,matched_availability,acceptance_proportion,0.425
R1,matched_availability,transitions_per_min,51.0
R1,matched_availability,acceptance_proportion,0.5708333333333333
R1,matched_availability,transitions_per_min,48.5
R1,matched_availability,acceptance_proportion,0.5125
R1,matched_availability,transitions_per_min,46.0
R1,matched_availability,acceptance_proportion,0.3416666666666667
R1,matched_availability,transitions_per_min,39.0
R1,matched_availability,acceptance_proportion,0.6875
R1,matched_availability,transitions_per_min,43.0
R1,matched_availability,acceptance_proportion,0.4875
R1,matched_availability,transitions_per_min,23.5
R1,matched_availability,acceptance_proportion,0.9166666666666666
R1,matched_availability,transitions_per_min,15.0
R1,matched_availability,acceptance_proportion,0.7208333333333333
R1,matched_availability,transitions_per_min,36.5
R1,matched_availability,acceptance_proportion,0.6708333333333333
R1,matched_availability,transitions_per_min,47.5
R1,matched_availability,acceptance_proportion,0.7875
R1,matched_availability,transitions_per_min,33.0
R2,matched_availability,acceptance_proportion,0.45
R2,matched_availability,transitions_per_min,47.0
R2,matched_availability,acceptance_proportion,0.3708333333333333
R2,matched_availability,transitions_per_min,53.5
R2,matched_availability,acceptance_proportion,0.8291666666666667
R2,matched_availability,transitions_per_min,26.0
R2,matched_availability,acceptance_proportion,0.8125
R2,matched_availability,transitions_per_min,26.5
R2,matched_availability,acceptance_proportion,0.4833333333333333
R2,matched_availability,transitions_per_min,56.0
R2,matched_availability,acceptance_proportion,0.4291666666666666
R2,matched_availability,transitions_per_min,36.5
R2,matched_availability,acceptance_proportion,0.7
R2,matched_availability,transitions_per_min,47.0
R2,matched_availability,acceptance_proportion,0.5208333333333334
R2,matched_availability,transitions_per_min,50.0
R2,matched_availability,acceptance_proportion,0.6208333333333333
R2,matched_availability,transitions_per_min,31.5
R2,matched_availability,acceptance_proportion,0.3958333333333333
R2,matched_availability,transitions_per_min,29.5
R2,matched_availability,acceptance_proportion,0.7625
R2,matched_availability,transitions_per_min,43.0
R2,matched_availability,acceptance_proportion,0.85
R2,matched_availability,transitions_per_min,30.0
R2,matched_availability,acceptance_proportion,0.6791666666666667
R2,matched_availability,transitions_per_min,48.0
R2,matched_availability,acceptance_proportion,0.8083333333333333
R2,matched_availability,transitions_per_min,34.0
R2,matched_availability,acceptance_proportion,0.3833333333333333
R2,matched_availability,transitions_per_min,48.0
R2,matched_availability,acceptance_proportion,0.4333333333333333
R2,matched_availability,transitions_per_min,47.5
R2,matched_availability,acceptance_proportion,0.7916666666666666
R2,matched_availability,transitions_per_min,34.5
R2,matched_availability,acceptance_proportion,0.8333333333333334
R2,matched_availability,transitions_per_min,27.0
R2,matched_availability,acceptance_proportion,0.425
R2,matched_availability,transitions_per_min,34.0
R2,matched_availability,acceptance_proportion,0.4125
R2,matched_availability,transitions_per_min,37.0
R2,matched_availability,acceptance_proportion,0.7291666666666666
R2,matched_availability,transitions_per_min,39.0
R2,matched_availability,acceptance_proportion,0.7416666666666667
R2,matched_availability,transitions_per_min,36.5
R2,matched_availability,acceptance_proportion,0.5125
R2,matched_availability,transitions_per_min,39.5
R2,matched_availability,acceptance_proportion,0.5375
R2,matched_availability,transitions_per_min,34.0
R2,matched_availability,acceptance_proportion,0.7166666666666667
R2,matched_availability,transitions_per_min,33.0
R2,matched_availability,acceptance_proportion,0.7208333333333333
R2,matched_availability,transitions_per_min,40.5
R2,matched_availability,acceptance_proportion,0.4791666666666667
R2,matched_availability,transitions_per_min,50.0
R2,matched_availability,acceptance_proportion,0.6583333333333333
R2,matched_availability,transitions_per_min,44.5
R2,matched_availability,acceptance_proportion,0.3166666666666666
R2,matched_availability,transitions_per_min,38.0
R2,matched_availability,acceptance_proportion,0.2916666666666667
R2,matched_availability,transitions_per_min,38.0
R2,matched_availability,acceptance_proportion,0.6083333333333333
R2,matched_availability,transitions_per_min,44.0
R2,matched_availability,acceptance_proportion,0.4666666666666667
R2,matched_availability,transitions_per_min,48.0
R2,matched_availability,acceptance_proportion,0.375
R2,matched_availability,transitions_per_min,36.0
R2,matched_availability,acceptance_proportion,0.1583333333333333
R2,matched_availability,transitions_per_min,10.0
R2,matched_availability,acceptance_proportion,0.3833333333333333
R2,matched_availability,transitions_per_min,55.5
R2,matched_availability,acceptance_proportion,0.5458333333333333
R2,matched_availability,transitions_per_min,46.5
R2,matched_availability,acceptance_proportion,0.5875
R2,matched_availability,transitions_per_min,44.5
R2,matched_availability,acceptance_proportion,0.6125
R2,matched_availability,transitions_per_min,40.0
R2,matched_availability,acceptance_proportion,0.5625
R2,matched_availability,transitions_per_min,35.5
R2,matched_availability,acceptance_proportion,0.5375
R2,matched_availability,transitions_per_min,32.0
R2,matched_availability,acceptance_proportion,0.5208333333333334
R2,matched_availability,transitions_per_min,43.0
R2,matched_availability,acceptance_proportion,0.6125
R2,matched_availability,transitions_per_min,44.0
R2,matched_availability,acceptance_proportion,0.7041666666666667
R2,matched_availability,transitions_per_min,44.0
R2,matched_availability,acceptance_proportion,0.6708333333333333
R2,matched_availability,transitions_per_min,48.5
R2,matched_availability,acceptance_proportion,0.6333333333333333
R2,matched_availability,transitions_per_min,32.0
R2,matched_availability,acceptance_proportion,0.7875
R2,matched_availability,transitions_per_min,32.0
R2,matched_availability,acceptance_proportion,0.5958333333333333
R2,matched_availability,transitions_per_min,56.5
R2,matched_availability,acceptance_proportion,0.6875
R2,matched_availability,transitions_per_min,36.0
R2,matched_availability,acceptance_proportion,0.6
R2,matched_availability,transitions_per_min,44.5
R2,matched_availability,acceptance_proportion,0.7625
R2,matched_availability,transitions_per_min,35.0
R2,matched_availability,acceptance_proportion,0.3916666666666666
R2,matched_availability,transitions_per_min,49.0
R2,matched_availability,acceptance_proportion,0.5666666666666667
R2,matched_availability,transitions_per_min,50.5
R2,matched_availability,acceptance_proportion,0.475
R2,matched_availability,transitions_per_min,45.0
R2,matched_availability,acceptance_proportion,0.3125
R2,matched_availability,transitions_per_min,38.0
R2,matched_availability,acceptance_proportion,0.6916666666666667
R2,matched_availability,transitions_per_min,39.0
R2,matched_availability,acceptance_proportion,0.4833333333333333
R2,matched_availability,transitions_per_min,25.0
R2,matched_availability,acceptance_proportion,0.9041666666666668
R2,matched_availability,transitions_per_min,19.0
R2,matched_availability,acceptance_proportion,0.725
R2,matched_availability,transitions_per_min,31.5
R2,matched_availability,acceptance_proportion,0.65
R2,matched_availability,transitions_per_min,48.5
R2,matched_availability,acceptance_proportion,0.8083333333333333
R2,matched_availability,transitions_per_min,31.000000000000004
R0,matched_availability,acceptance_proportion,0.4791666666666667
R0,matched_availability,transitions_per_min,49.0
R0,matched_availability,acceptance_proportion,0.4666666666666667
R0,matched_availability,transitions_per_min,57.0
R0,matched_availability,acceptance_proportion,0.8291666666666667
R0,matched_availability,transitions_per_min,26.5
R0,matched_availability,acceptance_proportion,0.7666666666666667
R0,matched_availability,transitions_per_min,39.5
R0,matched_availability,acceptance_proportion,0.5166666666666667
R0,matched_availability,transitions_per_min,55.5
R0,matched_availability,acceptance_proportion,0.4583333333333333
R0,matched_availability,transitions_per_min,50.5
R0,matched_availability,acceptance_proportion,0.7041666666666667
R0,matched_availability,transitions_per_min,46.0
R0,matched_availability,acceptance_proportion,0.5083333333333333
R0,matched_availability,transitions_per_min,54.0
R0,matched_availability,acceptance_proportion,0.6958333333333333
R0,matched_availability,transitions_per_min,40.5
R0,matched_availability,acceptance_proportion,0.4166666666666667
R0,matched_availability,transitions_per_min,40.0
R0,matched_availability,acceptance_proportion,0.7416666666666667
R0,matched_availability,transitions_per_min,47.0
R0,matched_availability,acceptance_proportion,0.8833333333333333
R0,matched_availability,transitions_per_min,24.0
R0,matched_availability,acceptance_proportion,0.6833333333333333
R0,matched_availability,transitions_per_min,51.0
R0,matched_availability,acceptance_proportion,0.7291666666666666
R0,matched_availability,transitions_per_min,45.0
R0,matched_availability,acceptance_proportion,0.4625
R0,matched_availability,transitions_per_min,52.5
R0,matched_availability,acceptance_proportion,0.4708333333333333
R0,matched_availability,transitions_per_min,56.0
R0,matched_availability,acceptance_proportion,0.7666666666666667
R0,matched_availability,transitions_per_min,41.5
R0,matched_availability,acceptance_proportion,0.8875
R0,matched_availability,transitions_per_min,24.0
R0,matched_availability,acceptance_proportion,0.5333333333333333
R0,matched_availability,transitions_per_min,39.0
R0,matched_availability,acceptance_proportion,0.5541666666666667
R0,matched_availability,transitions_per_min,38.0
R0,matched_availability,acceptance_proportion,0.5291666666666667
R0,matched_availability,transitions_per_min,55.5
R0,matched_availability,acceptance_proportion,0.6916666666666667
R0,matched_availability,transitions_per_min,49.0
R0,matched_availability,acceptance_proportion,0.4041666666666667
R0,matched_availability,transitions_per_min,55.5
R0,matched_availability,acceptance_proportion,0.575
R0,matched_availability,transitions_per_min,43.0
R0,matched_availability,acceptance_proportion,0.7208333333333333
R0,matched_availability,transitions_per_min,47.0
R0,matched_availability,acceptance_proportion,0.7208333333333333
R0,matched_availability,transitions_per_min,48.5
R0,matched_availability,acceptance_proportion,0.5375
R0,matched_availability,transitions_per_min,50.0
R0,matched_availability,acceptance_proportion,0.5958333333333333
R0,matched_availability,transitions_per_min,50.5
R0,matched_availability,acceptance_proportion,0.3583333333333333
R0,matched_availability,transitions_per_min,47.0
R0,matched_availability,acceptance_proportion,0.325
R0,matched_availability,transitions_per_min,48.0
R0,matched_availability,acceptance_proportion,0.6166666666666667
R0,matched_availability,transitions_per_min,49.5
R0,matched_availability,acceptance_proportion,0.5083333333333333
R0,matched_availability,transitions_per_min,55.0
R0,matched_availability,acceptance_proportion,0.425
R0,matched_availability,transitions_per_min,49.0
R0,matched_availability,acceptance_proportion,0.2208333333333333
R0,matched_availability,transitions_per_min,22.0
R0,matched_availability,acceptance_proportion,0.4166666666666667
R0,matched_availability,transitions_per_min,54.5
R0,matched_availability,acceptance_proportion,0.5166666666666667
R0,matched_availability,transitions_per_min,50.5
R0,matched_availability,acceptance_proportion,0.6333333333333333
R0,matched_availability,transitions_per_min,41.5
R0,matched_availability,acceptance_proportion,0.6
R0,matched_availability,transitions_per_min,47.5
R0,matched_availability,acceptance_proportion,0.6083333333333333
R0,matched_availability,transitions_per_min,42.0
R0,matched_availability,acceptance_proportion,0.5333333333333333
R0,matched_availability,transitions_per_min,51.0
R0,matched_availability,acceptance_proportion,0.5125
R0,matched_availability,transitions_per_min,50.0
R0,matched_availability,acceptance_proportion,0.4333333333333333
R0,matched_availability,transitions_per_min,55.0
R0,matched_availability,acceptance_proportion,0.6083333333333333
R0,matched_availability,transitions_per_min,54.5
R0,matched_availability,acceptance_proportion,0.6875
R0,matched_availability,transitions_per_min,47.5
R0,matched_availability,acceptance_proportion,0.625
R0,matched_availability,transitions_per_min,37.0
R0,matched_availability,acceptance_proportion,0.775
R0,matched_availability,transitions_per_min,32.0
R0,matched_availability,acceptance_proportion,0.5583333333333333
R0,matched_availability,transitions_per_min,57.5
R0,matched_availability,acceptance_proportion,0.6791666666666667
R0,matched_availability,transitions_per_min,35.0
R0,matched_availability,acceptance_proportion,0.6083333333333333
R0,matched_availability,transitions_per_min,47.5
R0,matched_availability,acceptance_proportion,0.7791666666666667
R0,matched_availability,transitions_per_min,34.0
R0,matched_availability,acceptance_proportion,0.4666666666666667
R0,matched_availability,transitions_per_min,57.5
R0,matched_availability,acceptance_proportion,0.5958333333333333
R0,matched_availability,transitions_per_min,57.5
R0,matched_availability,acceptance_proportion,0.4958333333333333
R0,matched_availability,transitions_per_min,47.5
R0,matched_availability,acceptance_proportion,0.3916666666666666
R0,matched_availability,transitions_per_min,52.5
R0,matched_availability,acceptance_proportion,0.65
R0,matched_availability,transitions_per_min,52.5
R0,matched_availability,acceptance_proportion,0.5916666666666667
R0,matched_availability,transitions_per_min,45.0
R0,matched_availability,acceptance_proportion,0.8875
R0,matched_availability,transitions_per_min,18.0
R0,matched_availability,acceptance_proportion,0.8708333333333333
R0,matched_availability,transitions_per_min,22.0
R0,matched_availability,acceptance_proportion,0.6
R0,matched_availability,transitions_per_min,55.0
R0,matched_availability,acceptance_proportion,0.8
R0,matched_availability,transitions_per_min,34.0
R1,matched_availability,acceptance_proportion,0.4428571428571428
R1,matched_availability,transitions_per_min,48.42857142857143
R1,matched_availability,acceptance_proportion,0.6714285714285714
R1,matched_availability,transitions_per_min,41.142857142857146
R1,matched_availability,acceptance_proportion,0.5285714285714286
R1,matched_availability,transitions_per_min,45.85714285714285
R1,matched_availability,acceptance_proportion,0.725
R1,matched_availability,transitions_per_min,37.71428571428572
R1,matched_availability,acceptance_proportion,0.6571428571428571
R1,matched_availability,transitions_per_min,39.42857142857143
R1,matched_availability,acceptance_proportion,0.725
R1,matched_availability,transitions_per_min,38.57142857142858
R1,matched_availability,acceptance_proportion,0.5464285714285714
R1,matched_availability,transitions_per_min,48.0
R1,matched_availability,acceptance_proportion,0.6714285714285714
R1,matched_availability,transitions_per_min,45.85714285714285
R1,matched_availability,acceptance_proportion,0.6071428571428571
R1,matched_availability,transitions_per_min,46.285714285714285
R1,matched_availability,acceptance_proportion,0.6
R1,matched_availability,transitions_per_min,43.71428571428572
R2,matched_availability,acceptance_proportion,0.4571428571428571
R2,matched_availability,transitions_per_min,50.142857142857146
R2,matched_availability,acceptance_proportion,0.6785714285714286
R2,matched_availability,transitions_per_min,39.42857142857143
R2,matched_availability,acceptance_proportion,0.5678571428571428
R2,matched_availability,transitions_per_min,42.42857142857143
R2,matched_availability,acceptance_proportion,0.7535714285714286
R2,matched_availability,transitions_per_min,35.142857142857146
R2,matched_availability,acceptance_proportion,0.6857142857142857
R2,matched_availability,transitions_per_min,37.71428571428572
R2,matched_availability,acceptance_proportion,0.7464285714285714
R2,matched_availability,transitions_per_min,39.42857142857143
R2,matched_availability,acceptance_proportion,0.5178571428571429
R2,matched_availability,transitions_per_min,52.285714285714285
R2,matched_availability,acceptance_proportion,0.7035714285714286
R2,matched_availability,transitions_per_min,44.57142857142857
R2,matched_availability,acceptance_proportion,0.6285714285714286
R2,matched_availability,transitions_per_min,49.71428571428572
R2,matched_availability,acceptance_proportion,0.6071428571428571
R2,matched_availability,transitions_per_min,45.42857142857143
R0,matched_availability,acceptance_proportion,0.5571428571428572
R0,matched_availability,transitions_per_min,55.285714285714285
R0,matched_availability,acceptance_proportion,0.7464285714285714
R0,matched_availability,transitions_per_min,42.85714285714286
R0,matched_availability,acceptance_proportion,0.6714285714285714
R0,matched_availability,transitions_per_min,49.285714285714285
R0,matched_availability,acceptance_proportion,0.8357142857142857
R0,matched_availability,transitions_per_min,30.0
R0,matched_availability,acceptance_proportion,0.6071428571428571
R0,matched_availability,transitions_per_min,42.0
R0,matched_availability,acceptance_proportion,0.7285714285714285
R0,matched_availability,transitions_per_min,42.42857142857143
R0,matched_availability,acceptance_proportion,0.5
R0,matched_availability,transitions_per_min,57.42857142857143
R0,matched_availability,acceptance_proportion,0.6392857142857142
R0,matched_availability,transitions_per_min,52.71428571428572
R0,matched_availability,acceptance_proportion,0.7
R0,matched_availability,transitions_per_min,47.14285714285714
R0,matched_availability,acceptance_proportion,0.6142857142857143
R0,matched_availability,transitions_per_min,45.42857142857143
