dataset,participant,session,monitor,n_windows,batch_total_ms,mean_latency_ms,p95_latency_ms,max_latency_ms,peak_tracemalloc_bytes,accepted_windows,batch_per_window_ms
ds004444,sub-001,ses-01,M0_NO_GATE,240,13.3066,0.05544416666666666,0.05544416666666666,0.05544416666666666,60829,240,
ds004444,sub-001,ses-01,M1_HIGH_BETA,240,16.6742,0.06947583333333333,0.06947583333333333,0.06947583333333333,37734,184,
ds004444,sub-001,ses-01,M2_BROADBAND_HIGH_FREQUENCY,240,16.7163,0.06965125,0.06965125,0.06965125,35678,156,
ds004444,sub-001,ses-01,M3_AMPLITUDE_150,240,14.1093,0.058788749999999994,0.058788749999999994,0.058788749999999994,35678,240,
ds004444,sub-001,ses-01,M4_NFSQI_FULL_QUALITY,240,16.359,0.0681625,0.0681625,0.0681625,35795,115,
ds004444,sub-001,ses-16,M0_NO_GATE,240,13.276,0.05531666666666667,0.05531666666666667,0.05531666666666667,36182,240,
ds004444,sub-001,ses-16,M1_HIGH_BETA,240,14.7722,0.06155083333333333,0.06155083333333333,0.06155083333333333,37662,189,
ds004444,sub-001,ses-16,M2_BROADBAND_HIGH_FREQUENCY,240,16.0414,0.06683916666666666,0.06683916666666666,0.06683916666666666,35678,148,
ds004444,sub-001,ses-16,M3_AMPLITUDE_150,240,14.0157,0.058398750000000006,0.058398750000000006,0.058398750000000006,35678,238,
ds004444,sub-001,ses-16,M4_NFSQI_FULL_QUALITY,240,18.3159,0.07631625,0.07631625,0.07631625,35678,112,
ds004444,sub-002,ses-01,M0_NO_GATE,240,11.9158,0.04964916666666667,0.04964916666666667,0.04964916666666667,36182,240,
ds004444,sub-002,ses-01,M1_HIGH_BETA,240,12.9095,0.05378958333333333,0.05378958333333333,0.05378958333333333,37604,234,
ds004444,sub-002,ses-01,M2_BROADBAND_HIGH_FREQUENCY,240,13.6481,0.05686708333333333,0.05686708333333333,0.05686708333333333,35620,218,
ds004444,sub-002,ses-01,M3_AMPLITUDE_150,240,12.9046,0.053769166666666666,0.053769166666666666,0.053769166666666666,35562,240,
ds004444,sub-002,ses-01,M4_NFSQI_FULL_QUALITY,240,16.0138,0.06672416666666667,0.06672416666666667,0.06672416666666667,35655,199,
ds004444,sub-002,ses-16,M0_NO_GATE,240,11.8352,0.049313333333333334,0.049313333333333334,0.049313333333333334,36251,240,
ds004444,sub-002,ses-16,M1_HIGH_BETA,240,13.2995,0.055414583333333337,0.055414583333333337,0.055414583333333337,37604,230,
ds004444,sub-002,ses-16,M2_BROADBAND_HIGH_FREQUENCY,240,15.0768,0.06282,0.06282,0.06282,35620,213,
ds004444,sub-002,ses-16,M3_AMPLITUDE_150,240,14.2069,0.05919541666666666,0.05919541666666666,0.05919541666666666,35678,238,
ds004444,sub-002,ses-16,M4_NFSQI_FULL_QUALITY,240,17.2029,0.07167875,0.07167875,0.07167875,35678,184,
ds004444,sub-003,ses-01,M0_NO_GATE,240,11.3502,0.047292499999999994,0.047292499999999994,0.047292499999999994,36182,240,
ds004444,sub-003,ses-01,M1_HIGH_BETA,240,13.1649,0.05485375,0.05485375,0.05485375,37604,166,
ds004444,sub-003,ses-01,M2_BROADBAND_HIGH_FREQUENCY,240,13.9669,0.05819541666666667,0.05819541666666667,0.05819541666666667,35678,176,
ds004444,sub-003,ses-01,M3_AMPLITUDE_150,240,12.9838,0.05409916666666667,0.05409916666666667,0.05409916666666667,35678,240,
ds004444,sub-003,ses-01,M4_NFSQI_FULL_QUALITY,240,17.9407,0.07475291666666667,0.07475291666666667,0.07475291666666667,35620,124,
ds004444,sub-003,ses-16,M0_NO_GATE,240,11.6146,0.04839416666666666,0.04839416666666666,0.04839416666666666,36124,240,
ds004444,sub-003,ses-16,M1_HIGH_BETA,240,13.6457,0.05685708333333333,0.05685708333333333,0.05685708333333333,37662,185,
ds004444,sub-003,ses-16,M2_BROADBAND_HIGH_FREQUENCY,240,14.0533,0.058555416666666665,0.058555416666666665,0.058555416666666665,35715,149,
ds004444,sub-003,ses-16,M3_AMPLITUDE_150,240,12.8038,0.05334916666666667,0.05334916666666667,0.05334916666666667,35620,240,
ds004444,sub-003,ses-16,M4_NFSQI_FULL_QUALITY,240,16.1182,0.06715916666666667,0.06715916666666667,0.06715916666666667,35678,110,
ds004444,sub-004,ses-01,M0_NO_GATE,240,12.1576,0.05065666666666667,0.05065666666666667,0.05065666666666667,36182,240,
ds004444,sub-004,ses-01,M1_HIGH_BETA,240,12.7222,0.05300916666666667,0.05300916666666667,0.05300916666666667,37662,212,
ds004444,sub-004,ses-01,M2_BROADBAND_HIGH_FREQUENCY,240,13.4503,0.05604291666666667,0.05604291666666667,0.05604291666666667,35678,208,
ds004444,sub-004,ses-01,M3_AMPLITUDE_150,240,13.334,0.055558333333333335,0.055558333333333335,0.055558333333333335,35678,239,
ds004444,sub-004,ses-01,M4_NFSQI_FULL_QUALITY,240,17.7131,0.07380458333333334,0.07380458333333334,0.07380458333333334,35620,169,
ds004444,sub-004,ses-16,M0_NO_GATE,240,12.4966,0.05206916666666667,0.05206916666666667,0.05206916666666667,36182,240,
ds004444,sub-004,ses-16,M1_HIGH_BETA,240,13.8844,0.05785166666666666,0.05785166666666666,0.05785166666666666,37662,159,
ds004444,sub-004,ses-16,M2_BROADBAND_HIGH_FREQUENCY,240,14.5419,0.06059125,0.06059125,0.06059125,35620,186,
ds004444,sub-004,ses-16,M3_AMPLITUDE_150,240,13.8442,0.05768416666666667,0.05768416666666667,0.05768416666666667,35620,240,
ds004444,sub-004,ses-16,M4_NFSQI_FULL_QUALITY,240,17.9574,0.0748225,0.0748225,0.0748225,35722,122,
ds004444,sub-005,ses-01,M0_NO_GATE,240,11.4084,0.047535,0.047535,0.047535,36182,240,
ds004444,sub-005,ses-01,M1_HIGH_BETA,240,13.0339,0.054307916666666664,0.054307916666666664,0.054307916666666664,37662,214,
ds004444,sub-005,ses-01,M2_BROADBAND_HIGH_FREQUENCY,240,14.5422,0.0605925,0.0605925,0.0605925,35678,205,
ds004444,sub-005,ses-01,M3_AMPLITUDE_150,240,12.9362,0.05390083333333333,0.05390083333333333,0.05390083333333333,35678,0,
ds004444,sub-005,ses-01,M4_NFSQI_FULL_QUALITY,240,16.2261,0.06760875,0.06760875,0.06760875,35783,167,
ds004444,sub-005,ses-16,M0_NO_GATE,240,11.3632,0.04734666666666667,0.04734666666666667,0.04734666666666667,36182,240,
ds004444,sub-005,ses-16,M1_HIGH_BETA,240,12.5287,0.05220291666666667,0.05220291666666667,0.05220291666666667,37662,149,
ds004444,sub-005,ses-16,M2_BROADBAND_HIGH_FREQUENCY,240,14.6909,0.06121208333333333,0.06121208333333333,0.06121208333333333,35678,168,
ds004444,sub-005,ses-16,M3_AMPLITUDE_150,240,15.2328,0.06347,0.06347,0.06347,35678,0,
ds004444,sub-005,ses-16,M4_NFSQI_FULL_QUALITY,240,16.3867,0.06827791666666667,0.06827791666666667,0.06827791666666667,35678,100,
ds004444,sub-006,ses-01,M0_NO_GATE,240,14.5559,0.06064958333333333,0.06064958333333333,0.06064958333333333,36182,240,
ds004444,sub-006,ses-01,M1_HIGH_BETA,240,12.9061,0.053775416666666666,0.053775416666666666,0.053775416666666666,37707,219,
ds004444,sub-006,ses-01,M2_BROADBAND_HIGH_FREQUENCY,240,13.4592,0.05608,0.05608,0.05608,35678,218,
ds004444,sub-006,ses-01,M3_AMPLITUDE_150,240,17.1906,0.0716275,0.0716275,0.0716275,35712,240,
ds004444,sub-006,ses-01,M4_NFSQI_FULL_QUALITY,240,27.1563,0.11315125000000001,0.11315125000000001,0.11315125000000001,35678,178,
ds004444,sub-006,ses-16,M0_NO_GATE,240,11.26,0.04691666666666667,0.04691666666666667,0.04691666666666667,36220,240,
ds004444,sub-006,ses-16,M1_HIGH_BETA,240,12.5502,0.0522925,0.0522925,0.0522925,37662,222,
ds004444,sub-006,ses-16,M2_BROADBAND_HIGH_FREQUENCY,240,13.3326,0.0555525,0.0555525,0.0555525,35678,233,
ds004444,sub-006,ses-16,M3_AMPLITUDE_150,240,14.4957,0.060398749999999994,0.060398749999999994,0.060398749999999994,35678,240,
ds004444,sub-006,ses-16,M4_NFSQI_FULL_QUALITY,240,18.8007,0.07833625,0.07833625,0.07833625,35678,212,
ds004444,sub-007,ses-01,M0_NO_GATE,240,11.4059,0.047524583333333335,0.047524583333333335,0.047524583333333335,36182,240,
ds004444,sub-007,ses-01,M1_HIGH_BETA,240,12.9706,0.054044166666666664,0.054044166666666664,0.054044166666666664,37662,206,
ds004444,sub-007,ses-01,M2_BROADBAND_HIGH_FREQUENCY,240,14.5027,0.06042791666666667,0.06042791666666667,0.06042791666666667,35746,209,
ds004444,sub-007,ses-01,M3_AMPLITUDE_150,240,13.0123,0.054217916666666664,0.054217916666666664,0.054217916666666664,36860,240,
ds004444,sub-007,ses-01,M4_NFSQI_FULL_QUALITY,240,16.027,0.06677916666666667,0.06677916666666667,0.06677916666666667,35678,164,
ds004444,sub-007,ses-16,M0_NO_GATE,240,11.7787,0.04907791666666667,0.04907791666666667,0.04907791666666667,36182,240,
ds004444,sub-007,ses-16,M1_HIGH_BETA,240,13.282,0.055341666666666664,0.055341666666666664,0.055341666666666664,37662,216,
ds004444,sub-007,ses-16,M2_BROADBAND_HIGH_FREQUENCY,240,15.0025,0.06251041666666667,0.06251041666666667,0.06251041666666667,35678,226,
ds004444,sub-007,ses-16,M3_AMPLITUDE_150,240,12.8782,0.05365916666666667,0.05365916666666667,0.05365916666666667,35678,240,
ds004444,sub-007,ses-16,M4_NFSQI_FULL_QUALITY,240,17.0825,0.07117708333333334,0.07117708333333334,0.07117708333333334,35678,175,
ds004444,sub-008,ses-01,M0_NO_GATE,240,11.2822,0.047009166666666664,0.047009166666666664,0.047009166666666664,36182,240,
ds004444,sub-008,ses-01,M1_HIGH_BETA,240,12.6384,0.052660000000000005,0.052660000000000005,0.052660000000000005,37662,194,
ds004444,sub-008,ses-01,M2_BROADBAND_HIGH_FREQUENCY,240,13.5809,0.05658708333333333,0.05658708333333333,0.05658708333333333,35678,171,
ds004444,sub-008,ses-01,M3_AMPLITUDE_150,240,13.1131,0.05463791666666666,0.05463791666666666,0.05463791666666666,36126,240,
ds004444,sub-008,ses-01,M4_NFSQI_FULL_QUALITY,240,16.3904,0.06829333333333333,0.06829333333333333,0.06829333333333333,35678,111,
ds004444,sub-008,ses-16,M0_NO_GATE,240,11.3801,0.04741708333333334,0.04741708333333334,0.04741708333333334,36182,240,
ds004444,sub-008,ses-16,M1_HIGH_BETA,240,12.9375,0.05390625,0.05390625,0.05390625,37662,195,
ds004444,sub-008,ses-16,M2_BROADBAND_HIGH_FREQUENCY,240,13.9018,0.057924166666666665,0.057924166666666665,0.057924166666666665,35678,145,
ds004444,sub-008,ses-16,M3_AMPLITUDE_150,240,13.6853,0.057022083333333334,0.057022083333333334,0.057022083333333334,35678,240,
ds004444,sub-008,ses-16,M4_NFSQI_FULL_QUALITY,240,16.6404,0.069335,0.069335,0.069335,37910,113,
ds004444,sub-009,ses-01,M0_NO_GATE,240,11.5636,0.048181666666666664,0.048181666666666664,0.048181666666666664,37311,240,
ds004444,sub-009,ses-01,M1_HIGH_BETA,240,13.0119,0.05421625,0.05421625,0.05421625,37604,221,
ds004444,sub-009,ses-01,M2_BROADBAND_HIGH_FREQUENCY,240,14.328,0.059699999999999996,0.059699999999999996,0.059699999999999996,35678,214,
ds004444,sub-009,ses-01,M3_AMPLITUDE_150,240,12.9847,0.05410291666666667,0.05410291666666667,0.05410291666666667,35754,234,
ds004444,sub-009,ses-01,M4_NFSQI_FULL_QUALITY,240,16.186,0.06744166666666666,0.06744166666666666,0.06744166666666666,35678,184,
ds004444,sub-009,ses-16,M0_NO_GATE,240,11.4395,0.04766458333333334,0.04766458333333334,0.04766458333333334,36182,240,
ds004444,sub-009,ses-16,M1_HIGH_BETA,240,13.3716,0.055715,0.055715,0.055715,37604,233,
ds004444,sub-009,ses-16,M2_BROADBAND_HIGH_FREQUENCY,240,13.8146,0.05756083333333333,0.05756083333333333,0.05756083333333333,35678,225,
ds004444,sub-009,ses-16,M3_AMPLITUDE_150,240,12.6924,0.052884999999999995,0.052884999999999995,0.052884999999999995,35678,239,
ds004444,sub-009,ses-16,M4_NFSQI_FULL_QUALITY,240,16.0717,0.06696541666666667,0.06696541666666667,0.06696541666666667,36210,213,
ds004444,sub-010,ses-01,M0_NO_GATE,240,11.894,0.049558333333333336,0.049558333333333336,0.049558333333333336,36182,240,
ds004444,sub-010,ses-01,M1_HIGH_BETA,240,12.9427,0.053927916666666666,0.053927916666666666,0.053927916666666666,37662,203,
ds004444,sub-010,ses-01,M2_BROADBAND_HIGH_FREQUENCY,240,16.8926,0.07038583333333334,0.07038583333333334,0.07038583333333334,35678,162,
ds004444,sub-010,ses-01,M3_AMPLITUDE_150,240,14.9857,0.062440416666666665,0.062440416666666665,0.062440416666666665,35678,0,
ds004444,sub-010,ses-01,M4_NFSQI_FULL_QUALITY,240,19.3229,0.08051208333333333,0.08051208333333333,0.08051208333333333,35620,128,
ds004444,sub-010,ses-16,M0_NO_GATE,240,18.723,0.0780125,0.0780125,0.0780125,36182,240,
ds004444,sub-010,ses-16,M1_HIGH_BETA,240,22.4897,0.09370708333333333,0.09370708333333333,0.09370708333333333,37662,208,
ds004444,sub-010,ses-16,M2_BROADBAND_HIGH_FREQUENCY,240,21.8516,0.09104833333333334,0.09104833333333334,0.09104833333333334,35954,172,
ds004444,sub-010,ses-16,M3_AMPLITUDE_150,240,23.6457,0.09852375000000001,0.09852375000000001,0.09852375000000001,35799,0,
ds004444,sub-010,ses-16,M4_NFSQI_FULL_QUALITY,240,31.9722,0.13321750000000002,0.13321750000000002,0.13321750000000002,35678,133,
ds004444,sub-011,ses-01,M0_NO_GATE,240,22.8021,0.09500875,0.09500875,0.09500875,36182,240,
ds004444,sub-011,ses-01,M1_HIGH_BETA,240,27.6708,0.115295,0.115295,0.115295,37644,216,
ds004444,sub-011,ses-01,M2_BROADBAND_HIGH_FREQUENCY,240,32.1462,0.1339425,0.1339425,0.1339425,36798,212,
ds004444,sub-011,ses-01,M3_AMPLITUDE_150,240,38.9353,0.16223041666666665,0.16223041666666665,0.16223041666666665,35678,240,
ds004444,sub-011,ses-01,M4_NFSQI_FULL_QUALITY,240,29.5787,0.12324458333333334,0.12324458333333334,0.12324458333333334,35698,127,
ds004444,sub-011,ses-16,M0_NO_GATE,240,26.7439,0.11143291666666667,0.11143291666666667,0.11143291666666667,36124,240,
ds004444,sub-011,ses-16,M1_HIGH_BETA,240,35.8127,0.14921958333333332,0.14921958333333332,0.14921958333333332,37662,221,
ds004444,sub-011,ses-16,M2_BROADBAND_HIGH_FREQUENCY,240,21.6411,0.09017125000000001,0.09017125000000001,0.09017125000000001,35678,200,
ds004444,sub-011,ses-16,M3_AMPLITUDE_150,240,19.6339,0.08180791666666667,0.08180791666666667,0.08180791666666667,35678,240,
ds004444,sub-011,ses-16,M4_NFSQI_FULL_QUALITY,240,24.3301,0.10137541666666668,0.10137541666666668,0.10137541666666668,35678,166,
ds004444,sub-012,ses-01,M0_NO_GATE,240,17.0323,0.07096791666666666,0.07096791666666666,0.07096791666666666,36182,240,
ds004444,sub-012,ses-01,M1_HIGH_BETA,240,20.4758,0.08531583333333333,0.08531583333333333,0.08531583333333333,37662,192,
ds004444,sub-012,ses-01,M2_BROADBAND_HIGH_FREQUENCY,240,22.7795,0.09491458333333333,0.09491458333333333,0.09491458333333333,35678,146,
ds004444,sub-012,ses-01,M3_AMPLITUDE_150,240,19.7608,0.08233666666666667,0.08233666666666667,0.08233666666666667,35620,240,
ds004444,sub-012,ses-01,M4_NFSQI_FULL_QUALITY,240,26.7324,0.111385,0.111385,0.111385,35678,97,
ds004444,sub-012,ses-16,M0_NO_GATE,240,25.3197,0.10549875,0.10549875,0.10549875,36124,240,
ds004444,sub-012,ses-16,M1_HIGH_BETA,240,28.5322,0.11888416666666667,0.11888416666666667,0.11888416666666667,37662,203,
ds004444,sub-012,ses-16,M2_BROADBAND_HIGH_FREQUENCY,240,26.0099,0.10837458333333333,0.10837458333333333,0.10837458333333333,35752,168,
ds004444,sub-012,ses-16,M3_AMPLITUDE_150,240,23.6114,0.09838083333333333,0.09838083333333333,0.09838083333333333,35865,240,
ds004444,sub-012,ses-16,M4_NFSQI_FULL_QUALITY,240,38.2378,0.15932416666666666,0.15932416666666666,0.15932416666666666,35678,138,
ds004444,sub-013,ses-01,M0_NO_GATE,240,31.5713,0.13154708333333334,0.13154708333333334,0.13154708333333334,36182,240,
ds004444,sub-013,ses-01,M1_HIGH_BETA,240,34.0477,0.14186541666666666,0.14186541666666666,0.14186541666666666,37662,206,
ds004444,sub-013,ses-01,M2_BROADBAND_HIGH_FREQUENCY,240,35.7357,0.14889875,0.14889875,0.14889875,35620,209,
ds004444,sub-013,ses-01,M3_AMPLITUDE_150,240,37.8117,0.15754875000000002,0.15754875000000002,0.15754875000000002,35678,236,
ds004444,sub-013,ses-01,M4_NFSQI_FULL_QUALITY,240,47.8109,0.19921208333333332,0.19921208333333332,0.19921208333333332,35620,173,
ds004444,sub-013,ses-16,M0_NO_GATE,240,23.4628,0.09776166666666668,0.09776166666666668,0.09776166666666668,36182,240,
ds004444,sub-013,ses-16,M1_HIGH_BETA,240,39.4932,0.164555,0.164555,0.164555,37662,208,
ds004444,sub-013,ses-16,M2_BROADBAND_HIGH_FREQUENCY,240,42.0201,0.17508375,0.17508375,0.17508375,36889,206,
ds004444,sub-013,ses-16,M3_AMPLITUDE_150,240,32.5787,0.13574458333333334,0.13574458333333334,0.13574458333333334,35678,240,
ds004444,sub-013,ses-16,M4_NFSQI_FULL_QUALITY,240,42.9425,0.17892708333333335,0.17892708333333335,0.17892708333333335,35678,173,
ds004444,sub-014,ses-01,M0_NO_GATE,240,28.3962,0.1183175,0.1183175,0.1183175,36978,240,
ds004444,sub-014,ses-01,M1_HIGH_BETA,240,30.8832,0.12868,0.12868,0.12868,37662,201,
ds004444,sub-014,ses-01,M2_BROADBAND_HIGH_FREQUENCY,240,26.708,0.11128333333333333,0.11128333333333333,0.11128333333333333,35678,193,
ds004444,sub-014,ses-01,M3_AMPLITUDE_150,240,20.144,0.08393333333333333,0.08393333333333333,0.08393333333333333,35751,219,
ds004444,sub-014,ses-01,M4_NFSQI_FULL_QUALITY,240,30.0073,0.12503041666666667,0.12503041666666667,0.12503041666666667,35678,129,
ds004444,sub-014,ses-16,M0_NO_GATE,240,21.6127,0.09005291666666666,0.09005291666666666,0.09005291666666666,36182,240,
ds004444,sub-014,ses-16,M1_HIGH_BETA,240,29.2352,0.12181333333333333,0.12181333333333333,0.12181333333333333,37662,197,
ds004444,sub-014,ses-16,M2_BROADBAND_HIGH_FREQUENCY,240,20.6698,0.08612416666666665,0.08612416666666665,0.08612416666666665,35678,210,
ds004444,sub-014,ses-16,M3_AMPLITUDE_150,240,19.0625,0.07942708333333333,0.07942708333333333,0.07942708333333333,35620,239,
ds004444,sub-014,ses-16,M4_NFSQI_FULL_QUALITY,240,24.3405,0.10141874999999999,0.10141874999999999,0.10141874999999999,35678,143,
ds004444,sub-015,ses-01,M0_NO_GATE,240,18.3155,0.07631458333333334,0.07631458333333334,0.07631458333333334,36182,240,
ds004444,sub-015,ses-01,M1_HIGH_BETA,240,31.7408,0.13225333333333333,0.13225333333333333,0.13225333333333333,37662,155,
ds004444,sub-015,ses-01,M2_BROADBAND_HIGH_FREQUENCY,240,31.7407,0.13225291666666666,0.13225291666666666,0.13225291666666666,35920,127,
ds004444,sub-015,ses-01,M3_AMPLITUDE_150,240,37.4793,0.15616375000000002,0.15616375000000002,0.15616375000000002,35678,193,
ds004444,sub-015,ses-01,M4_NFSQI_FULL_QUALITY,240,30.9416,0.12892333333333333,0.12892333333333333,0.12892333333333333,35620,86,
ds004444,sub-015,ses-16,M0_NO_GATE,240,17.0056,0.07085666666666667,0.07085666666666667,0.07085666666666667,36182,240,
ds004444,sub-015,ses-16,M1_HIGH_BETA,240,22.8877,0.09536541666666666,0.09536541666666666,0.09536541666666666,37742,178,
ds004444,sub-015,ses-16,M2_BROADBAND_HIGH_FREQUENCY,240,26.409,0.1100375,0.1100375,0.1100375,35678,130,
ds004444,sub-015,ses-16,M3_AMPLITUDE_150,240,24.1108,0.10046166666666667,0.10046166666666667,0.10046166666666667,35678,229,
ds004444,sub-015,ses-16,M4_NFSQI_FULL_QUALITY,240,30.1045,0.12543541666666666,0.12543541666666666,0.12543541666666666,35678,78,
ds004444,sub-016,ses-01,M0_NO_GATE,240,20.5446,0.0856025,0.0856025,0.0856025,36182,240,
ds004444,sub-016,ses-01,M1_HIGH_BETA,240,18.9201,0.07883375000000001,0.07883375000000001,0.07883375000000001,37662,209,
ds004444,sub-016,ses-01,M2_BROADBAND_HIGH_FREQUENCY,240,26.7883,0.11161791666666666,0.11161791666666666,0.11161791666666666,35678,185,
ds004444,sub-016,ses-01,M3_AMPLITUDE_150,240,33.4329,0.13930374999999998,0.13930374999999998,0.13930374999999998,35678,0,
ds004444,sub-016,ses-01,M4_NFSQI_FULL_QUALITY,240,38.6045,0.16085208333333334,0.16085208333333334,0.16085208333333334,35678,148,
ds004444,sub-016,ses-16,M0_NO_GATE,240,24.4888,0.10203666666666668,0.10203666666666668,0.10203666666666668,36182,240,
ds004444,sub-016,ses-16,M1_HIGH_BETA,240,32.3607,0.13483625000000002,0.13483625000000002,0.13483625000000002,37662,179,
ds004444,sub-016,ses-16,M2_BROADBAND_HIGH_FREQUENCY,240,38.6273,0.16094708333333332,0.16094708333333332,0.16094708333333332,35620,165,
ds004444,sub-016,ses-16,M3_AMPLITUDE_150,240,22.2567,0.09273624999999999,0.09273624999999999,0.09273624999999999,35678,233,
ds004444,sub-016,ses-16,M4_NFSQI_FULL_QUALITY,240,27.8166,0.1159025,0.1159025,0.1159025,35562,122,
ds004444,sub-017,ses-01,M0_NO_GATE,240,15.9168,0.06632,0.06632,0.06632,36182,240,
ds004444,sub-017,ses-01,M1_HIGH_BETA,240,17.8107,0.07421125,0.07421125,0.07421125,37662,174,
ds004444,sub-017,ses-01,M2_BROADBAND_HIGH_FREQUENCY,240,20.3684,0.08486833333333334,0.08486833333333334,0.08486833333333334,35678,148,
ds004444,sub-017,ses-01,M3_AMPLITUDE_150,240,18.5184,0.07715999999999999,0.07715999999999999,0.07715999999999999,35678,235,
ds004444,sub-017,ses-01,M4_NFSQI_FULL_QUALITY,240,26.5367,0.11056958333333333,0.11056958333333333,0.11056958333333333,35678,102,
ds004444,sub-017,ses-16,M0_NO_GATE,240,15.7467,0.06561125,0.06561125,0.06561125,36182,240,
ds004444,sub-017,ses-16,M1_HIGH_BETA,240,17.6777,0.07365708333333335,0.07365708333333335,0.07365708333333335,37662,147,
ds004444,sub-017,ses-16,M2_BROADBAND_HIGH_FREQUENCY,240,19.4002,0.08083416666666668,0.08083416666666668,0.08083416666666668,35678,101,
ds004444,sub-017,ses-16,M3_AMPLITUDE_150,240,18.6925,0.07788541666666667,0.07788541666666667,0.07788541666666667,35678,165,
ds004444,sub-017,ses-16,M4_NFSQI_FULL_QUALITY,240,29.9831,0.12492958333333333,0.12492958333333333,0.12492958333333333,35620,53,
ds004444,sub-018,ses-01,M0_NO_GATE,240,28.1402,0.11725083333333333,0.11725083333333333,0.11725083333333333,40902,240,
ds004444,sub-018,ses-01,M1_HIGH_BETA,240,21.1271,0.08802958333333333,0.08802958333333333,0.08802958333333333,37604,201,
ds004444,sub-018,ses-01,M2_BROADBAND_HIGH_FREQUENCY,240,27.7061,0.11544208333333333,0.11544208333333333,0.11544208333333333,35678,143,
ds004444,sub-018,ses-01,M3_AMPLITUDE_150,240,27.7001,0.11541708333333332,0.11541708333333332,0.11541708333333332,35620,240,
ds004444,sub-018,ses-01,M4_NFSQI_FULL_QUALITY,240,26.3868,0.109945,0.109945,0.109945,35620,100,
ds004444,sub-018,ses-16,M0_NO_GATE,240,18.0225,0.07509375,0.07509375,0.07509375,36182,240,
ds004444,sub-018,ses-16,M1_HIGH_BETA,240,26.9717,0.11238208333333333,0.11238208333333333,0.11238208333333333,37662,194,
ds004444,sub-018,ses-16,M2_BROADBAND_HIGH_FREQUENCY,240,25.5925,0.10663541666666668,0.10663541666666668,0.10663541666666668,35620,175,
ds004444,sub-018,ses-16,M3_AMPLITUDE_150,240,18.5602,0.07733416666666666,0.07733416666666666,0.07733416666666666,35620,240,
ds004444,sub-018,ses-16,M4_NFSQI_FULL_QUALITY,240,23.1945,0.09664375,0.09664375,0.09664375,35678,124,
ds004444,sub-019,ses-01,M0_NO_GATE,240,15.7879,0.06578291666666666,0.06578291666666666,0.06578291666666666,36182,240,
ds004444,sub-019,ses-01,M1_HIGH_BETA,240,18.613,0.07755416666666666,0.07755416666666666,0.07755416666666666,37662,197,
ds004444,sub-019,ses-01,M2_BROADBAND_HIGH_FREQUENCY,240,20.2268,0.08427833333333333,0.08427833333333333,0.08427833333333333,35678,174,
ds004444,sub-019,ses-01,M3_AMPLITUDE_150,240,22.4173,0.09340541666666667,0.09340541666666667,0.09340541666666667,35678,240,
ds004444,sub-019,ses-01,M4_NFSQI_FULL_QUALITY,240,25.0124,0.10421833333333333,0.10421833333333333,0.10421833333333333,35678,152,
ds004444,sub-019,ses-16,M0_NO_GATE,240,16.2457,0.06769041666666667,0.06769041666666667,0.06769041666666667,36182,240,
ds004444,sub-019,ses-16,M1_HIGH_BETA,240,24.8914,0.10371416666666668,0.10371416666666668,0.10371416666666668,37662,183,
ds004444,sub-019,ses-16,M2_BROADBAND_HIGH_FREQUENCY,240,20.9723,0.08738458333333333,0.08738458333333333,0.08738458333333333,35678,182,
ds004444,sub-019,ses-16,M3_AMPLITUDE_150,240,18.5293,0.07720541666666667,0.07720541666666667,0.07720541666666667,35678,236,
ds004444,sub-019,ses-16,M4_NFSQI_FULL_QUALITY,240,30.4702,0.12695916666666665,0.12695916666666665,0.12695916666666665,35855,144,
ds004444,sub-020,ses-01,M0_NO_GATE,240,16.1038,0.06709916666666667,0.06709916666666667,0.06709916666666667,36124,240,
ds004444,sub-020,ses-01,M1_HIGH_BETA,240,19.3437,0.08059875,0.08059875,0.08059875,37662,217,
ds004444,sub-020,ses-01,M2_BROADBAND_HIGH_FREQUENCY,240,20.4441,0.08518374999999999,0.08518374999999999,0.08518374999999999,35620,200,
ds004444,sub-020,ses-01,M3_AMPLITUDE_150,240,18.1893,0.07578875,0.07578875,0.07578875,35678,218,
ds004444,sub-020,ses-01,M4_NFSQI_FULL_QUALITY,240,24.0937,0.10039041666666666,0.10039041666666666,0.10039041666666666,35678,146,
ds004444,sub-020,ses-08,M0_NO_GATE,240,19.1226,0.0796775,0.0796775,0.0796775,36182,240,
ds004444,sub-020,ses-08,M1_HIGH_BETA,240,21.2818,0.08867416666666667,0.08867416666666667,0.08867416666666667,37662,200,
ds004444,sub-020,ses-08,M2_BROADBAND_HIGH_FREQUENCY,240,22.3109,0.09296208333333333,0.09296208333333333,0.09296208333333333,35678,188,
ds004444,sub-020,ses-08,M3_AMPLITUDE_150,240,22.083,0.0920125,0.0920125,0.0920125,35678,227,
ds004444,sub-020,ses-08,M4_NFSQI_FULL_QUALITY,240,24.1949,0.10081208333333333,0.10081208333333333,0.10081208333333333,35678,128,
ds004444,sub-021,ses-01,M0_NO_GATE,240,16.5569,0.06898708333333332,0.06898708333333332,0.06898708333333332,36182,240,
ds004444,sub-021,ses-01,M1_HIGH_BETA,240,18.3733,0.07655541666666667,0.07655541666666667,0.07655541666666667,37662,193,
ds004444,sub-021,ses-01,M2_BROADBAND_HIGH_FREQUENCY,240,19.7911,0.08246291666666666,0.08246291666666666,0.08246291666666666,35678,156,
ds004444,sub-021,ses-01,M3_AMPLITUDE_150,240,21.1959,0.08831625000000001,0.08831625000000001,0.08831625000000001,35678,231,
ds004444,sub-021,ses-01,M4_NFSQI_FULL_QUALITY,240,23.2232,0.09676333333333333,0.09676333333333333,0.09676333333333333,36681,123,
ds004444,sub-021,ses-16,M0_NO_GATE,240,27.891,0.1162125,0.1162125,0.1162125,36182,240,
ds004444,sub-021,ses-16,M1_HIGH_BETA,240,31.1199,0.12966625,0.12966625,0.12966625,37662,193,
ds004444,sub-021,ses-16,M2_BROADBAND_HIGH_FREQUENCY,240,25.474,0.10614166666666666,0.10614166666666666,0.10614166666666666,35678,161,
ds004444,sub-021,ses-16,M3_AMPLITUDE_150,240,19.2153,0.08006375,0.08006375,0.08006375,35678,240,
ds004444,sub-021,ses-16,M4_NFSQI_FULL_QUALITY,240,24.796,0.10331666666666667,0.10331666666666667,0.10331666666666667,35678,104,
ds004444,sub-022,ses-01,M0_NO_GATE,240,30.0452,0.12518833333333335,0.12518833333333335,0.12518833333333335,36224,240,
ds004444,sub-022,ses-01,M1_HIGH_BETA,240,22.3008,0.09291999999999999,0.09291999999999999,0.09291999999999999,37604,224,
ds004444,sub-022,ses-01,M2_BROADBAND_HIGH_FREQUENCY,240,18.9966,0.0791525,0.0791525,0.0791525,35678,220,
ds004444,sub-022,ses-01,M3_AMPLITUDE_150,240,17.2754,0.07198083333333334,0.07198083333333334,0.07198083333333334,35678,240,
ds004444,sub-022,ses-01,M4_NFSQI_FULL_QUALITY,240,23.7701,0.09904208333333334,0.09904208333333334,0.09904208333333334,35678,146,
ds004444,sub-022,ses-16,M0_NO_GATE,240,16.1197,0.06716541666666667,0.06716541666666667,0.06716541666666667,36182,240,
ds004444,sub-022,ses-16,M1_HIGH_BETA,240,18.0199,0.07508291666666667,0.07508291666666667,0.07508291666666667,37662,213,
ds004444,sub-022,ses-16,M2_BROADBAND_HIGH_FREQUENCY,240,20.4454,0.08518916666666666,0.08518916666666666,0.08518916666666666,35620,201,
ds004444,sub-022,ses-16,M3_AMPLITUDE_150,240,25.4386,0.10599416666666667,0.10599416666666667,0.10599416666666667,35678,239,
ds004444,sub-022,ses-16,M4_NFSQI_FULL_QUALITY,240,34.0253,0.14177208333333333,0.14177208333333333,0.14177208333333333,35678,165,
ds004444,sub-023,ses-01,M0_NO_GATE,240,27.9459,0.11644125000000001,0.11644125000000001,0.11644125000000001,36182,240,
ds004444,sub-023,ses-01,M1_HIGH_BETA,240,36.4516,0.15188166666666666,0.15188166666666666,0.15188166666666666,37604,200,
ds004444,sub-023,ses-01,M2_BROADBAND_HIGH_FREQUENCY,240,41.3749,0.17239541666666666,0.17239541666666666,0.17239541666666666,35678,184,
ds004444,sub-023,ses-01,M3_AMPLITUDE_150,240,35.4029,0.14751208333333335,0.14751208333333335,0.14751208333333335,35678,227,
ds004444,sub-023,ses-01,M4_NFSQI_FULL_QUALITY,240,43.4367,0.18098625000000002,0.18098625000000002,0.18098625000000002,35678,150,
ds004444,sub-023,ses-16,M0_NO_GATE,240,24.0358,0.10014916666666666,0.10014916666666666,0.10014916666666666,36070,240,
ds004444,sub-023,ses-16,M1_HIGH_BETA,240,38.716,0.16131666666666666,0.16131666666666666,0.16131666666666666,37662,214,
ds004444,sub-023,ses-16,M2_BROADBAND_HIGH_FREQUENCY,240,36.767,0.15319583333333334,0.15319583333333334,0.15319583333333334,35564,217,
ds004444,sub-023,ses-16,M3_AMPLITUDE_150,240,30.3905,0.12662708333333333,0.12662708333333333,0.12662708333333333,35566,240,
ds004444,sub-023,ses-16,M4_NFSQI_FULL_QUALITY,240,28.4278,0.11844916666666667,0.11844916666666667,0.11844916666666667,35566,186,
ds004444,sub-024,ses-01,M0_NO_GATE,240,16.7897,0.06995708333333334,0.06995708333333334,0.06995708333333334,36723,240,
ds004444,sub-024,ses-01,M1_HIGH_BETA,240,19.0629,0.07942874999999999,0.07942874999999999,0.07942874999999999,37662,200,
ds004444,sub-024,ses-01,M2_BROADBAND_HIGH_FREQUENCY,240,25.7626,0.10734416666666666,0.10734416666666666,0.10734416666666666,35622,191,
ds004444,sub-024,ses-01,M3_AMPLITUDE_150,240,19.9697,0.08320708333333333,0.08320708333333333,0.08320708333333333,35566,238,
ds004444,sub-024,ses-01,M4_NFSQI_FULL_QUALITY,240,40.4961,0.16873375,0.16873375,0.16873375,35566,134,
ds004444,sub-024,ses-16,M0_NO_GATE,240,20.7537,0.08647374999999999,0.08647374999999999,0.08647374999999999,36012,240,
ds004444,sub-024,ses-16,M1_HIGH_BETA,240,27.3692,0.11403833333333332,0.11403833333333332,0.11403833333333332,37662,221,
ds004444,sub-024,ses-16,M2_BROADBAND_HIGH_FREQUENCY,240,22.838,0.09515833333333333,0.09515833333333333,0.09515833333333333,35622,188,
ds004444,sub-024,ses-16,M3_AMPLITUDE_150,240,22.2908,0.09287833333333334,0.09287833333333334,0.09287833333333334,35566,237,
ds004444,sub-024,ses-16,M4_NFSQI_FULL_QUALITY,240,27.7337,0.11555708333333332,0.11555708333333332,0.11555708333333332,35566,163,
ds004444,sub-025,ses-01,M0_NO_GATE,240,16.2002,0.06750083333333333,0.06750083333333333,0.06750083333333333,36070,240,
ds004444,sub-025,ses-01,M1_HIGH_BETA,240,20.4691,0.08528791666666667,0.08528791666666667,0.08528791666666667,37662,192,
ds004444,sub-025,ses-01,M2_BROADBAND_HIGH_FREQUENCY,240,27.5575,0.11482291666666668,0.11482291666666668,0.11482291666666668,35622,192,
ds004444,sub-025,ses-01,M3_AMPLITUDE_150,240,21.5061,0.08960875,0.08960875,0.08960875,35566,240,
ds004444,sub-025,ses-01,M4_NFSQI_FULL_QUALITY,240,35.8328,0.14930333333333332,0.14930333333333332,0.14930333333333332,35566,146,
ds004444,sub-025,ses-16,M0_NO_GATE,240,19.5187,0.08132791666666667,0.08132791666666667,0.08132791666666667,36070,240,
ds004444,sub-025,ses-16,M1_HIGH_BETA,240,33.3013,0.13875541666666666,0.13875541666666666,0.13875541666666666,37662,214,
ds004444,sub-025,ses-16,M2_BROADBAND_HIGH_FREQUENCY,240,29.1664,0.12152666666666666,0.12152666666666666,0.12152666666666666,35564,225,
ds004444,sub-025,ses-16,M3_AMPLITUDE_150,240,29.8052,0.12418833333333333,0.12418833333333333,0.12418833333333333,35566,240,
ds004444,sub-025,ses-16,M4_NFSQI_FULL_QUALITY,240,29.5148,0.12297833333333334,0.12297833333333334,0.12297833333333334,35508,187,
ds004444,sub-026,ses-01,M0_NO_GATE,240,17.0572,0.07107166666666667,0.07107166666666667,0.07107166666666667,36070,240,
ds004444,sub-026,ses-01,M1_HIGH_BETA,240,32.8599,0.13691625000000002,0.13691625000000002,0.13691625000000002,37662,204,
ds004444,sub-026,ses-01,M2_BROADBAND_HIGH_FREQUENCY,240,30.5761,0.12740041666666665,0.12740041666666665,0.12740041666666665,35622,161,
ds004444,sub-026,ses-01,M3_AMPLITUDE_150,240,19.1971,0.07998791666666666,0.07998791666666666,0.07998791666666666,35566,239,
ds004444,sub-026,ses-01,M4_NFSQI_FULL_QUALITY,240,25.7159,0.10714958333333334,0.10714958333333334,0.10714958333333334,35566,112,
ds004444,sub-026,ses-16,M0_NO_GATE,240,16.3851,0.06827125,0.06827125,0.06827125,36070,240,
ds004444,sub-026,ses-16,M1_HIGH_BETA,240,25.356,0.10565000000000001,0.10565000000000001,0.10565000000000001,37662,199,
ds004444,sub-026,ses-16,M2_BROADBAND_HIGH_FREQUENCY,240,20.485,0.08535416666666666,0.08535416666666666,0.08535416666666666,35622,203,
ds004444,sub-026,ses-16,M3_AMPLITUDE_150,240,19.4749,0.08114541666666668,0.08114541666666668,0.08114541666666668,35566,217,
ds004444,sub-026,ses-16,M4_NFSQI_FULL_QUALITY,240,32.6237,0.13593208333333334,0.13593208333333334,0.13593208333333334,35508,143,
ds004444,sub-027,ses-01,M0_NO_GATE,240,25.6501,0.10687541666666665,0.10687541666666665,0.10687541666666665,36070,240,
ds004444,sub-027,ses-01,M1_HIGH_BETA,240,31.4451,0.13102125,0.13102125,0.13102125,37662,189,
ds004444,sub-027,ses-01,M2_BROADBAND_HIGH_FREQUENCY,240,22.9019,0.09542458333333334,0.09542458333333334,0.09542458333333334,35564,149,
ds004444,sub-027,ses-01,M3_AMPLITUDE_150,240,19.6516,0.08188166666666666,0.08188166666666666,0.08188166666666666,35566,238,
ds004444,sub-027,ses-01,M4_NFSQI_FULL_QUALITY,240,31.3784,0.13074333333333332,0.13074333333333332,0.13074333333333332,35566,119,
ds004444,sub-027,ses-16,M0_NO_GATE,240,17.2287,0.07178625,0.07178625,0.07178625,36070,240,
ds004444,sub-027,ses-16,M1_HIGH_BETA,240,20.285,0.08452083333333334,0.08452083333333334,0.08452083333333334,37604,174,
ds004444,sub-027,ses-16,M2_BROADBAND_HIGH_FREQUENCY,240,26.7135,0.11130625,0.11130625,0.11130625,38340,133,
ds004444,sub-027,ses-16,M3_AMPLITUDE_150,240,19.4864,0.08119333333333333,0.08119333333333333,0.08119333333333333,35508,0,
ds004444,sub-027,ses-16,M4_NFSQI_FULL_QUALITY,240,31.1871,0.12994625,0.12994625,0.12994625,35508,94,
ds004444,sub-028,ses-01,M0_NO_GATE,240,20.6141,0.08589208333333334,0.08589208333333334,0.08589208333333334,36070,240,
ds004444,sub-028,ses-01,M1_HIGH_BETA,240,25.7305,0.10721041666666667,0.10721041666666667,0.10721041666666667,37662,217,
ds004444,sub-028,ses-01,M2_BROADBAND_HIGH_FREQUENCY,240,30.0703,0.12529291666666667,0.12529291666666667,0.12529291666666667,35622,191,
ds004444,sub-028,ses-01,M3_AMPLITUDE_150,240,23.0132,0.09588833333333334,0.09588833333333334,0.09588833333333334,35508,0,
ds004444,sub-028,ses-01,M4_NFSQI_FULL_QUALITY,240,37.9894,0.15828916666666668,0.15828916666666668,0.15828916666666668,35566,156,
ds004444,sub-028,ses-16,M0_NO_GATE,240,19.4537,0.08105708333333334,0.08105708333333334,0.08105708333333334,36070,240,
ds004444,sub-028,ses-16,M1_HIGH_BETA,240,22.8211,0.09508791666666667,0.09508791666666667,0.09508791666666667,37662,212,
ds004444,sub-028,ses-16,M2_BROADBAND_HIGH_FREQUENCY,240,23.288,0.09703333333333333,0.09703333333333333,0.09703333333333333,35622,194,
ds004444,sub-028,ses-16,M3_AMPLITUDE_150,240,17.668,0.07361666666666666,0.07361666666666666,0.07361666666666666,35508,0,
ds004444,sub-028,ses-16,M4_NFSQI_FULL_QUALITY,240,25.3913,0.10579708333333333,0.10579708333333333,0.10579708333333333,35566,142,
ds004444,sub-029,ses-01,M0_NO_GATE,240,18.9161,0.07881708333333333,0.07881708333333333,0.07881708333333333,36070,240,
ds004444,sub-029,ses-01,M1_HIGH_BETA,240,22.3838,0.09326583333333334,0.09326583333333334,0.09326583333333334,37604,230,
ds004444,sub-029,ses-01,M2_BROADBAND_HIGH_FREQUENCY,240,27.1479,0.11311625,0.11311625,0.11311625,35622,228,
ds004444,sub-029,ses-01,M3_AMPLITUDE_150,240,20.8973,0.08707208333333334,0.08707208333333334,0.08707208333333334,35566,239,
ds004444,sub-029,ses-01,M4_NFSQI_FULL_QUALITY,240,22.7533,0.09480541666666667,0.09480541666666667,0.09480541666666667,35508,213,
ds004444,sub-029,ses-16,M0_NO_GATE,240,20.8053,0.08668875,0.08668875,0.08668875,36070,240,
ds004444,sub-029,ses-16,M1_HIGH_BETA,240,27.0938,0.11289083333333334,0.11289083333333334,0.11289083333333334,37662,221,
ds004444,sub-029,ses-16,M2_BROADBAND_HIGH_FREQUENCY,240,33.9323,0.1413845833333333,0.1413845833333333,0.1413845833333333,35622,222,
ds004444,sub-029,ses-16,M3_AMPLITUDE_150,240,19.2115,0.08004791666666668,0.08004791666666668,0.08004791666666668,35566,231,
ds004444,sub-029,ses-16,M4_NFSQI_FULL_QUALITY,240,30.1622,0.12567583333333332,0.12567583333333332,0.12567583333333332,35566,209,
ds004444,sub-030,ses-01,M0_NO_GATE,240,25.165,0.10485416666666666,0.10485416666666666,0.10485416666666666,36070,240,
ds004444,sub-030,ses-01,M1_HIGH_BETA,240,41.8779,0.17449125,0.17449125,0.17449125,37604,193,
ds004444,sub-030,ses-01,M2_BROADBAND_HIGH_FREQUENCY,240,33.5771,0.13990458333333333,0.13990458333333333,0.13990458333333333,35622,187,
ds004444,sub-030,ses-01,M3_AMPLITUDE_150,240,25.2432,0.10518000000000001,0.10518000000000001,0.10518000000000001,35566,183,
ds004444,sub-030,ses-01,M4_NFSQI_FULL_QUALITY,240,41.2728,0.17196999999999998,0.17196999999999998,0.17196999999999998,35566,144,
ds004444,sub-030,ses-16,M0_NO_GATE,240,21.8516,0.09104833333333334,0.09104833333333334,0.09104833333333334,36070,240,
ds004444,sub-030,ses-16,M1_HIGH_BETA,240,22.3884,0.093285,0.093285,0.093285,37604,218,
ds004444,sub-030,ses-16,M2_BROADBAND_HIGH_FREQUENCY,240,29.9403,0.12475125000000001,0.12475125000000001,0.12475125000000001,35564,220,
ds004444,sub-030,ses-16,M3_AMPLITUDE_150,240,25.5212,0.10633833333333334,0.10633833333333334,0.10633833333333334,35566,0,
ds004444,sub-030,ses-16,M4_NFSQI_FULL_QUALITY,240,35.6841,0.14868375,0.14868375,0.14868375,35566,192,
ds004446,sub-004,ses-01,M0_NO_GATE,280,32.5198,0.11614214285714285,0.11614214285714285,0.11614214285714285,40078,280,
ds004446,sub-004,ses-01,M1_HIGH_BETA,280,35.0984,0.12535142857142856,0.12535142857142856,0.12535142857142856,41612,227,
ds004446,sub-004,ses-01,M2_BROADBAND_HIGH_FREQUENCY,280,47.6824,0.17029428571428573,0.17029428571428573,0.17029428571428573,39572,201,
ds004446,sub-004,ses-01,M3_AMPLITUDE_150,280,45.4629,0.1623675,0.1623675,0.1623675,39458,278,
ds004446,sub-004,ses-01,M4_NFSQI_FULL_QUALITY,280,39.0015,0.13929107142857142,0.13929107142857142,0.13929107142857142,39574,156,
ds004446,sub-004,ses-08,M0_NO_GATE,280,49.1769,0.17563178571428573,0.17563178571428573,0.17563178571428573,40020,280,
ds004446,sub-004,ses-08,M1_HIGH_BETA,280,52.6527,0.18804535714285717,0.18804535714285717,0.18804535714285717,41670,269,
ds004446,sub-004,ses-08,M2_BROADBAND_HIGH_FREQUENCY,280,47.6781,0.17027892857142857,0.17027892857142857,0.17027892857142857,39630,223,
ds004446,sub-004,ses-08,M3_AMPLITUDE_150,280,42.3324,0.15118714285714285,0.15118714285714285,0.15118714285714285,39574,276,
ds004446,sub-004,ses-08,M4_NFSQI_FULL_QUALITY,280,51.5307,0.1840382142857143,0.1840382142857143,0.1840382142857143,39574,209,
ds004446,sub-005,ses-01,M0_NO_GATE,280,26.6906,0.09532357142857142,0.09532357142857142,0.09532357142857142,40078,280,
ds004446,sub-005,ses-01,M1_HIGH_BETA,280,38.5543,0.13769392857142856,0.13769392857142856,0.13769392857142856,41670,248,
ds004446,sub-005,ses-01,M2_BROADBAND_HIGH_FREQUENCY,280,44.2533,0.1580475,0.1580475,0.1580475,39630,219,
ds004446,sub-005,ses-01,M3_AMPLITUDE_150,280,45.2404,0.16157285714285716,0.16157285714285716,0.16157285714285716,39574,263,
ds004446,sub-005,ses-01,M4_NFSQI_FULL_QUALITY,280,39.0111,0.13932535714285713,0.13932535714285713,0.13932535714285713,39574,188,
ds004446,sub-005,ses-08,M0_NO_GATE,280,25.188,0.08995714285714285,0.08995714285714285,0.08995714285714285,40078,280,
ds004446,sub-005,ses-08,M1_HIGH_BETA,280,37.6102,0.13432214285714286,0.13432214285714286,0.13432214285714286,41670,274,
ds004446,sub-005,ses-08,M2_BROADBAND_HIGH_FREQUENCY,280,41.1165,0.14684464285714285,0.14684464285714285,0.14684464285714285,39630,249,
ds004446,sub-005,ses-08,M3_AMPLITUDE_150,280,31.3384,0.11192285714285714,0.11192285714285714,0.11192285714285714,39574,280,
ds004446,sub-005,ses-08,M4_NFSQI_FULL_QUALITY,280,37.142,0.13265000000000002,0.13265000000000002,0.13265000000000002,39574,234,
ds004446,sub-012,ses-01,M0_NO_GATE,280,19.3561,0.06912892857142858,0.06912892857142858,0.06912892857142858,40078,280,
ds004446,sub-012,ses-01,M1_HIGH_BETA,280,22.7855,0.08137678571428571,0.08137678571428571,0.08137678571428571,41612,251,
ds004446,sub-012,ses-01,M2_BROADBAND_HIGH_FREQUENCY,280,40.3516,0.14411285714285713,0.14411285714285713,0.14411285714285713,39630,239,
ds004446,sub-012,ses-01,M3_AMPLITUDE_150,280,42.3757,0.15134178571428572,0.15134178571428572,0.15134178571428572,39574,279,
ds004446,sub-012,ses-01,M4_NFSQI_FULL_QUALITY,280,43.851,0.15661071428571427,0.15661071428571427,0.15661071428571427,39574,170,
ds004446,sub-012,ses-08,M0_NO_GATE,280,27.9806,0.09993071428571428,0.09993071428571428,0.09993071428571428,40078,280,
ds004446,sub-012,ses-08,M1_HIGH_BETA,280,26.102,0.09322142857142857,0.09322142857142857,0.09322142857142857,41612,245,
ds004446,sub-012,ses-08,M2_BROADBAND_HIGH_FREQUENCY,280,25.4428,0.09086714285714285,0.09086714285714285,0.09086714285714285,39630,242,
ds004446,sub-012,ses-08,M3_AMPLITUDE_150,280,23.6061,0.08430750000000001,0.08430750000000001,0.08430750000000001,39574,280,
ds004446,sub-012,ses-08,M4_NFSQI_FULL_QUALITY,280,28.1756,0.10062714285714286,0.10062714285714286,0.10062714285714286,39516,204,
ds004446,sub-013,ses-01,M0_NO_GATE,280,18.3305,0.06546607142857143,0.06546607142857143,0.06546607142857143,40078,280,
ds004446,sub-013,ses-01,M1_HIGH_BETA,280,21.77,0.07775,0.07775,0.07775,41670,197,
ds004446,sub-013,ses-01,M2_BROADBAND_HIGH_FREQUENCY,280,24.5196,0.08757,0.08757,0.08757,39630,221,
ds004446,sub-013,ses-01,M3_AMPLITUDE_150,280,24.2686,0.08667357142857142,0.08667357142857142,0.08667357142857142,39574,277,
ds004446,sub-013,ses-01,M4_NFSQI_FULL_QUALITY,280,29.2232,0.10436857142857142,0.10436857142857142,0.10436857142857142,39574,140,
ds004446,sub-013,ses-08,M0_NO_GATE,280,25.0564,0.08948714285714286,0.08948714285714286,0.08948714285714286,40078,280,
ds004446,sub-013,ses-08,M1_HIGH_BETA,280,34.18,0.12207142857142857,0.12207142857142857,0.12207142857142857,41670,222,
ds004446,sub-013,ses-08,M2_BROADBAND_HIGH_FREQUENCY,280,41.7147,0.14898107142857142,0.14898107142857142,0.14898107142857142,39572,266,
ds004446,sub-013,ses-08,M3_AMPLITUDE_150,280,37.8206,0.13507357142857143,0.13507357142857143,0.13507357142857143,39574,280,
ds004446,sub-013,ses-08,M4_NFSQI_FULL_QUALITY,280,51.3942,0.1835507142857143,0.1835507142857143,0.1835507142857143,39574,179,
ds004446,sub-018,ses-01,M0_NO_GATE,280,20.0826,0.07172357142857143,0.07172357142857143,0.07172357142857143,40078,280,
ds004446,sub-018,ses-01,M1_HIGH_BETA,280,30.0246,0.10723071428571429,0.10723071428571429,0.10723071428571429,41738,247,
ds004446,sub-018,ses-01,M2_BROADBAND_HIGH_FREQUENCY,280,35.7239,0.12758535714285715,0.12758535714285715,0.12758535714285715,39572,243,
ds004446,sub-018,ses-01,M3_AMPLITUDE_150,280,23.2337,0.0829775,0.0829775,0.0829775,39516,273,
ds004446,sub-018,ses-01,M4_NFSQI_FULL_QUALITY,280,27.133,0.09690357142857142,0.09690357142857142,0.09690357142857142,39574,196,
ds004446,sub-018,ses-08,M0_NO_GATE,280,25.1925,0.08997321428571428,0.08997321428571428,0.08997321428571428,40020,280,
ds004446,sub-018,ses-08,M1_HIGH_BETA,280,24.186,0.08637857142857143,0.08637857142857143,0.08637857142857143,41670,236,
ds004446,sub-018,ses-08,M2_BROADBAND_HIGH_FREQUENCY,280,25.1318,0.08975642857142857,0.08975642857142857,0.08975642857142857,39572,227,
ds004446,sub-018,ses-08,M3_AMPLITUDE_150,280,23.2051,0.08287535714285715,0.08287535714285715,0.08287535714285715,39516,279,
ds004446,sub-018,ses-08,M4_NFSQI_FULL_QUALITY,280,37.2657,0.13309178571428573,0.13309178571428573,0.13309178571428573,39516,172,
ds004447,sub-001,ses-01,M0_NO_GATE,118,9.5145,0.08063135593220339,0.08063135593220339,0.08063135593220339,24358,118,
ds004447,sub-001,ses-01,M1_HIGH_BETA,118,10.8165,0.09166525423728814,0.09166525423728814,0.09166525423728814,25950,111,
ds004447,sub-001,ses-01,M2_BROADBAND_HIGH_FREQUENCY,118,10.8457,0.09191271186440679,0.09191271186440679,0.09191271186440679,23910,91,
ds004447,sub-001,ses-01,M3_AMPLITUDE_150,118,11.0074,0.09328305084745764,0.09328305084745764,0.09328305084745764,23796,118,
ds004447,sub-001,ses-01,M4_NFSQI_FULL_QUALITY,118,18.2589,0.1547364406779661,0.1547364406779661,0.1547364406779661,23854,64,
ds004447,sub-001,ses-19,M0_NO_GATE,120,12.6062,0.10505166666666667,0.10505166666666667,0.10505166666666667,24550,120,
ds004447,sub-001,ses-19,M1_HIGH_BETA,120,18.7466,0.15622166666666668,0.15622166666666668,0.15622166666666668,26142,104,
ds004447,sub-001,ses-19,M2_BROADBAND_HIGH_FREQUENCY,120,14.8581,0.1238175,0.1238175,0.1238175,24102,76,
ds004447,sub-001,ses-19,M3_AMPLITUDE_150,120,12.8801,0.10733416666666667,0.10733416666666667,0.10733416666666667,24046,120,
ds004447,sub-001,ses-19,M4_NFSQI_FULL_QUALITY,120,14.3394,0.11949499999999999,0.11949499999999999,0.11949499999999999,23988,69,
ds004447,sub-002,ses-01,M0_NO_GATE,118,12.6271,0.1070093220338983,0.1070093220338983,0.1070093220338983,24358,118,
ds004447,sub-002,ses-01,M1_HIGH_BETA,118,16.6761,0.1413228813559322,0.1413228813559322,0.1413228813559322,25950,93,
ds004447,sub-002,ses-01,M2_BROADBAND_HIGH_FREQUENCY,118,16.8435,0.1427415254237288,0.1427415254237288,0.1427415254237288,23910,65,
ds004447,sub-002,ses-01,M3_AMPLITUDE_150,118,15.2054,0.1288593220338983,0.1288593220338983,0.1288593220338983,23796,118,
ds004447,sub-002,ses-01,M4_NFSQI_FULL_QUALITY,118,20.9116,0.17721694915254238,0.17721694915254238,0.17721694915254238,23854,49,
ds004447,sub-002,ses-19,M0_NO_GATE,120,11.3114,0.09426166666666667,0.09426166666666667,0.09426166666666667,24550,120,
ds004447,sub-002,ses-19,M1_HIGH_BETA,120,16.5541,0.13795083333333333,0.13795083333333333,0.13795083333333333,26142,104,
ds004447,sub-002,ses-19,M2_BROADBAND_HIGH_FREQUENCY,120,22.6267,0.18855583333333334,0.18855583333333334,0.18855583333333334,24102,76,
ds004447,sub-002,ses-19,M3_AMPLITUDE_150,120,17.4847,0.14570583333333334,0.14570583333333334,0.14570583333333334,24046,120,
ds004447,sub-002,ses-19,M4_NFSQI_FULL_QUALITY,120,25.1994,0.20999500000000001,0.20999500000000001,0.20999500000000001,24046,69,
ds004447,sub-003,ses-01,M0_NO_GATE,120,17.8347,0.14862250000000002,0.14862250000000002,0.14862250000000002,24550,120,
ds004447,sub-003,ses-01,M1_HIGH_BETA,120,13.0972,0.10914333333333334,0.10914333333333334,0.10914333333333334,26142,110,
ds004447,sub-003,ses-01,M2_BROADBAND_HIGH_FREQUENCY,120,12.1659,0.1013825,0.1013825,0.1013825,24102,110,
ds004447,sub-003,ses-01,M3_AMPLITUDE_150,120,11.2648,0.09387333333333332,0.09387333333333332,0.09387333333333332,24046,120,
ds004447,sub-003,ses-01,M4_NFSQI_FULL_QUALITY,120,13.7995,0.11499583333333334,0.11499583333333334,0.11499583333333334,24046,105,
ds004447,sub-003,ses-19,M0_NO_GATE,120,12.8891,0.10740916666666665,0.10740916666666665,0.10740916666666665,24550,120,
ds004447,sub-003,ses-19,M1_HIGH_BETA,120,12.038,0.10031666666666667,0.10031666666666667,0.10031666666666667,26142,107,
ds004447,sub-003,ses-19,M2_BROADBAND_HIGH_FREQUENCY,120,12.532,0.10443333333333334,0.10443333333333334,0.10443333333333334,24102,94,
ds004447,sub-003,ses-19,M3_AMPLITUDE_150,120,13.7673,0.11472750000000001,0.11472750000000001,0.11472750000000001,24046,120,
ds004447,sub-003,ses-19,M4_NFSQI_FULL_QUALITY,120,21.6431,0.18035916666666668,0.18035916666666668,0.18035916666666668,24046,78,
ds004447,sub-004,ses-01,M0_NO_GATE,116,14.8437,0.12796293103448275,0.12796293103448275,0.12796293103448275,24166,116,
ds004447,sub-004,ses-01,M1_HIGH_BETA,116,13.8487,0.1193853448275862,0.1193853448275862,0.1193853448275862,25758,107,
ds004447,sub-004,ses-01,M2_BROADBAND_HIGH_FREQUENCY,116,16.5704,0.14284827586206897,0.14284827586206897,0.14284827586206897,23718,95,
ds004447,sub-004,ses-01,M3_AMPLITUDE_150,116,12.4183,0.10705431034482758,0.10705431034482758,0.10705431034482758,23662,116,
ds004447,sub-004,ses-01,M4_NFSQI_FULL_QUALITY,116,24.0392,0.2072344827586207,0.2072344827586207,0.2072344827586207,23662,80,
ds004447,sub-004,ses-19,M0_NO_GATE,120,17.1018,0.142515,0.142515,0.142515,24550,120,
ds004447,sub-004,ses-19,M1_HIGH_BETA,120,15.9777,0.1331475,0.1331475,0.1331475,26084,108,
ds004447,sub-004,ses-19,M2_BROADBAND_HIGH_FREQUENCY,120,15.8732,0.13227666666666668,0.13227666666666668,0.13227666666666668,24044,104,
ds004447,sub-004,ses-19,M3_AMPLITUDE_150,120,19.4082,0.16173500000000002,0.16173500000000002,0.16173500000000002,23988,120,
ds004447,sub-004,ses-19,M4_NFSQI_FULL_QUALITY,120,14.6367,0.1219725,0.1219725,0.1219725,24046,93,
ds004447,sub-005,ses-01,M0_NO_GATE,116,16.5837,0.14296293103448277,0.14296293103448277,0.14296293103448277,24166,116,
ds004447,sub-005,ses-01,M1_HIGH_BETA,116,19.8009,0.17069741379310344,0.17069741379310344,0.17069741379310344,25758,96,
ds004447,sub-005,ses-01,M2_BROADBAND_HIGH_FREQUENCY,116,15.3572,0.1323896551724138,0.1323896551724138,0.1323896551724138,23718,76,
ds004447,sub-005,ses-01,M3_AMPLITUDE_150,116,22.982,0.1981206896551724,0.1981206896551724,0.1981206896551724,23662,116,
ds004447,sub-005,ses-01,M4_NFSQI_FULL_QUALITY,116,21.2127,0.18286810344827586,0.18286810344827586,0.18286810344827586,23662,62,
ds004447,sub-005,ses-19,M0_NO_GATE,120,12.0198,0.100165,0.100165,0.100165,24550,120,
ds004447,sub-005,ses-19,M1_HIGH_BETA,120,21.642,0.18034999999999998,0.18034999999999998,0.18034999999999998,26142,106,
ds004447,sub-005,ses-19,M2_BROADBAND_HIGH_FREQUENCY,120,18.9503,0.15791916666666667,0.15791916666666667,0.15791916666666667,24102,99,
ds004447,sub-005,ses-19,M3_AMPLITUDE_150,120,13.3526,0.11127166666666667,0.11127166666666667,0.11127166666666667,23988,118,
ds004447,sub-005,ses-19,M4_NFSQI_FULL_QUALITY,120,19.1316,0.15943,0.15943,0.15943,24046,83,
ds004447,sub-006,ses-01,M0_NO_GATE,116,12.8336,0.1106344827586207,0.1106344827586207,0.1106344827586207,24166,116,
ds004447,sub-006,ses-01,M1_HIGH_BETA,116,18.2223,0.15708879310344828,0.15708879310344828,0.15708879310344828,25758,114,
ds004447,sub-006,ses-01,M2_BROADBAND_HIGH_FREQUENCY,116,18.5466,0.15988448275862072,0.15988448275862072,0.15988448275862072,23718,115,
ds004447,sub-006,ses-01,M3_AMPLITUDE_150,116,18.1642,0.15658793103448276,0.15658793103448276,0.15658793103448276,23662,116,
ds004447,sub-006,ses-01,M4_NFSQI_FULL_QUALITY,116,19.864,0.17124137931034483,0.17124137931034483,0.17124137931034483,23662,107,
ds004447,sub-006,ses-19,M0_NO_GATE,120,16.479,0.137325,0.137325,0.137325,24550,120,
ds004447,sub-006,ses-19,M1_HIGH_BETA,120,20.5408,0.17117333333333334,0.17117333333333334,0.17117333333333334,26142,117,
ds004447,sub-006,ses-19,M2_BROADBAND_HIGH_FREQUENCY,120,20.531,0.17109166666666667,0.17109166666666667,0.17109166666666667,24102,115,
ds004447,sub-006,ses-19,M3_AMPLITUDE_150,120,19.6487,0.16373916666666669,0.16373916666666669,0.16373916666666669,24046,114,
ds004447,sub-006,ses-19,M4_NFSQI_FULL_QUALITY,120,22.7303,0.18941916666666667,0.18941916666666667,0.18941916666666667,24046,101,
ds004447,sub-007,ses-01,M0_NO_GATE,120,20.0886,0.167405,0.167405,0.167405,24492,120,
ds004447,sub-007,ses-01,M1_HIGH_BETA,120,14.0677,0.11723083333333334,0.11723083333333334,0.11723083333333334,26142,106,
ds004447,sub-007,ses-01,M2_BROADBAND_HIGH_FREQUENCY,120,26.017,0.21680833333333333,0.21680833333333333,0.21680833333333333,24044,109,
ds004447,sub-007,ses-01,M3_AMPLITUDE_150,120,23.2134,0.193445,0.193445,0.193445,23988,120,
ds004447,sub-007,ses-01,M4_NFSQI_FULL_QUALITY,120,25.9085,0.21590416666666667,0.21590416666666667,0.21590416666666667,24046,97,
ds004447,sub-007,ses-19,M0_NO_GATE,120,21.0392,0.1753266666666667,0.1753266666666667,0.1753266666666667,24550,120,
ds004447,sub-007,ses-19,M1_HIGH_BETA,120,12.7927,0.10660583333333333,0.10660583333333333,0.10660583333333333,26084,107,
ds004447,sub-007,ses-19,M2_BROADBAND_HIGH_FREQUENCY,120,15.345,0.12787500000000002,0.12787500000000002,0.12787500000000002,24102,104,
ds004447,sub-007,ses-19,M3_AMPLITUDE_150,120,17.472,0.1456,0.1456,0.1456,24046,120,
ds004447,sub-007,ses-19,M4_NFSQI_FULL_QUALITY,120,28.0092,0.23341,0.23341,0.23341,23988,86,
ds004447,sub-008,ses-01,M0_NO_GATE,116,13.887,0.11971551724137931,0.11971551724137931,0.11971551724137931,24166,116,
ds004447,sub-008,ses-01,M1_HIGH_BETA,116,20.2432,0.17451034482758623,0.17451034482758623,0.17451034482758623,25758,109,
ds004447,sub-008,ses-01,M2_BROADBAND_HIGH_FREQUENCY,116,21.1219,0.1820853448275862,0.1820853448275862,0.1820853448275862,23660,67,
ds004447,sub-008,ses-01,M3_AMPLITUDE_150,116,19.6008,0.16897241379310343,0.16897241379310343,0.16897241379310343,23662,116,
ds004447,sub-008,ses-01,M4_NFSQI_FULL_QUALITY,116,17.2114,0.1483741379310345,0.1483741379310345,0.1483741379310345,23662,61,
ds004447,sub-008,ses-19,M0_NO_GATE,120,20.5804,0.17150333333333334,0.17150333333333334,0.17150333333333334,24569,120,
ds004447,sub-008,ses-19,M1_HIGH_BETA,120,26.4122,0.22010166666666667,0.22010166666666667,0.22010166666666667,26142,110,
ds004447,sub-008,ses-19,M2_BROADBAND_HIGH_FREQUENCY,120,25.4616,0.21218,0.21218,0.21218,24102,89,
ds004447,sub-008,ses-19,M3_AMPLITUDE_150,120,22.2246,0.18520499999999998,0.18520499999999998,0.18520499999999998,24046,120,
ds004447,sub-008,ses-19,M4_NFSQI_FULL_QUALITY,120,27.4291,0.2285758333333333,0.2285758333333333,0.2285758333333333,24046,68,
ds004447,sub-009,ses-01,M0_NO_GATE,118,14.3569,0.12166864406779661,0.12166864406779661,0.12166864406779661,24300,118,
ds004447,sub-009,ses-01,M1_HIGH_BETA,118,21.1379,0.17913474576271185,0.17913474576271185,0.17913474576271185,25950,117,
ds004447,sub-009,ses-01,M2_BROADBAND_HIGH_FREQUENCY,118,17.7099,0.15008389830508476,0.15008389830508476,0.15008389830508476,23910,103,
ds004447,sub-009,ses-01,M3_AMPLITUDE_150,118,14.72,0.12474576271186441,0.12474576271186441,0.12474576271186441,23796,118,
ds004447,sub-009,ses-01,M4_NFSQI_FULL_QUALITY,118,23.7244,0.2010542372881356,0.2010542372881356,0.2010542372881356,23854,69,
ds004447,sub-009,ses-19,M0_NO_GATE,120,16.789,0.13990833333333336,0.13990833333333336,0.13990833333333336,24492,120,
ds004447,sub-009,ses-19,M1_HIGH_BETA,120,18.4216,0.15351333333333333,0.15351333333333333,0.15351333333333333,26142,101,
ds004447,sub-009,ses-19,M2_BROADBAND_HIGH_FREQUENCY,120,21.7207,0.18100583333333334,0.18100583333333334,0.18100583333333334,24102,93,
ds004447,sub-009,ses-19,M3_AMPLITUDE_150,120,17.4884,0.14573666666666665,0.14573666666666665,0.14573666666666665,24046,113,
ds004447,sub-009,ses-19,M4_NFSQI_FULL_QUALITY,120,21.4277,0.1785641666666667,0.1785641666666667,0.1785641666666667,24046,87,
ds004447,sub-010,ses-01,M0_NO_GATE,116,10.4156,0.08978965517241379,0.08978965517241379,0.08978965517241379,24166,116,
ds004447,sub-010,ses-01,M1_HIGH_BETA,116,17.7764,0.1532448275862069,0.1532448275862069,0.1532448275862069,25758,101,
ds004447,sub-010,ses-01,M2_BROADBAND_HIGH_FREQUENCY,116,20.7795,0.17913362068965516,0.17913362068965516,0.17913362068965516,23660,107,
ds004447,sub-010,ses-01,M3_AMPLITUDE_150,116,18.4109,0.15871465517241382,0.15871465517241382,0.15871465517241382,23662,116,
ds004447,sub-010,ses-01,M4_NFSQI_FULL_QUALITY,116,21.5631,0.18588879310344827,0.18588879310344827,0.18588879310344827,23546,93,
ds004447,sub-010,ses-19,M0_NO_GATE,120,10.371,0.086425,0.086425,0.086425,24550,120,
ds004447,sub-010,ses-19,M1_HIGH_BETA,120,11.871,0.098925,0.098925,0.098925,26142,100,
ds004447,sub-010,ses-19,M2_BROADBAND_HIGH_FREQUENCY,120,14.5602,0.121335,0.121335,0.121335,24102,99,
ds004447,sub-010,ses-19,M3_AMPLITUDE_150,120,17.7132,0.14761,0.14761,0.14761,24046,120,
ds004447,sub-010,ses-19,M4_NFSQI_FULL_QUALITY,120,16.0869,0.1340575,0.1340575,0.1340575,24046,66,
ds004447,sub-011,ses-01,M0_NO_GATE,116,14.1416,0.12191034482758621,0.12191034482758621,0.12191034482758621,24108,116,
ds004447,sub-011,ses-01,M1_HIGH_BETA,116,17.9001,0.1543112068965517,0.1543112068965517,0.1543112068965517,25758,101,
ds004447,sub-011,ses-01,M2_BROADBAND_HIGH_FREQUENCY,116,17.7116,0.15268620689655174,0.15268620689655174,0.15268620689655174,23660,97,
ds004447,sub-011,ses-01,M3_AMPLITUDE_150,116,17.7962,0.1534155172413793,0.1534155172413793,0.1534155172413793,23662,116,
ds004447,sub-011,ses-01,M4_NFSQI_FULL_QUALITY,116,21.2179,0.18291293103448275,0.18291293103448275,0.18291293103448275,23662,68,
ds004447,sub-011,ses-19,M0_NO_GATE,120,14.4451,0.12037583333333333,0.12037583333333333,0.12037583333333333,24550,120,
ds004447,sub-011,ses-19,M1_HIGH_BETA,120,15.3556,0.12796333333333335,0.12796333333333335,0.12796333333333335,26142,116,
ds004447,sub-011,ses-19,M2_BROADBAND_HIGH_FREQUENCY,120,16.0296,0.13357999999999998,0.13357999999999998,0.13357999999999998,24102,88,
ds004447,sub-011,ses-19,M3_AMPLITUDE_150,120,14.7844,0.12320333333333333,0.12320333333333333,0.12320333333333333,23988,120,
ds004447,sub-011,ses-19,M4_NFSQI_FULL_QUALITY,120,22.2993,0.18582749999999998,0.18582749999999998,0.18582749999999998,24046,69,
ds004447,sub-012,ses-01,M0_NO_GATE,116,16.027,0.13816379310344828,0.13816379310344828,0.13816379310344828,24166,116,
ds004447,sub-012,ses-01,M1_HIGH_BETA,116,16.9444,0.14607241379310346,0.14607241379310346,0.14607241379310346,25758,112,
ds004447,sub-012,ses-01,M2_BROADBAND_HIGH_FREQUENCY,116,11.6398,0.10034310344827585,0.10034310344827585,0.10034310344827585,23660,102,
ds004447,sub-012,ses-01,M3_AMPLITUDE_150,116,15.5494,0.13404655172413793,0.13404655172413793,0.13404655172413793,23662,113,
ds004447,sub-012,ses-01,M4_NFSQI_FULL_QUALITY,116,19.5576,0.1686,0.1686,0.1686,23662,89,
ds004447,sub-012,ses-19,M0_NO_GATE,120,11.1668,0.09305666666666666,0.09305666666666666,0.09305666666666666,24492,120,
ds004447,sub-012,ses-19,M1_HIGH_BETA,120,19.0333,0.15861083333333334,0.15861083333333334,0.15861083333333334,26084,116,
ds004447,sub-012,ses-19,M2_BROADBAND_HIGH_FREQUENCY,120,15.2657,0.12721416666666668,0.12721416666666668,0.12721416666666668,24102,88,
ds004447,sub-012,ses-19,M3_AMPLITUDE_150,120,11.4763,0.09563583333333334,0.09563583333333334,0.09563583333333334,24046,120,
ds004447,sub-012,ses-19,M4_NFSQI_FULL_QUALITY,120,19.0842,0.15903499999999998,0.15903499999999998,0.15903499999999998,24046,69,
ds004447,sub-013,ses-01,M0_NO_GATE,116,15.4166,0.13290172413793105,0.13290172413793105,0.13290172413793105,24166,116,
ds004447,sub-013,ses-01,M1_HIGH_BETA,116,13.5643,0.11693362068965517,0.11693362068965517,0.11693362068965517,25758,97,
ds004447,sub-013,ses-01,M2_BROADBAND_HIGH_FREQUENCY,116,19.4521,0.16769051724137932,0.16769051724137932,0.16769051724137932,23660,101,
ds004447,sub-013,ses-01,M3_AMPLITUDE_150,116,20.8463,0.1797094827586207,0.1797094827586207,0.1797094827586207,23662,116,
ds004447,sub-013,ses-01,M4_NFSQI_FULL_QUALITY,116,26.9177,0.2320491379310345,0.2320491379310345,0.2320491379310345,23662,74,
ds004447,sub-013,ses-20,M0_NO_GATE,120,16.7329,0.13944083333333335,0.13944083333333335,0.13944083333333335,24550,120,
ds004447,sub-013,ses-20,M1_HIGH_BETA,120,16.1823,0.13485250000000001,0.13485250000000001,0.13485250000000001,26142,100,
ds004447,sub-013,ses-20,M2_BROADBAND_HIGH_FREQUENCY,120,21.8022,0.18168499999999999,0.18168499999999999,0.18168499999999999,24102,90,
ds004447,sub-013,ses-20,M3_AMPLITUDE_150,120,19.9685,0.16640416666666666,0.16640416666666666,0.16640416666666666,24046,120,
ds004447,sub-013,ses-20,M4_NFSQI_FULL_QUALITY,120,19.9762,0.16646833333333333,0.16646833333333333,0.16646833333333333,23988,66,
ds004447,sub-014,ses-01,M0_NO_GATE,116,9.8142,0.0846051724137931,0.0846051724137931,0.0846051724137931,24166,116,
ds004447,sub-014,ses-01,M1_HIGH_BETA,116,12.1426,0.10467758620689654,0.10467758620689654,0.10467758620689654,25758,106,
ds004447,sub-014,ses-01,M2_BROADBAND_HIGH_FREQUENCY,116,13.5305,0.11664224137931034,0.11664224137931034,0.11664224137931034,23718,100,
ds004447,sub-014,ses-01,M3_AMPLITUDE_150,116,11.9,0.10258620689655172,0.10258620689655172,0.10258620689655172,23662,116,
ds004447,sub-014,ses-01,M4_NFSQI_FULL_QUALITY,116,18.4846,0.15935,0.15935,0.15935,23604,81,
ds004447,sub-014,ses-19,M0_NO_GATE,120,12.396,0.1033,0.1033,0.1033,24492,120,
ds004447,sub-014,ses-19,M1_HIGH_BETA,120,16.8371,0.14030916666666665,0.14030916666666665,0.14030916666666665,26142,99,
ds004447,sub-014,ses-19,M2_BROADBAND_HIGH_FREQUENCY,120,14.757,0.122975,0.122975,0.122975,24102,91,
ds004447,sub-014,ses-19,M3_AMPLITUDE_150,120,12.7988,0.10665666666666666,0.10665666666666666,0.10665666666666666,24046,120,
ds004447,sub-014,ses-19,M4_NFSQI_FULL_QUALITY,120,19.3392,0.16116000000000003,0.16116000000000003,0.16116000000000003,24046,74,
ds004447,sub-015,ses-01,M0_NO_GATE,116,11.0908,0.09561034482758621,0.09561034482758621,0.09561034482758621,24166,116,
ds004447,sub-015,ses-01,M1_HIGH_BETA,116,16.976,0.1463448275862069,0.1463448275862069,0.1463448275862069,25758,106,
ds004447,sub-015,ses-01,M2_BROADBAND_HIGH_FREQUENCY,116,17.6122,0.1518293103448276,0.1518293103448276,0.1518293103448276,23718,102,
ds004447,sub-015,ses-01,M3_AMPLITUDE_150,116,16.7683,0.14455431034482757,0.14455431034482757,0.14455431034482757,23662,116,
ds004447,sub-015,ses-01,M4_NFSQI_FULL_QUALITY,116,26.9968,0.23273103448275861,0.23273103448275861,0.23273103448275861,23662,87,
ds004447,sub-015,ses-19,M0_NO_GATE,120,10.7795,0.08982916666666667,0.08982916666666667,0.08982916666666667,24550,120,
ds004447,sub-015,ses-19,M1_HIGH_BETA,120,17.7632,0.14802666666666667,0.14802666666666667,0.14802666666666667,26084,108,
ds004447,sub-015,ses-19,M2_BROADBAND_HIGH_FREQUENCY,120,21.7832,0.18152666666666667,0.18152666666666667,0.18152666666666667,24102,85,
ds004447,sub-015,ses-19,M3_AMPLITUDE_150,120,17.2337,0.14361416666666665,0.14361416666666665,0.14361416666666665,23988,118,
ds004447,sub-015,ses-19,M4_NFSQI_FULL_QUALITY,120,27.0841,0.22570083333333332,0.22570083333333332,0.22570083333333332,24046,70,
ds004447,sub-016,ses-01,M0_NO_GATE,116,11.6839,0.10072327586206896,0.10072327586206896,0.10072327586206896,24310,116,
ds004447,sub-016,ses-01,M1_HIGH_BETA,116,17.5887,0.15162672413793102,0.15162672413793102,0.15162672413793102,25758,106,
ds004447,sub-016,ses-01,M2_BROADBAND_HIGH_FREQUENCY,116,20.1639,0.17382672413793104,0.17382672413793104,0.17382672413793104,23718,87,
ds004447,sub-016,ses-01,M3_AMPLITUDE_150,116,17.6101,0.15181120689655173,0.15181120689655173,0.15181120689655173,23662,116,
ds004447,sub-016,ses-01,M4_NFSQI_FULL_QUALITY,116,21.8417,0.1882905172413793,0.1882905172413793,0.1882905172413793,23662,74,
ds004447,sub-016,ses-18,M0_NO_GATE,120,17.8002,0.148335,0.148335,0.148335,24550,120,
ds004447,sub-016,ses-18,M1_HIGH_BETA,120,22.5581,0.18798416666666667,0.18798416666666667,0.18798416666666667,26142,93,
ds004447,sub-016,ses-18,M2_BROADBAND_HIGH_FREQUENCY,120,21.0122,0.17510166666666666,0.17510166666666666,0.17510166666666666,24102,79,
ds004447,sub-016,ses-18,M3_AMPLITUDE_150,120,15.8977,0.13248083333333333,0.13248083333333333,0.13248083333333333,24046,120,
ds004447,sub-016,ses-18,M4_NFSQI_FULL_QUALITY,120,25.982,0.21651666666666666,0.21651666666666666,0.21651666666666666,24046,63,
ds004447,sub-017,ses-01,M0_NO_GATE,116,14.724,0.1269310344827586,0.1269310344827586,0.1269310344827586,24166,116,
ds004447,sub-017,ses-01,M1_HIGH_BETA,116,20.208,0.1742068965517241,0.1742068965517241,0.1742068965517241,26417,81,
ds004447,sub-017,ses-01,M2_BROADBAND_HIGH_FREQUENCY,116,22.5393,0.1943043103448276,0.1943043103448276,0.1943043103448276,23718,89,
ds004447,sub-017,ses-01,M3_AMPLITUDE_150,116,14.804,0.12762068965517243,0.12762068965517243,0.12762068965517243,23604,116,
ds004447,sub-017,ses-01,M4_NFSQI_FULL_QUALITY,116,26.6725,0.2299353448275862,0.2299353448275862,0.2299353448275862,23662,55,
ds004447,sub-017,ses-19,M0_NO_GATE,120,19.0642,0.15886833333333333,0.15886833333333333,0.15886833333333333,24492,120,
ds004447,sub-017,ses-19,M1_HIGH_BETA,120,19.7252,0.16437666666666667,0.16437666666666667,0.16437666666666667,26084,113,
ds004447,sub-017,ses-19,M2_BROADBAND_HIGH_FREQUENCY,120,20.8748,0.17395666666666668,0.17395666666666668,0.17395666666666668,24044,59,
ds004447,sub-017,ses-19,M3_AMPLITUDE_150,120,17.8497,0.14874749999999998,0.14874749999999998,0.14874749999999998,24046,120,
ds004447,sub-017,ses-19,M4_NFSQI_FULL_QUALITY,120,28.9104,0.24092,0.24092,0.24092,24046,42,
ds004447,sub-018,ses-01,M0_NO_GATE,116,18.2051,0.15694051724137933,0.15694051724137933,0.15694051724137933,24166,116,
ds004447,sub-018,ses-01,M1_HIGH_BETA,116,14.8429,0.12795603448275863,0.12795603448275863,0.12795603448275863,25758,92,
ds004447,sub-018,ses-01,M2_BROADBAND_HIGH_FREQUENCY,116,13.3189,0.11481810344827585,0.11481810344827585,0.11481810344827585,23718,90,
ds004447,sub-018,ses-01,M3_AMPLITUDE_150,116,16.0201,0.1381043103448276,0.1381043103448276,0.1381043103448276,23662,116,
ds004447,sub-018,ses-01,M4_NFSQI_FULL_QUALITY,116,24.2569,0.20911120689655174,0.20911120689655174,0.20911120689655174,23662,74,
ds004447,sub-018,ses-19,M0_NO_GATE,120,18.3783,0.1531525,0.1531525,0.1531525,24492,120,
ds004447,sub-018,ses-19,M1_HIGH_BETA,120,23.2639,0.19386583333333332,0.19386583333333332,0.19386583333333332,26142,114,
ds004447,sub-018,ses-19,M2_BROADBAND_HIGH_FREQUENCY,120,19.2843,0.16070250000000003,0.16070250000000003,0.16070250000000003,24102,114,
ds004447,sub-018,ses-19,M3_AMPLITUDE_150,120,18.9183,0.1576525,0.1576525,0.1576525,24046,120,
ds004447,sub-018,ses-19,M4_NFSQI_FULL_QUALITY,120,24.1047,0.2008725,0.2008725,0.2008725,24046,99,
ds004447,sub-019,ses-01,M0_NO_GATE,116,15.6808,0.13517931034482758,0.13517931034482758,0.13517931034482758,24166,116,
ds004447,sub-019,ses-01,M1_HIGH_BETA,116,19.4664,0.16781379310344827,0.16781379310344827,0.16781379310344827,25758,107,
ds004447,sub-019,ses-01,M2_BROADBAND_HIGH_FREQUENCY,116,18.9391,0.16326810344827586,0.16326810344827586,0.16326810344827586,23718,115,
ds004447,sub-019,ses-01,M3_AMPLITUDE_150,116,16.5693,0.14283879310344827,0.14283879310344827,0.14283879310344827,23662,116,
ds004447,sub-019,ses-01,M4_NFSQI_FULL_QUALITY,116,17.3103,0.14922672413793106,0.14922672413793106,0.14922672413793106,23662,98,
ds004447,sub-019,ses-19,M0_NO_GATE,120,16.0676,0.13389666666666666,0.13389666666666666,0.13389666666666666,24550,120,
ds004447,sub-019,ses-19,M1_HIGH_BETA,120,14.0229,0.1168575,0.1168575,0.1168575,26142,96,
ds004447,sub-019,ses-19,M2_BROADBAND_HIGH_FREQUENCY,120,22.5453,0.1878775,0.1878775,0.1878775,24102,87,
ds004447,sub-019,ses-19,M3_AMPLITUDE_150,120,15.1692,0.12641,0.12641,0.12641,24046,120,
ds004447,sub-019,ses-19,M4_NFSQI_FULL_QUALITY,120,20.6198,0.1718316666666667,0.1718316666666667,0.1718316666666667,24046,64,
ds004447,sub-020,ses-01,M0_NO_GATE,120,11.3724,0.09477000000000001,0.09477000000000001,0.09477000000000001,24550,120,
ds004447,sub-020,ses-01,M1_HIGH_BETA,120,16.6328,0.13860666666666666,0.13860666666666666,0.13860666666666666,26084,103,
ds004447,sub-020,ses-01,M2_BROADBAND_HIGH_FREQUENCY,120,19.9719,0.1664325,0.1664325,0.1664325,24102,101,
ds004447,sub-020,ses-01,M3_AMPLITUDE_150,120,13.7905,0.11492083333333333,0.11492083333333333,0.11492083333333333,24046,120,
ds004447,sub-020,ses-01,M4_NFSQI_FULL_QUALITY,120,20.8434,0.173695,0.173695,0.173695,24046,80,
ds004447,sub-020,ses-19,M0_NO_GATE,120,9.8302,0.08191833333333333,0.08191833333333333,0.08191833333333333,24550,120,
ds004447,sub-020,ses-19,M1_HIGH_BETA,120,15.8345,0.13195416666666668,0.13195416666666668,0.13195416666666668,26084,104,
ds004447,sub-020,ses-19,M2_BROADBAND_HIGH_FREQUENCY,120,20.1596,0.16799666666666668,0.16799666666666668,0.16799666666666668,24102,96,
ds004447,sub-020,ses-19,M3_AMPLITUDE_150,120,13.6573,0.11381083333333333,0.11381083333333333,0.11381083333333333,24046,120,
ds004447,sub-020,ses-19,M4_NFSQI_FULL_QUALITY,120,15.9793,0.13316083333333334,0.13316083333333334,0.13316083333333334,24046,70,
ds004447,sub-021,ses-01,M0_NO_GATE,120,12.2422,0.10201833333333334,0.10201833333333334,0.10201833333333334,24550,120,
ds004447,sub-021,ses-01,M1_HIGH_BETA,120,17.02,0.14183333333333334,0.14183333333333334,0.14183333333333334,26142,115,
ds004447,sub-021,ses-01,M2_BROADBAND_HIGH_FREQUENCY,120,15.8757,0.1322975,0.1322975,0.1322975,24102,110,
ds004447,sub-021,ses-01,M3_AMPLITUDE_150,120,12.8305,0.10692083333333334,0.10692083333333334,0.10692083333333334,24046,120,
ds004447,sub-021,ses-01,M4_NFSQI_FULL_QUALITY,120,20.1548,0.16795666666666667,0.16795666666666667,0.16795666666666667,24046,88,
ds004447,sub-021,ses-19,M0_NO_GATE,120,17.2983,0.14415250000000002,0.14415250000000002,0.14415250000000002,24550,120,
ds004447,sub-021,ses-19,M1_HIGH_BETA,120,16.9991,0.14165916666666664,0.14165916666666664,0.14165916666666664,26142,118,
ds004447,sub-021,ses-19,M2_BROADBAND_HIGH_FREQUENCY,120,15.3564,0.12797,0.12797,0.12797,24102,114,
ds004447,sub-021,ses-19,M3_AMPLITUDE_150,120,14.1767,0.11813916666666667,0.11813916666666667,0.11813916666666667,24046,120,
ds004447,sub-021,ses-19,M4_NFSQI_FULL_QUALITY,120,17.9488,0.1495733333333333,0.1495733333333333,0.1495733333333333,23988,111,
ds004447,sub-022,ses-01,M0_NO_GATE,120,10.3476,0.08623,0.08623,0.08623,24550,120,
ds004447,sub-022,ses-01,M1_HIGH_BETA,120,10.2464,0.08538666666666667,0.08538666666666667,0.08538666666666667,26142,93,
ds004447,sub-022,ses-01,M2_BROADBAND_HIGH_FREQUENCY,120,17.7176,0.14764666666666668,0.14764666666666668,0.14764666666666668,24044,85,
ds004447,sub-022,ses-01,M3_AMPLITUDE_150,120,15.2392,0.12699333333333335,0.12699333333333335,0.12699333333333335,23988,120,
ds004447,sub-022,ses-01,M4_NFSQI_FULL_QUALITY,120,14.3844,0.11986999999999999,0.11986999999999999,0.11986999999999999,23988,68,
ds004447,sub-022,ses-19,M0_NO_GATE,120,10.7544,0.08962,0.08962,0.08962,24550,120,
ds004447,sub-022,ses-19,M1_HIGH_BETA,120,12.0636,0.10053,0.10053,0.10053,26142,110,
ds004447,sub-022,ses-19,M2_BROADBAND_HIGH_FREQUENCY,120,12.3703,0.10308583333333333,0.10308583333333333,0.10308583333333333,24625,95,
ds004447,sub-022,ses-19,M3_AMPLITUDE_150,120,13.3233,0.1110275,0.1110275,0.1110275,24046,120,
ds004447,sub-022,ses-19,M4_NFSQI_FULL_QUALITY,120,13.6511,0.11375916666666666,0.11375916666666666,0.11375916666666666,24046,78,
ds004444,sub-001,ses-01,M5_RIEMANNIAN_POTATO,240,65.9922,0.2761558333333333,0.5888349999999999,0.7991,57383,240,0.2749675
ds004444,sub-001,ses-16,M5_RIEMANNIAN_POTATO,240,53.2252,0.2705470833333333,0.5458699999999999,1.9809,55580,240,0.2217716666666666
ds004444,sub-002,ses-01,M5_RIEMANNIAN_POTATO,240,65.5357,0.2433733333333333,0.498915,0.6983,56606,240,0.2730654166666666
ds004444,sub-002,ses-16,M5_RIEMANNIAN_POTATO,240,54.1743,0.1976020833333333,0.3783199999999999,0.6663,56534,240,0.22572625
ds004444,sub-003,ses-01,M5_RIEMANNIAN_POTATO,240,51.6762,0.2252441666666666,0.4166149999999997,0.8656,52470,240,0.2153175
ds004444,sub-003,ses-16,M5_RIEMANNIAN_POTATO,240,57.9272,0.2484383333333333,0.44994,0.7491,56606,240,0.2413633333333333
ds004444,sub-004,ses-01,M5_RIEMANNIAN_POTATO,240,49.0049,0.1886287499999999,0.3474149999999998,0.8182,56525,240,0.2041870833333333
ds004444,sub-004,ses-16,M5_RIEMANNIAN_POTATO,240,43.1817,0.1796775,0.3456099999999999,0.8117,56490,240,0.17992375
ds004444,sub-005,ses-01,M5_RIEMANNIAN_POTATO,240,51.044,0.19773,0.4285849999999999,0.6643,56582,240,0.2126833333333333
ds004444,sub-005,ses-16,M5_RIEMANNIAN_POTATO,240,49.1403,0.1908316666666666,0.3563449999999998,0.9086,51238,240,0.20475125
ds004444,sub-006,ses-01,M5_RIEMANNIAN_POTATO,240,72.284,0.2676845833333334,0.48327,0.7505,52354,240,0.3011833333333333
ds004444,sub-006,ses-16,M5_RIEMANNIAN_POTATO,240,53.8362,0.3016804166666667,0.5830699999999999,0.945,55638,240,0.2243175
ds004444,sub-007,ses-01,M5_RIEMANNIAN_POTATO,240,56.6879,0.2085720833333333,0.4294699999999998,0.7872,56606,240,0.2361995833333333
ds004444,sub-007,ses-16,M5_RIEMANNIAN_POTATO,240,49.608,0.2160633333333333,0.3948799999999999,2.7741,56524,240,0.2067
ds004444,sub-008,ses-01,M5_RIEMANNIAN_POTATO,240,50.4849,0.2189870833333333,0.4519399999999997,0.8259,56606,240,0.21035375
ds004444,sub-008,ses-16,M5_RIEMANNIAN_POTATO,240,57.5577,0.2923754166666666,0.542965,0.7507,56606,240,0.2398237499999999
ds004444,sub-009,ses-01,M5_RIEMANNIAN_POTATO,240,66.1847,0.2720195833333333,0.5367499999999995,1.1958,56606,240,0.2757695833333333
ds004444,sub-009,ses-16,M5_RIEMANNIAN_POTATO,240,46.2734,0.2003870833333333,0.3760949999999998,1.0752,55580,240,0.1928058333333333
ds004444,sub-010,ses-01,M5_RIEMANNIAN_POTATO,240,55.2685,0.2205758333333333,0.4193449999999991,0.9169,51238,240,0.2302854166666667
ds004444,sub-010,ses-16,M5_RIEMANNIAN_POTATO,240,49.8489,0.3359479166666667,0.6148449999999998,1.0648,56582,240,0.20770375
ds004444,sub-011,ses-01,M5_RIEMANNIAN_POTATO,240,45.5528,0.2098275,0.4109099999999998,1.061,50244,240,0.1898033333333333
ds004444,sub-011,ses-16,M5_RIEMANNIAN_POTATO,240,77.4325,0.3382762499999999,0.6453349999999999,0.8974,52470,240,0.3226354166666667
ds004444,sub-012,ses-01,M5_RIEMANNIAN_POTATO,240,69.681,0.3103875,0.589495,0.9263,56548,240,0.2903374999999999
ds004444,sub-012,ses-16,M5_RIEMANNIAN_POTATO,240,66.6159,0.2202233333333333,0.4080649999999998,0.7088,56606,240,0.2775662499999999
ds004444,sub-013,ses-01,M5_RIEMANNIAN_POTATO,240,70.9408,0.2075975,0.4268399999999997,0.7774,56524,240,0.2955866666666666
ds004444,sub-013,ses-16,M5_RIEMANNIAN_POTATO,240,53.6201,0.2530520833333333,0.4952549999999997,3.0885,52412,240,0.2234170833333333
ds004444,sub-014,ses-01,M5_RIEMANNIAN_POTATO,240,54.1978,0.3340395833333333,0.7123849999999997,0.9529,56606,240,0.2258241666666666
ds004444,sub-014,ses-16,M5_RIEMANNIAN_POTATO,240,59.5997,0.2599591666666667,0.5285299999999999,2.1977,55638,240,0.2483320833333333
ds004444,sub-015,ses-01,M5_RIEMANNIAN_POTATO,240,86.7693,0.3439004166666667,0.5644099999999997,0.9481,56606,240,0.36153875
ds004444,sub-015,ses-16,M5_RIEMANNIAN_POTATO,240,54.569,0.2109266666666666,0.5005499999999999,0.8007,55708,240,0.2273708333333333
ds004444,sub-016,ses-01,M5_RIEMANNIAN_POTATO,240,53.1728,0.1865308333333333,0.3603349999999993,0.9562,56606,240,0.2215533333333333
ds004444,sub-016,ses-16,M5_RIEMANNIAN_POTATO,240,46.4094,0.202875,0.385735,0.6721,53923,240,0.1933725
ds004444,sub-017,ses-01,M5_RIEMANNIAN_POTATO,240,74.9248,0.2925429166666666,0.5478499999999998,0.8798,52470,240,0.3121866666666666
ds004444,sub-017,ses-16,M5_RIEMANNIAN_POTATO,240,65.6086,0.30197625,0.5555999999999999,0.8611,56606,240,0.2733691666666666
ds004444,sub-018,ses-01,M5_RIEMANNIAN_POTATO,240,79.6493,0.2649683333333333,0.4909349999999999,1.1461,50358,240,0.3318720833333333
ds004444,sub-018,ses-16,M5_RIEMANNIAN_POTATO,240,70.0292,0.2184041666666666,0.5150849999999997,0.7345,56606,240,0.2917883333333333
ds004444,sub-019,ses-01,M5_RIEMANNIAN_POTATO,240,57.4581,0.2354533333333333,0.4029849999999998,1.3569,56606,240,0.23940875
ds004444,sub-019,ses-16,M5_RIEMANNIAN_POTATO,240,51.921,0.2503070833333333,0.4675949999999998,0.8772,56548,240,0.2163375
ds004444,sub-020,ses-01,M5_RIEMANNIAN_POTATO,240,44.3168,0.2795145833333333,0.5164299999999996,4.4832,56606,240,0.1846533333333333
ds004444,sub-020,ses-08,M5_RIEMANNIAN_POTATO,240,62.6192,0.2394187499999999,0.4982949999999999,2.2094,56534,240,0.2609133333333333
ds004444,sub-021,ses-01,M5_RIEMANNIAN_POTATO,240,54.8905,0.2739616666666666,0.4770999999999998,0.9685,51180,240,0.2287104166666666
ds004444,sub-021,ses-16,M5_RIEMANNIAN_POTATO,240,66.483,0.3409891666666667,0.6545299999999995,1.1123,55580,240,0.2770125
ds004444,sub-022,ses-01,M5_RIEMANNIAN_POTATO,240,66.9709,0.3104266666666666,0.6264149999999999,1.2967,50244,240,0.2790454166666666
ds004444,sub-022,ses-16,M5_RIEMANNIAN_POTATO,240,44.8443,0.2095875,0.4233549999999993,1.1315,56548,240,0.18685125
ds004444,sub-023,ses-01,M5_RIEMANNIAN_POTATO,240,49.2833,0.2083770833333333,0.4876449999999994,0.9636,56548,240,0.2053470833333333
ds004444,sub-023,ses-16,M5_RIEMANNIAN_POTATO,240,58.1884,0.3274333333333333,0.5722649999999994,0.8267,56606,240,0.2424516666666666
ds004444,sub-024,ses-01,M5_RIEMANNIAN_POTATO,240,53.1588,0.17828875,0.3157299999999997,0.6607,56534,240,0.221495
ds004444,sub-024,ses-16,M5_RIEMANNIAN_POTATO,240,73.2385,0.2388754166666666,0.4298699999999998,1.0301,53308,240,0.3051604166666666
ds004444,sub-025,ses-01,M5_RIEMANNIAN_POTATO,240,49.665,0.2478104166666667,0.4992249999999997,0.937,55638,240,0.2069375
ds004444,sub-025,ses-16,M5_RIEMANNIAN_POTATO,240,67.6508,0.28292625,0.5562949999999998,0.6926,51180,240,0.2818783333333333
ds004444,sub-026,ses-01,M5_RIEMANNIAN_POTATO,240,70.3464,0.28146625,0.5282849999999999,1.0358,56548,240,0.29311
ds004444,sub-026,ses-16,M5_RIEMANNIAN_POTATO,240,75.4889,0.2438091666666667,0.50297,0.9976,54130,240,0.3145370833333333
ds004444,sub-027,ses-01,M5_RIEMANNIAN_POTATO,240,42.0215,0.1647537499999999,0.2238799999999998,0.4164,56548,240,0.1750895833333333
ds004444,sub-027,ses-16,M5_RIEMANNIAN_POTATO,240,65.7381,0.2401208333333333,0.4274599999999998,0.7842,50244,240,0.27390875
ds004444,sub-028,ses-01,M5_RIEMANNIAN_POTATO,240,54.5729,0.202645,0.3836749999999998,0.5708,56524,240,0.2273870833333333
ds004444,sub-028,ses-16,M5_RIEMANNIAN_POTATO,240,50.5954,0.3052633333333333,0.5577649999999996,0.9243,56606,240,0.2108141666666666
ds004444,sub-029,ses-01,M5_RIEMANNIAN_POTATO,240,72.1368,0.2100220833333333,0.3796849999999998,0.7988,56548,240,0.3005699999999999
ds004444,sub-029,ses-16,M5_RIEMANNIAN_POTATO,240,80.4175,0.2787016666666667,0.5040549999999999,1.0799,56582,240,0.3350729166666666
ds004444,sub-030,ses-01,M5_RIEMANNIAN_POTATO,240,55.7885,0.2446766666666666,0.4644199999999998,0.7786,56582,240,0.2324520833333333
ds004444,sub-030,ses-16,M5_RIEMANNIAN_POTATO,240,48.6147,0.2149170833333333,0.4135599999999999,0.841,56582,240,0.20256125
ds004446,sub-004,ses-01,M5_RIEMANNIAN_POTATO,280,70.4169,0.2074942857142857,0.4297250000000001,0.7819,63726,280,0.2514889285714285
ds004446,sub-004,ses-08,M5_RIEMANNIAN_POTATO,280,53.4137,0.2965217857142857,0.5185250000000001,1.0779,63726,280,0.1907632142857142
ds004446,sub-005,ses-01,M5_RIEMANNIAN_POTATO,280,59.3598,0.216605,0.4294650000000001,0.9194,62886,280,0.2119992857142857
ds004446,sub-005,ses-08,M5_RIEMANNIAN_POTATO,280,49.7046,0.1997632142857142,0.3875700000000003,0.7894,58009,280,0.1775164285714285
ds004446,sub-012,ses-01,M5_RIEMANNIAN_POTATO,280,76.7384,0.31979,0.5864600000000003,0.9553,62700,280,0.2740657142857143
ds004446,sub-012,ses-08,M5_RIEMANNIAN_POTATO,280,83.3421,0.2791657142857143,0.5511,0.9231,62886,280,0.2976503571428571
ds004446,sub-013,ses-01,M5_RIEMANNIAN_POTATO,280,51.3752,0.2302275,0.4450850000000003,0.8958,63668,280,0.1834828571428571
ds004446,sub-013,ses-08,M5_RIEMANNIAN_POTATO,280,55.8755,0.2487039285714286,0.52565,0.9771,59590,280,0.1995553571428571
ds004446,sub-018,ses-01,M5_RIEMANNIAN_POTATO,280,52.0578,0.1982289285714286,0.4230300000000001,0.6804,63276,280,0.1859207142857143
ds004446,sub-018,ses-08,M5_RIEMANNIAN_POTATO,280,54.4953,0.2205732142857143,0.4358650000000001,0.6298,63596,280,0.1946260714285714
ds004447,sub-001,ses-01,M5_RIEMANNIAN_POTATO,118,40.5711,0.3364203389830509,0.6284199999999999,1.2891,33864,118,0.3438228813559322
ds004447,sub-001,ses-19,M5_RIEMANNIAN_POTATO,120,25.0856,0.26076,0.4900299999999999,0.862,33750,120,0.2090466666666666
ds004447,sub-002,ses-01,M5_RIEMANNIAN_POTATO,118,25.7156,0.1846618644067796,0.3374399999999997,0.5769,33864,118,0.217928813559322
ds004447,sub-002,ses-19,M5_RIEMANNIAN_POTATO,120,35.5809,0.1995874999999999,0.40154,0.8145,35246,120,0.2965075
ds004447,sub-003,ses-01,M5_RIEMANNIAN_POTATO,120,23.0049,0.2425533333333333,0.3894949999999999,0.6168,35198,120,0.1917075
ds004447,sub-003,ses-19,M5_RIEMANNIAN_POTATO,120,28.8545,0.2744925,0.5518049999999999,0.6825,31110,120,0.2404541666666667
ds004447,sub-004,ses-01,M5_RIEMANNIAN_POTATO,116,42.9109,0.2937724137931035,0.55225,0.9501,34476,116,0.3699215517241379
ds004447,sub-004,ses-19,M5_RIEMANNIAN_POTATO,120,32.2945,0.2380016666666667,0.4761099999999999,0.6453,35246,120,0.2691208333333333
ds004447,sub-005,ses-01,M5_RIEMANNIAN_POTATO,116,23.9428,0.1722301724137931,0.25995,0.4339,32084,116,0.206403448275862
ds004447,sub-005,ses-19,M5_RIEMANNIAN_POTATO,120,32.5376,0.2100033333333333,0.3857549999999999,0.6545,34220,120,0.2711466666666666
ds004447,sub-006,ses-01,M5_RIEMANNIAN_POTATO,116,24.8529,0.1950698275862068,0.4416,0.7057,34534,116,0.2142491379310345
ds004447,sub-006,ses-19,M5_RIEMANNIAN_POTATO,120,33.2864,0.2098375,0.39297,0.6285,34406,120,0.2773866666666666
ds004447,sub-007,ses-01,M5_RIEMANNIAN_POTATO,120,30.0574,0.2242033333333333,0.4099849999999999,0.8546,35140,120,0.2504783333333333
ds004447,sub-007,ses-19,M5_RIEMANNIAN_POTATO,120,24.3686,0.288435,0.5187899999999999,1.1646,32758,120,0.2030716666666666
ds004447,sub-008,ses-01,M5_RIEMANNIAN_POTATO,116,25.708,0.1931172413793103,0.3571999999999999,0.5051,34534,116,0.2216206896551724
ds004447,sub-008,ses-19,M5_RIEMANNIAN_POTATO,120,39.6455,0.2073741666666667,0.4057949999999997,0.7281,35246,120,0.3303791666666666
ds004447,sub-009,ses-01,M5_RIEMANNIAN_POTATO,118,41.7683,0.2652542372881356,0.5559599999999997,1.0184,34890,118,0.3539686440677966
ds004447,sub-009,ses-19,M5_RIEMANNIAN_POTATO,120,34.4756,0.3019583333333333,0.698305,0.9734,34406,120,0.2872966666666666
ds004447,sub-010,ses-01,M5_RIEMANNIAN_POTATO,116,23.3463,0.2016499999999999,0.438375,0.9381,34462,116,0.2012612068965517
ds004447,sub-010,ses-19,M5_RIEMANNIAN_POTATO,120,40.9464,0.2245116666666667,0.40164,0.6416,34406,120,0.3412199999999999
ds004447,sub-011,ses-01,M5_RIEMANNIAN_POTATO,116,22.0223,0.2734293103448276,0.472325,1.98,33566,116,0.1898474137931034
ds004447,sub-011,ses-19,M5_RIEMANNIAN_POTATO,120,32.6048,0.2340175,0.4903299999999999,1.1193,34406,120,0.2717066666666666
ds004447,sub-012,ses-01,M5_RIEMANNIAN_POTATO,116,28.6082,0.2959594827586206,0.5595,0.8056,34534,116,0.2466224137931034
ds004447,sub-012,ses-19,M5_RIEMANNIAN_POTATO,120,36.3463,0.2677091666666667,0.5919949999999999,0.8502,34278,120,0.3028858333333333
ds004447,sub-013,ses-01,M5_RIEMANNIAN_POTATO,116,26.3654,0.2349577586206896,0.43635,0.819,33566,116,0.2272879310344827
ds004447,sub-013,ses-20,M5_RIEMANNIAN_POTATO,120,35.0327,0.3273,0.5276599999999999,0.8675,35246,120,0.2919391666666666
ds004447,sub-014,ses-01,M5_RIEMANNIAN_POTATO,116,35.206,0.3099922413793102,0.5868,1.0763,34462,116,0.3035
ds004447,sub-014,ses-19,M5_RIEMANNIAN_POTATO,120,35.5193,0.2819441666666666,0.6024699999999998,0.9973,34278,120,0.2959941666666666
ds004447,sub-015,ses-01,M5_RIEMANNIAN_POTATO,116,32.536,0.3005293103448276,0.527825,0.6963,34534,116,0.2804827586206896
ds004447,sub-015,ses-19,M5_RIEMANNIAN_POTATO,120,36.4502,0.3432316666666666,0.5889549999999998,0.9578,34278,120,0.3037516666666667
ds004447,sub-016,ses-01,M5_RIEMANNIAN_POTATO,116,33.901,0.2766284482758621,0.627525,1.4491,34476,116,0.29225
ds004447,sub-016,ses-18,M5_RIEMANNIAN_POTATO,120,22.9838,0.2000799999999999,0.395715,0.7072,34220,120,0.1915316666666666
ds004447,sub-017,ses-01,M5_RIEMANNIAN_POTATO,116,35.6836,0.2030594827586206,0.39955,0.6827,30340,116,0.3076172413793103
ds004447,sub-017,ses-19,M5_RIEMANNIAN_POTATO,120,24.9924,0.1725008333333333,0.2909049999999999,0.3967,32758,120,0.20827
ds004447,sub-018,ses-01,M5_RIEMANNIAN_POTATO,116,27.0397,0.2445103448275862,0.411,0.7292,34534,116,0.2331008620689655
ds004447,sub-018,ses-19,M5_RIEMANNIAN_POTATO,120,25.6872,0.2202416666666666,0.466845,0.71,34796,120,0.21406
ds004447,sub-019,ses-01,M5_RIEMANNIAN_POTATO,116,27.4412,0.3049568965517242,0.493375,0.8854,34476,116,0.2365620689655172
ds004447,sub-019,ses-19,M5_RIEMANNIAN_POTATO,120,27.994,0.1951908333333333,0.3534799999999998,0.6554,35246,120,0.2332833333333333
ds004447,sub-020,ses-01,M5_RIEMANNIAN_POTATO,120,37.9614,0.2098841666666666,0.4130299999999999,0.755,35174,120,0.316345
ds004447,sub-020,ses-19,M5_RIEMANNIAN_POTATO,120,33.6958,0.2820825,0.523185,0.7694,28998,120,0.2807983333333333
ds004447,sub-021,ses-01,M5_RIEMANNIAN_POTATO,120,24.4133,0.2139508333333333,0.3882299999999999,0.9108,35246,120,0.2034441666666666
ds004447,sub-021,ses-19,M5_RIEMANNIAN_POTATO,120,25.9161,0.199285,0.4024849999999998,0.7078,35246,120,0.2159675
ds004447,sub-022,ses-01,M5_RIEMANNIAN_POTATO,120,38.0024,0.28202,0.5639649999999999,1.051,34406,120,0.3166866666666666
ds004447,sub-022,ses-19,M5_RIEMANNIAN_POTATO,120,32.9294,0.2494666666666666,0.460505,0.8824,34854,120,0.2744116666666666
