artifact,path,exists,entries
canonical_feature_cache,results/baseline_gate_stability/checkpoints/features,True,114
reusable_feature_cache,results/runtime_assurance_remediation/checkpoints/feature_cache,True,114
law_outputs,results/conjunctive_gate_instability,True,151
remedy_outputs,results/conjunctive_law_remedy,True,301
downstream_decoder_features,results/baseline_gate_stability/checkpoints/downstream_decoder_features,True,114
fold_definition,results/downstream_decoder_validation/fold_definition.csv,True,1
raw_edf,data/raw/openneuro,True,877
law_figure_data,results/conjunctive_gate_instability/figure_data,False,0
remedy_figure_data,results/conjunctive_law_remedy/figure_data,True,16
